Document_ID,Original_Path,Filename,Extension,File_Size,Created_Date,Modified_Date,Detected_Category,Confidence,Suggested_Destination
DOC-00001,knowledge_inbox\anzsmm\anzsmm_2018.pdf,anzsmm_2018.pdf,.pdf,38499167,2026-07-27 19:27:42,2026-07-27 19:27:42,ANZSMM,High,knowledge/sources/anzsmm/
DOC-00002,knowledge_inbox\projects\2507\horsley_drive\bulkcheck\1403 Horsley Drive Bulk Check.xlsx,1403 Horsley Drive Bulk Check.xlsx,.xlsx,88166,2026-07-27 12:55:51,2025-08-07 21:51:15,Projects,High,knowledge/sources/projects/
DOC-00003,knowledge_inbox\projects\2507\horsley_drive\checklist\1403 Horsley Drive Checklist.xlsx,1403 Horsley Drive Checklist.xlsx,.xlsx,5006727,2026-07-27 12:55:48,2025-08-20 09:24:39,Projects,High,knowledge/sources/projects/
DOC-00004,knowledge_inbox\projects\2507\horsley_drive\docs\0. Architectural Combined - All Latest Revisions.pdf,0. Architectural Combined - All Latest Revisions.pdf,.pdf,52993424,2026-07-27 12:55:56,2025-07-25 13:12:30,Projects,High,knowledge/sources/projects/
DOC-00005,knowledge_inbox\projects\2507\horsley_drive\docs\0. Civil combined.pdf,0. Civil combined.pdf,.pdf,14401161,2026-07-27 12:55:57,2025-06-30 12:20:19,Projects,High,knowledge/sources/projects/
DOC-00006,knowledge_inbox\projects\2507\horsley_drive\docs\0. Structural addendum combined.pdf,0. Structural addendum combined.pdf,.pdf,9063402,2026-07-27 12:55:57,2025-08-08 01:31:46,Projects,High,knowledge/sources/projects/
DOC-00007,knowledge_inbox\projects\2507\horsley_drive\docs\0. Structural combined.pdf,0. Structural combined.pdf,.pdf,12469884,2026-07-27 12:55:57,2025-08-08 02:53:58,Projects,High,knowledge/sources/projects/
DOC-00008,knowledge_inbox\projects\2507\horsley_drive\docs\21178-Finishes and FFE Schedule.pdf,21178-Finishes and FFE Schedule.pdf,.pdf,384765,2026-07-27 12:55:57,2025-08-07 16:56:49,Projects,High,knowledge/sources/projects/
DOC-00009,knowledge_inbox\projects\2507\horsley_drive\docs\Combined Landscape.pdf,Combined Landscape.pdf,.pdf,31964394,2026-07-27 12:55:56,2025-08-08 02:58:02,Projects,High,knowledge/sources/projects/
DOC-00010,"knowledge_inbox\projects\2507\horsley_drive\docs\tendering\5.1 - Tender form and returnable Schedule - 1403 The Horsley Dr, Wetherill Park.docx","5.1 - Tender form and returnable Schedule - 1403 The Horsley Dr, Wetherill Park.docx",.docx,52351,2026-07-27 12:56:26,2025-06-30 12:20:20,Projects,High,knowledge/sources/projects/
DOC-00011,"knowledge_inbox\projects\2507\horsley_drive\docs\tendering\5.1 - Tender form and returnable Schedule - 1403 The Horsley Dr, Wetherill Park.pdf","5.1 - Tender form and returnable Schedule - 1403 The Horsley Dr, Wetherill Park.pdf",.pdf,108832,2026-07-27 12:56:26,2025-06-30 12:20:20,Projects,High,knowledge/sources/projects/
DOC-00012,"knowledge_inbox\projects\2507\horsley_drive\docs\tendering\Appendix A - Document Register - 1403 The Horsley Dr, Wetherill Park.pdf","Appendix A - Document Register - 1403 The Horsley Dr, Wetherill Park.pdf",.pdf,73893,2026-07-27 12:56:19,2025-06-30 12:20:09,Projects,High,knowledge/sources/projects/
DOC-00013,knowledge_inbox\projects\2507\horsley_drive\docs\tendering\Appendix B- DA Conditions Matrix.pdf,Appendix B- DA Conditions Matrix.pdf,.pdf,291312,2026-07-27 12:56:19,2025-06-30 12:20:09,Projects,High,knowledge/sources/projects/
DOC-00014,"knowledge_inbox\projects\2507\horsley_drive\docs\tendering\PPR - 1403 The Horsley Dr, Wetherill Park.pdf","PPR - 1403 The Horsley Dr, Wetherill Park.pdf",.pdf,3539722,2026-07-27 12:56:19,2025-06-30 12:20:09,Projects,High,knowledge/sources/projects/
DOC-00015,knowledge_inbox\projects\2507\horsley_drive\earthwork\Design Elevation.PNG,Design Elevation.PNG,.png,157421,2026-07-27 12:55:22,2025-07-30 10:41:05,Projects,High,knowledge/sources/projects/
DOC-00016,knowledge_inbox\projects\2507\horsley_drive\earthwork\Existing Elevation.PNG,Existing Elevation.PNG,.png,135668,2026-07-27 12:55:22,2025-07-30 10:40:05,Projects,High,knowledge/sources/projects/
DOC-00017,knowledge_inbox\projects\2507\horsley_drive\earthwork\Horsely Drive Earthworks.BAK,Horsely Drive Earthworks.BAK,.bak,2417204,2026-07-27 12:55:22,2025-07-30 10:44:18,Projects,High,knowledge/sources/projects/
DOC-00018,knowledge_inbox\projects\2507\horsley_drive\earthwork\Horsely Drive Earthworks.esw,Horsely Drive Earthworks.esw,.esw,2961747,2026-07-27 12:55:21,2025-08-07 15:50:27,Projects,High,knowledge/sources/projects/
DOC-00019,knowledge_inbox\projects\2507\horsley_drive\earthwork\Horsely Drive Earthworks.xlsx,Horsely Drive Earthworks.xlsx,.xlsx,11103,2026-07-27 12:55:22,2025-08-08 03:44:42,Projects,High,knowledge/sources/projects/
DOC-00020,knowledge_inbox\projects\2507\horsley_drive\earthwork\Stripped Elevation.PNG,Stripped Elevation.PNG,.png,150412,2026-07-27 12:55:22,2025-07-30 10:40:28,Projects,High,knowledge/sources/projects/
DOC-00021,knowledge_inbox\projects\2507\horsley_drive\earthwork\Subgrade Elevation.PNG,Subgrade Elevation.PNG,.png,157896,2026-07-27 12:55:22,2025-07-30 10:41:33,Projects,High,knowledge/sources/projects/
DOC-00022,knowledge_inbox\projects\2507\horsley_drive\export\Design Elevation.PNG,Design Elevation.PNG,.png,157421,2026-07-27 12:55:28,2025-07-30 10:41:05,Projects,High,knowledge/sources/projects/
DOC-00023,knowledge_inbox\projects\2507\horsley_drive\export\Existing Elevation.PNG,Existing Elevation.PNG,.png,135668,2026-07-27 12:55:28,2025-07-30 10:40:05,Projects,High,knowledge/sources/projects/
DOC-00024,knowledge_inbox\projects\2507\horsley_drive\export\Horsely Drive Earthworks.xlsx,Horsely Drive Earthworks.xlsx,.xlsx,11103,2026-07-27 12:55:28,2025-08-08 03:44:42,Projects,High,knowledge/sources/projects/
DOC-00025,knowledge_inbox\projects\2507\horsley_drive\export\Horsley Drive - Masterfile 07082025.CBX,Horsley Drive - Masterfile 07082025.CBX,.cbx,167586299,2026-07-27 12:55:28,2025-08-08 03:50:59,Projects,High,knowledge/sources/projects/
DOC-00026,knowledge_inbox\projects\2507\horsley_drive\export\Horsley Drive - Masterfile 07082025.xlsx,Horsley Drive - Masterfile 07082025.xlsx,.xlsx,192786,2026-07-27 12:55:28,2025-08-08 03:49:46,Projects,High,knowledge/sources/projects/
DOC-00027,knowledge_inbox\projects\2507\horsley_drive\export\HORSLEY MF070825.E0X,HORSLEY MF070825.E0X,.e0x,448932,2026-07-27 12:55:28,2025-08-08 03:47:23,Projects,High,knowledge/sources/projects/
DOC-00028,knowledge_inbox\projects\2507\horsley_drive\export\Stripped Elevation.PNG,Stripped Elevation.PNG,.png,150412,2026-07-27 12:55:28,2025-07-30 10:40:28,Projects,High,knowledge/sources/projects/
DOC-00029,knowledge_inbox\projects\2507\horsley_drive\export\Subgrade Elevation.PNG,Subgrade Elevation.PNG,.png,157896,2026-07-27 12:55:28,2025-07-30 10:41:33,Projects,High,knowledge/sources/projects/
DOC-00030,knowledge_inbox\projects\2507\horsley_drive\queries\1403 Horsley Drive Queries 03072025 (SUBMITTED).docx,1403 Horsley Drive Queries 03072025 (SUBMITTED).docx,.docx,167885,2026-07-27 12:55:36,2025-07-03 15:54:13,Projects,High,knowledge/sources/projects/
DOC-00031,knowledge_inbox\projects\2507\horsley_drive\queries\1403 Horsley Drive Queries 04082025 (SUBMITTED).docx,1403 Horsley Drive Queries 04082025 (SUBMITTED).docx,.docx,1689495,2026-07-27 12:55:36,2025-08-04 23:43:54,Projects,High,knowledge/sources/projects/
DOC-00032,knowledge_inbox\projects\2507\horsley_drive\queries\1403 Horsley Drive Queries 05082025 (SUBMITTED).docx,1403 Horsley Drive Queries 05082025 (SUBMITTED).docx,.docx,387844,2026-07-27 12:55:36,2025-08-05 12:44:05,Projects,High,knowledge/sources/projects/
DOC-00033,knowledge_inbox\projects\2507\horsley_drive\queries\1403 Horsley Drive Queries 06082025 (SUBMITTED).docx,1403 Horsley Drive Queries 06082025 (SUBMITTED).docx,.docx,2463829,2026-07-27 12:55:36,2025-08-06 17:17:11,Projects,High,knowledge/sources/projects/
DOC-00034,knowledge_inbox\projects\2507\horsley_drive\queries\1403 Horsley Drive Queries 25072025  (SUBMITTED).docx,1403 Horsley Drive Queries 25072025  (SUBMITTED).docx,.docx,329847,2026-07-27 12:55:36,2025-07-25 19:30:51,Projects,High,knowledge/sources/projects/
DOC-00035,knowledge_inbox\projects\2507\horsley_drive\setup\1403 Horsley Drive Door and Window Set-Up.xlsx,1403 Horsley Drive Door and Window Set-Up.xlsx,.xlsx,1404525,2026-07-27 12:55:44,2025-08-07 12:16:53,Projects,High,knowledge/sources/projects/
DOC-00036,knowledge_inbox\projects\2507\horsley_drive\setup\1403 Horsley Drive Elemental Checklist.xlsx,1403 Horsley Drive Elemental Checklist.xlsx,.xlsx,121046,2026-07-27 12:55:44,2024-01-08 06:41:21,Projects,High,knowledge/sources/projects/
DOC-00037,knowledge_inbox\projects\2507\horsley_drive\setup\1403 Horsley Drive Excel to CostX Workbook.xlsx,1403 Horsley Drive Excel to CostX Workbook.xlsx,.xlsx,22648,2026-07-27 12:55:44,2024-11-13 08:31:21,Projects,High,knowledge/sources/projects/
DOC-00038,knowledge_inbox\projects\2507\horsley_drive\setup\1403 Horsley Drive FFE Description Set Up.xlsx,1403 Horsley Drive FFE Description Set Up.xlsx,.xlsx,385726,2026-07-27 12:55:44,2025-08-06 23:40:24,Projects,High,knowledge/sources/projects/
DOC-00039,knowledge_inbox\projects\2507\horsley_drive\setup\1403 Horsley Drive Items to Check.xlsx,1403 Horsley Drive Items to Check.xlsx,.xlsx,15688,2026-07-27 12:55:44,2025-08-07 12:39:33,Projects,High,knowledge/sources/projects/
DOC-00040,knowledge_inbox\projects\2507\horsley_drive\setup\1403 Horsley Drive Joinery Setup.xlsx,1403 Horsley Drive Joinery Setup.xlsx,.xlsx,36628,2026-07-27 12:55:44,2025-08-07 18:58:33,Projects,High,knowledge/sources/projects/
DOC-00041,knowledge_inbox\projects\2507\horsley_drive\setup\Structural Steel Program 09012024.xlsx,Structural Steel Program 09012024.xlsx,.xlsx,650717,2026-07-27 12:55:44,2025-08-06 17:05:37,Projects,High,knowledge/sources/projects/
DOC-00042,knowledge_inbox\projects\2507\pacific_highway_hornsby\bulkcheck\228-234 Pacific Hwy Hornsby Bulk Check.xlsx,228-234 Pacific Hwy Hornsby Bulk Check.xlsx,.xlsx,116086,2026-07-27 12:53:57,2025-07-31 11:52:52,Projects,High,knowledge/sources/projects/
DOC-00043,knowledge_inbox\projects\2507\pacific_highway_hornsby\checklist\228-234 Pacific Hwy Hornsby Checklist.xlsx,228-234 Pacific Hwy Hornsby Checklist.xlsx,.xlsx,2512813,2026-07-27 12:53:55,2025-08-01 14:53:54,Projects,High,knowledge/sources/projects/
DOC-00044,knowledge_inbox\projects\2507\pacific_highway_hornsby\docs\0. Architectural Combined.pdf,0. Architectural Combined.pdf,.pdf,39851963,2026-07-27 12:53:44,2025-07-15 08:08:18,Projects,High,knowledge/sources/projects/
DOC-00045,knowledge_inbox\projects\2507\pacific_highway_hornsby\docs\0. Civil Combined.pdf,0. Civil Combined.pdf,.pdf,5704169,2026-07-27 12:53:44,2025-07-30 13:18:11,Projects,High,knowledge/sources/projects/
DOC-00046,knowledge_inbox\projects\2507\pacific_highway_hornsby\docs\0. Food Services Combined.pdf,0. Food Services Combined.pdf,.pdf,4159898,2026-07-27 12:53:42,2025-07-18 18:26:30,Projects,High,knowledge/sources/projects/
DOC-00047,knowledge_inbox\projects\2507\pacific_highway_hornsby\docs\0. Laundry Combined.pdf,0. Laundry Combined.pdf,.pdf,1454202,2026-07-27 12:53:42,2025-07-18 18:25:15,Projects,High,knowledge/sources/projects/
DOC-00048,knowledge_inbox\projects\2507\pacific_highway_hornsby\docs\0. Nurse Call Combined.pdf,0. Nurse Call Combined.pdf,.pdf,4649636,2026-07-27 12:53:42,2025-07-18 18:25:55,Projects,High,knowledge/sources/projects/
DOC-00049,knowledge_inbox\projects\2507\pacific_highway_hornsby\docs\0. RCP Architectural Combined.pdf,0. RCP Architectural Combined.pdf,.pdf,1660490,2026-07-27 12:53:42,2025-07-30 11:00:33,Projects,High,knowledge/sources/projects/
DOC-00050,knowledge_inbox\projects\2507\pacific_highway_hornsby\docs\0. Structural Combined.pdf,0. Structural Combined.pdf,.pdf,70371804,2026-07-27 12:53:43,2025-07-29 10:34:47,Projects,High,knowledge/sources/projects/
DOC-00051,knowledge_inbox\projects\2507\pacific_highway_hornsby\docs\Landscape-Stamped approved plans.pdf,Landscape-Stamped approved plans.pdf,.pdf,4608012,2026-07-27 12:53:43,2025-07-30 13:19:11,Projects,High,knowledge/sources/projects/
DOC-00052,knowledge_inbox\projects\2507\pacific_highway_hornsby\docs\report\240106 Hornsby Aged Care - Part J4 Statement of Compliance J1V3 [Draft].pdf,240106 Hornsby Aged Care - Part J4 Statement of Compliance J1V3 [Draft].pdf,.pdf,8107916,2026-07-27 12:54:26,2025-07-16 06:06:14,Projects,High,knowledge/sources/projects/
DOC-00053,knowledge_inbox\projects\2507\pacific_highway_hornsby\docs\report\240106 Hornsby Aged Care_BASIX Insulation markups.pdf,240106 Hornsby Aged Care_BASIX Insulation markups.pdf,.pdf,409963,2026-07-27 12:54:26,2025-07-16 06:06:14,Projects,High,knowledge/sources/projects/
DOC-00054,knowledge_inbox\projects\2507\pacific_highway_hornsby\docs\report\240106 Hornsby Aged Care_BASIX Report.pdf,240106 Hornsby Aged Care_BASIX Report.pdf,.pdf,77854,2026-07-27 12:54:26,2025-07-16 06:06:14,Projects,High,knowledge/sources/projects/
DOC-00055,"knowledge_inbox\projects\2507\pacific_highway_hornsby\docs\report\240640_228-234 Pacific Hwy, Hornsby RAC, Acoustic Desing Breif_BW_R0.pdf","240640_228-234 Pacific Hwy, Hornsby RAC, Acoustic Desing Breif_BW_R0.pdf",.pdf,5311127,2026-07-27 12:54:31,2025-07-16 06:06:11,Projects,High,knowledge/sources/projects/
DOC-00056,knowledge_inbox\projects\2507\pacific_highway_hornsby\docs\report\250527 Waterproofing Above Ground Gap Analysis by WI.pdf,250527 Waterproofing Above Ground Gap Analysis by WI.pdf,.pdf,12441189,2026-07-27 12:54:39,2025-07-16 06:06:17,Projects,High,knowledge/sources/projects/
DOC-00057,knowledge_inbox\projects\2507\pacific_highway_hornsby\docs\report\250527 Waterproofing Preliminary Materials Specification by WI.pdf,250527 Waterproofing Preliminary Materials Specification by WI.pdf,.pdf,774747,2026-07-27 12:54:39,2025-07-16 06:06:17,Projects,High,knowledge/sources/projects/
DOC-00058,knowledge_inbox\projects\2507\pacific_highway_hornsby\docs\report\99895.01.R.001.Rev1.pdf,99895.01.R.001.Rev1.pdf,.pdf,28711249,2026-07-27 12:54:54,2025-07-16 06:06:44,Projects,High,knowledge/sources/projects/
DOC-00059,knowledge_inbox\projects\2507\pacific_highway_hornsby\docs\report\99895.03.R.001.Rev2.pdf,99895.03.R.001.Rev2.pdf,.pdf,242001,2026-07-27 12:54:20,2025-07-16 06:06:12,Projects,High,knowledge/sources/projects/
DOC-00060,knowledge_inbox\projects\2507\pacific_highway_hornsby\docs\report\Geotechnical Investigation 22.4.22.pdf,Geotechnical Investigation 22.4.22.pdf,.pdf,8315362,2026-07-27 12:54:20,2025-07-16 06:06:14,Projects,High,knowledge/sources/projects/
DOC-00061,"knowledge_inbox\projects\2507\pacific_highway_hornsby\docs\report\WIR-2751 Anthem Care - Hornsby, 228-234 Pacific Hwy - Inground Waterproofing Concept Design Report.pdf","WIR-2751 Anthem Care - Hornsby, 228-234 Pacific Hwy - Inground Waterproofing Concept Design Report.pdf",.pdf,6154837,2026-07-27 12:54:39,2025-07-16 06:06:17,Projects,High,knowledge/sources/projects/
DOC-00062,"knowledge_inbox\projects\2507\pacific_highway_hornsby\docs\tendering\HOR-Principals Project Requirements (PPR), Rev B.pdf","HOR-Principals Project Requirements (PPR), Rev B.pdf",.pdf,1966434,2026-07-27 12:55:07,2025-07-16 06:06:22,Projects,High,knowledge/sources/projects/
DOC-00063,knowledge_inbox\projects\2507\pacific_highway_hornsby\docs\tendering\HOR-RFT-228-234 Pacific Highway Hornsby (Rev B).pdf,HOR-RFT-228-234 Pacific Highway Hornsby (Rev B).pdf,.pdf,557136,2026-07-27 12:54:59,2025-07-16 06:06:22,Projects,High,knowledge/sources/projects/
DOC-00064,knowledge_inbox\projects\2507\pacific_highway_hornsby\docs\tendering\HOR-RFT-Returnable Schedules-228-234 Pacific Highway Hornsby.docx,HOR-RFT-Returnable Schedules-228-234 Pacific Highway Hornsby.docx,.docx,135314,2026-07-27 12:55:02,2025-07-16 06:06:22,Projects,High,knowledge/sources/projects/
DOC-00065,knowledge_inbox\projects\2507\pacific_highway_hornsby\earthwork\Design Elevation.PNG,Design Elevation.PNG,.png,62030,2026-07-27 12:53:22,2025-07-22 16:17:37,Projects,High,knowledge/sources/projects/
DOC-00066,knowledge_inbox\projects\2507\pacific_highway_hornsby\earthwork\Existing Elevation.PNG,Existing Elevation.PNG,.png,73970,2026-07-27 12:53:22,2025-07-22 16:17:16,Projects,High,knowledge/sources/projects/
DOC-00067,knowledge_inbox\projects\2507\pacific_highway_hornsby\earthwork\Pacific Highway - Earthworks.BAK,Pacific Highway - Earthworks.BAK,.bak,784545,2026-07-27 12:53:22,2025-07-22 16:29:39,Projects,High,knowledge/sources/projects/
DOC-00068,knowledge_inbox\projects\2507\pacific_highway_hornsby\earthwork\Pacific Highway - Earthworks.esw,Pacific Highway - Earthworks.esw,.esw,894617,2026-07-27 12:53:22,2025-07-22 17:38:27,Projects,High,knowledge/sources/projects/
DOC-00069,knowledge_inbox\projects\2507\pacific_highway_hornsby\earthwork\Pacific Highway - Earthworks.xlsx,Pacific Highway - Earthworks.xlsx,.xlsx,12665,2026-07-27 12:53:22,2025-07-22 17:38:31,Projects,High,knowledge/sources/projects/
DOC-00070,knowledge_inbox\projects\2507\pacific_highway_hornsby\earthwork\Subgrade Elevation.PNG,Subgrade Elevation.PNG,.png,61049,2026-07-27 12:53:22,2025-07-22 16:18:09,Projects,High,knowledge/sources/projects/
DOC-00071,knowledge_inbox\projects\2507\pacific_highway_hornsby\export\Design Elevation.PNG,Design Elevation.PNG,.png,62030,2026-07-27 12:53:33,2025-07-22 16:17:37,Projects,High,knowledge/sources/projects/
DOC-00072,knowledge_inbox\projects\2507\pacific_highway_hornsby\export\Existing Elevation.PNG,Existing Elevation.PNG,.png,73970,2026-07-27 12:53:30,2025-07-22 16:17:16,Projects,High,knowledge/sources/projects/
DOC-00073,knowledge_inbox\projects\2507\pacific_highway_hornsby\export\Pacific Highway - Earthworks.xlsx,Pacific Highway - Earthworks.xlsx,.xlsx,12665,2026-07-27 12:53:30,2025-07-22 17:38:31,Projects,High,knowledge/sources/projects/
DOC-00074,knowledge_inbox\projects\2507\pacific_highway_hornsby\export\Pacific Hwy Hornsby - Masterfile 31072025.CBX,Pacific Hwy Hornsby - Masterfile 31072025.CBX,.cbx,319171805,2026-07-27 12:53:30,2025-07-31 14:34:06,Projects,High,knowledge/sources/projects/
DOC-00075,knowledge_inbox\projects\2507\pacific_highway_hornsby\export\Pacific Hwy Hornsby - Masterfile 31072025.xlsx,Pacific Hwy Hornsby - Masterfile 31072025.xlsx,.xlsx,328137,2026-07-27 12:53:33,2025-07-31 14:32:16,Projects,High,knowledge/sources/projects/
DOC-00076,knowledge_inbox\projects\2507\pacific_highway_hornsby\export\Subgrade Elevation.PNG,Subgrade Elevation.PNG,.png,61049,2026-07-27 12:53:33,2025-07-22 16:18:09,Projects,High,knowledge/sources/projects/
DOC-00077,knowledge_inbox\projects\2507\pacific_highway_hornsby\queries\228-234 Pacific Hwy Hornsby Queries 16072025 (SUBMITTED).docx,228-234 Pacific Hwy Hornsby Queries 16072025 (SUBMITTED).docx,.docx,834762,2026-07-27 12:54:02,2025-07-16 23:06:27,Projects,High,knowledge/sources/projects/
DOC-00078,knowledge_inbox\projects\2507\pacific_highway_hornsby\queries\228-234 Pacific Hwy Hornsby Queries 17072025 (SUBMITTED).docx,228-234 Pacific Hwy Hornsby Queries 17072025 (SUBMITTED).docx,.docx,280481,2026-07-27 12:54:02,2025-07-18 07:52:24,Projects,High,knowledge/sources/projects/
DOC-00079,knowledge_inbox\projects\2507\pacific_highway_hornsby\queries\228-234 Pacific Hwy Hornsby Queries 18072025 (SUBMITTED).docx,228-234 Pacific Hwy Hornsby Queries 18072025 (SUBMITTED).docx,.docx,1365629,2026-07-27 12:54:02,2025-07-18 23:22:48,Projects,High,knowledge/sources/projects/
DOC-00080,knowledge_inbox\projects\2507\pacific_highway_hornsby\queries\228-234 Pacific Hwy Hornsby Queries 22072025 (SUBMITTED).docx,228-234 Pacific Hwy Hornsby Queries 22072025 (SUBMITTED).docx,.docx,417961,2026-07-27 12:54:02,2025-07-22 20:56:52,Projects,High,knowledge/sources/projects/
DOC-00081,knowledge_inbox\projects\2507\pacific_highway_hornsby\queries\228-234 Pacific Hwy Hornsby Queries 23072025 (SUBMITTED).docx,228-234 Pacific Hwy Hornsby Queries 23072025 (SUBMITTED).docx,.docx,430534,2026-07-27 12:54:02,2025-07-24 00:01:33,Projects,High,knowledge/sources/projects/
DOC-00082,knowledge_inbox\projects\2507\pacific_highway_hornsby\queries\228-234 Pacific Hwy Hornsby Queries 25072025 (SUBMITTED).docx,228-234 Pacific Hwy Hornsby Queries 25072025 (SUBMITTED).docx,.docx,603426,2026-07-27 12:54:02,2025-07-25 22:07:47,Projects,High,knowledge/sources/projects/
DOC-00083,knowledge_inbox\projects\2507\pacific_highway_hornsby\setup\228-234 Pacific Hwy Hornsby Door and Window Set-Up.xlsx,228-234 Pacific Hwy Hornsby Door and Window Set-Up.xlsx,.xlsx,1268997,2026-07-27 12:53:52,2025-07-24 13:27:02,Projects,High,knowledge/sources/projects/
DOC-00084,knowledge_inbox\projects\2507\pacific_highway_hornsby\setup\228-234 Pacific Hwy Hornsby Elemental Checklist.xlsx,228-234 Pacific Hwy Hornsby Elemental Checklist.xlsx,.xlsx,116343,2026-07-27 12:53:52,2025-06-27 08:49:15,Projects,High,knowledge/sources/projects/
DOC-00085,knowledge_inbox\projects\2507\pacific_highway_hornsby\setup\228-234 Pacific Hwy Hornsby Excel to CostX Workbook.xlsx,228-234 Pacific Hwy Hornsby Excel to CostX Workbook.xlsx,.xlsx,22648,2026-07-27 12:53:52,2024-11-13 08:31:21,Projects,High,knowledge/sources/projects/
DOC-00086,knowledge_inbox\projects\2507\pacific_highway_hornsby\setup\228-234 Pacific Hwy Hornsby FFE Description Set Up.xlsx,228-234 Pacific Hwy Hornsby FFE Description Set Up.xlsx,.xlsx,38791,2026-07-27 12:53:52,2025-07-23 23:29:24,Projects,High,knowledge/sources/projects/
DOC-00087,knowledge_inbox\projects\2507\pacific_highway_hornsby\setup\228-234 Pacific Hwy Hornsby Items to Check.xlsx,228-234 Pacific Hwy Hornsby Items to Check.xlsx,.xlsx,15614,2026-07-27 12:53:52,2024-12-05 22:31:14,Projects,High,knowledge/sources/projects/
DOC-00088,knowledge_inbox\projects\2507\pacific_highway_hornsby\setup\228-234 Pacific Hwy Hornsby Joinery Setup.xlsx,228-234 Pacific Hwy Hornsby Joinery Setup.xlsx,.xlsx,32241,2026-07-27 12:53:52,2025-07-23 15:00:26,Projects,High,knowledge/sources/projects/
DOC-00089,knowledge_inbox\projects\2507\pacific_highway_hornsby\setup\Room Types - Mark Up 23072025.pdf,Room Types - Mark Up 23072025.pdf,.pdf,39918374,2026-07-27 12:53:52,2025-07-23 17:40:39,Projects,High,knowledge/sources/projects/
DOC-00090,knowledge_inbox\projects\2507\pacific_highway_hornsby\setup\Structural Steel Program 09012024.xlsx,Structural Steel Program 09012024.xlsx,.xlsx,649335,2026-07-27 12:53:52,2025-07-14 14:47:03,Projects,High,knowledge/sources/projects/
DOC-00091,knowledge_inbox\projects\2507\waples_road_marco_polo\bulkcheck\66-70 Waples Road Bulk Check.xlsx,66-70 Waples Road Bulk Check.xlsx,.xlsx,99921,2026-07-27 12:52:12,2025-07-24 15:00:46,Projects,High,knowledge/sources/projects/
DOC-00092,knowledge_inbox\projects\2507\waples_road_marco_polo\checklist\66-70 Waples Road Checklist.xlsx,66-70 Waples Road Checklist.xlsx,.xlsx,5006575,2026-07-27 12:52:10,2025-07-21 09:39:06,Projects,High,knowledge/sources/projects/
DOC-00093,knowledge_inbox\projects\2507\waples_road_marco_polo\checklist\66-70 Waples Road Cordeaux Checklist.xlsx,66-70 Waples Road Cordeaux Checklist.xlsx,.xlsx,5006331,2026-07-27 12:52:10,2025-07-24 17:13:15,Projects,High,knowledge/sources/projects/
DOC-00094,knowledge_inbox\projects\2507\waples_road_marco_polo\docs\0. Architectural Combined.pdf,0. Architectural Combined.pdf,.pdf,33606383,2026-07-27 12:52:20,2025-07-15 15:04:57,Projects,High,knowledge/sources/projects/
DOC-00095,knowledge_inbox\projects\2507\waples_road_marco_polo\docs\0. Architectural Specifications.pdf,0. Architectural Specifications.pdf,.pdf,1142720,2026-07-27 12:52:21,2025-06-30 12:10:34,Specifications,High,knowledge/sources/specifications/
DOC-00096,knowledge_inbox\projects\2507\waples_road_marco_polo\docs\0. Civil Combined.pdf,0. Civil Combined.pdf,.pdf,14023695,2026-07-27 12:52:21,2025-07-14 07:16:02,Projects,High,knowledge/sources/projects/
DOC-00097,knowledge_inbox\projects\2507\waples_road_marco_polo\docs\0. FFE Kitchen Laundry Serveries Combined.pdf,0. FFE Kitchen Laundry Serveries Combined.pdf,.pdf,10661128,2026-07-27 12:52:20,2025-07-17 23:31:58,Projects,High,knowledge/sources/projects/
DOC-00098,knowledge_inbox\projects\2507\waples_road_marco_polo\docs\0. Landscape Combined.pdf,0. Landscape Combined.pdf,.pdf,8711850,2026-07-27 12:52:20,2025-06-30 12:10:36,Projects,High,knowledge/sources/projects/
DOC-00099,knowledge_inbox\projects\2507\waples_road_marco_polo\docs\0. Schedules Combined (Cordeaux).pdf,0. Schedules Combined (Cordeaux).pdf,.pdf,2132979,2026-07-27 12:52:20,2025-07-21 10:27:26,Projects,High,knowledge/sources/projects/
DOC-00100,knowledge_inbox\projects\2507\waples_road_marco_polo\docs\0. Schedules Combined.pdf,0. Schedules Combined.pdf,.pdf,3461880,2026-07-27 12:52:20,2025-07-10 23:14:41,Projects,High,knowledge/sources/projects/
DOC-00101,knowledge_inbox\projects\2507\waples_road_marco_polo\docs\0. Signage Combined.pdf,0. Signage Combined.pdf,.pdf,17129265,2026-07-27 12:52:20,2025-07-17 18:17:12,Projects,High,knowledge/sources/projects/
DOC-00102,knowledge_inbox\projects\2507\waples_road_marco_polo\docs\tendering\Part 1.01 - IRT MP-CL - LOI.pdf,Part 1.01 - IRT MP-CL - LOI.pdf,.pdf,131346,2026-07-27 12:52:51,2025-06-30 12:10:20,Projects,High,knowledge/sources/projects/
DOC-00103,knowledge_inbox\projects\2507\waples_road_marco_polo\docs\tendering\Part 1.02 - IRT MP-CL - Conditions of Tender.pdf,Part 1.02 - IRT MP-CL - Conditions of Tender.pdf,.pdf,277881,2026-07-27 12:52:48,2025-06-30 12:10:20,Projects,High,knowledge/sources/projects/
DOC-00104,knowledge_inbox\projects\2507\waples_road_marco_polo\docs\tendering\Part 1.03 - IRT MP-CL - Returnable Schedules.pdf,Part 1.03 - IRT MP-CL - Returnable Schedules.pdf,.pdf,458022,2026-07-27 12:52:41,2025-06-30 12:10:20,Projects,High,knowledge/sources/projects/
DOC-00105,knowledge_inbox\projects\2507\waples_road_marco_polo\docs\tendering\Part 1.03 - IRT MP-CL - Schedule of Prices.xlsx,Part 1.03 - IRT MP-CL - Schedule of Prices.xlsx,.xlsx,41901,2026-07-27 12:52:43,2025-06-30 12:10:20,Projects,High,knowledge/sources/projects/
DOC-00106,knowledge_inbox\projects\2507\waples_road_marco_polo\export\Waples Road MC and CL - Masterfile 28072025.CBX,Waples Road MC and CL - Masterfile 28072025.CBX,.cbx,217009339,2026-07-27 12:51:36,2025-07-28 21:20:27,Projects,High,knowledge/sources/projects/
DOC-00107,knowledge_inbox\projects\2507\waples_road_marco_polo\export\Waples Road MC and CL - Masterfile 28072025.xlsx,Waples Road MC and CL - Masterfile 28072025.xlsx,.xlsx,239304,2026-07-27 12:51:36,2025-07-28 21:17:48,Projects,High,knowledge/sources/projects/
DOC-00108,knowledge_inbox\projects\2507\waples_road_marco_polo\queries\66-70 Waples Road Queries 10072025 (SUBMITTED).docx,66-70 Waples Road Queries 10072025 (SUBMITTED).docx,.docx,875032,2026-07-27 12:51:54,2025-07-15 14:45:43,Projects,High,knowledge/sources/projects/
DOC-00109,knowledge_inbox\projects\2507\waples_road_marco_polo\queries\66-70 Waples Road Queries 14072025(SUBMITTED).docx,66-70 Waples Road Queries 14072025(SUBMITTED).docx,.docx,893221,2026-07-27 12:51:54,2025-07-15 06:13:38,Projects,High,knowledge/sources/projects/
DOC-00110,knowledge_inbox\projects\2507\waples_road_marco_polo\queries\66-70 Waples Road Queries 16072025 (SUBMITTED).docx,66-70 Waples Road Queries 16072025 (SUBMITTED).docx,.docx,2531408,2026-07-27 12:51:54,2025-07-16 23:52:05,Projects,High,knowledge/sources/projects/
DOC-00111,knowledge_inbox\projects\2507\waples_road_marco_polo\queries\66-70 Waples Road Queries 17072025 (SUBMITTED).docx,66-70 Waples Road Queries 17072025 (SUBMITTED).docx,.docx,418885,2026-07-27 12:51:54,2025-07-17 09:53:41,Projects,High,knowledge/sources/projects/
DOC-00112,knowledge_inbox\projects\2507\waples_road_marco_polo\queries\66-70 Waples Road Queries 22072025 (SUBMITTED).docx,66-70 Waples Road Queries 22072025 (SUBMITTED).docx,.docx,663791,2026-07-27 12:51:54,2025-07-22 23:03:02,Projects,High,knowledge/sources/projects/
DOC-00113,knowledge_inbox\projects\2507\waples_road_marco_polo\setup\66-70 Waples Road Door and Window Set-Up.updated.xlsx,66-70 Waples Road Door and Window Set-Up.updated.xlsx,.xlsx,1411641,2026-07-27 12:52:05,2025-07-15 14:48:40,Projects,High,knowledge/sources/projects/
DOC-00114,knowledge_inbox\projects\2507\waples_road_marco_polo\setup\66-70 Waples Road Door and Window Set-Up.xlsx,66-70 Waples Road Door and Window Set-Up.xlsx,.xlsx,1404924,2026-07-27 12:52:05,2025-07-14 14:49:14,Projects,High,knowledge/sources/projects/
DOC-00115,knowledge_inbox\projects\2507\waples_road_marco_polo\setup\66-70 Waples Road Elemental Checklist.xlsx,66-70 Waples Road Elemental Checklist.xlsx,.xlsx,121046,2026-07-27 12:52:05,2024-01-08 06:41:21,Projects,High,knowledge/sources/projects/
DOC-00116,knowledge_inbox\projects\2507\waples_road_marco_polo\setup\66-70 Waples Road Excel to CostX Workbook.xlsx,66-70 Waples Road Excel to CostX Workbook.xlsx,.xlsx,22648,2026-07-27 12:52:05,2024-11-13 08:31:21,Projects,High,knowledge/sources/projects/
DOC-00117,knowledge_inbox\projects\2507\waples_road_marco_polo\setup\66-70 Waples Road FFE Description Set Up - Cordeaux.xlsx,66-70 Waples Road FFE Description Set Up - Cordeaux.xlsx,.xlsx,51850,2026-07-27 12:52:05,2025-07-22 00:02:18,Projects,High,knowledge/sources/projects/
DOC-00118,knowledge_inbox\projects\2507\waples_road_marco_polo\setup\66-70 Waples Road FFE Description Set Up.xlsx,66-70 Waples Road FFE Description Set Up.xlsx,.xlsx,61903,2026-07-27 12:52:05,2025-07-17 22:30:44,Projects,High,knowledge/sources/projects/
DOC-00119,knowledge_inbox\projects\2507\waples_road_marco_polo\setup\66-70 Waples Road Items to Check.xlsx,66-70 Waples Road Items to Check.xlsx,.xlsx,20544,2026-07-27 12:52:05,2025-07-15 10:42:42,Projects,High,knowledge/sources/projects/
DOC-00120,knowledge_inbox\projects\2507\waples_road_marco_polo\setup\66-70 Waples Road Joinery Setup.xlsx,66-70 Waples Road Joinery Setup.xlsx,.xlsx,79900,2026-07-27 12:52:05,2025-07-22 10:24:53,Projects,High,knowledge/sources/projects/
DOC-00121,knowledge_inbox\projects\2507\waples_road_marco_polo\setup\Structural Steel Program 09012024.xlsx,Structural Steel Program 09012024.xlsx,.xlsx,648349,2026-07-27 12:52:05,2025-07-15 12:54:55,Projects,High,knowledge/sources/projects/
DOC-00122,knowledge_inbox\projects\2508\309_king_st_remeasure\bulkcheck\309 King St Remeasure Bulk Check - Copy.xlsx,309 King St Remeasure Bulk Check - Copy.xlsx,.xlsx,115894,2026-07-27 19:32:24,2025-08-18 14:46:22,Projects,High,knowledge/sources/projects/
DOC-00123,knowledge_inbox\projects\2508\309_king_st_remeasure\bulkcheck\309 King St Remeasure Bulk Check - Floor.xlsx,309 King St Remeasure Bulk Check - Floor.xlsx,.xlsx,222665,2026-07-27 19:32:24,2025-08-18 13:48:44,Projects,High,knowledge/sources/projects/
DOC-00124,knowledge_inbox\projects\2508\309_king_st_remeasure\bulkcheck\309 King St Remeasure Bulk Check.xlsx,309 King St Remeasure Bulk Check.xlsx,.xlsx,238152,2026-07-27 19:32:24,2025-08-18 19:12:01,Projects,High,knowledge/sources/projects/
DOC-00125,knowledge_inbox\projects\2508\309_king_st_remeasure\checklist\309 King St Remeasure Checklist.xlsx,309 King St Remeasure Checklist.xlsx,.xlsx,2253187,2026-07-27 19:32:24,2025-08-19 00:03:33,Projects,High,knowledge/sources/projects/
DOC-00126,knowledge_inbox\projects\2508\309_king_st_remeasure\docs\0. Architectural Combined.pdf,0. Architectural Combined.pdf,.pdf,115931254,2026-07-27 19:32:24,2025-08-06 08:12:17,Projects,High,knowledge/sources/projects/
DOC-00127,knowledge_inbox\projects\2508\309_king_st_remeasure\docs\0. Civil Combined.pdf,0. Civil Combined.pdf,.pdf,16745115,2026-07-27 19:32:25,2025-08-16 01:33:35,Projects,High,knowledge/sources/projects/
DOC-00128,knowledge_inbox\projects\2508\309_king_st_remeasure\docs\0. Landscape Combined.pdf,0. Landscape Combined.pdf,.pdf,43989179,2026-07-27 19:32:25,2025-08-08 12:28:24,Projects,High,knowledge/sources/projects/
DOC-00129,knowledge_inbox\projects\2508\309_king_st_remeasure\docs\0. Structural Combined.pdf,0. Structural Combined.pdf,.pdf,42781249,2026-07-27 19:32:25,2025-08-06 10:15:03,Projects,High,knowledge/sources/projects/
DOC-00130,knowledge_inbox\projects\2508\309_king_st_remeasure\docs\0. Tiling Combined.pdf,0. Tiling Combined.pdf,.pdf,14840079,2026-07-27 19:32:25,2025-08-06 08:41:26,Projects,High,knowledge/sources/projects/
DOC-00131,knowledge_inbox\projects\2508\309_king_st_remeasure\docs\1. ERA Budget 8.7.25.xlsX,1. ERA Budget 8.7.25.xlsX,.xlsx,209682,2026-07-27 19:32:25,2025-08-12 17:22:25,Projects,High,knowledge/sources/projects/
DOC-00132,knowledge_inbox\projects\2508\309_king_st_remeasure\docs\2025.05.21- Combined set- Glazing Markup.pdf,2025.05.21- Combined set- Glazing Markup.pdf,.pdf,7959349,2026-07-27 19:32:25,2025-08-14 12:02:08,Projects,High,knowledge/sources/projects/
DOC-00133,knowledge_inbox\projects\2508\309_king_st_remeasure\docs\4. ES - Structure BOQ - 8.7.25.xlsx,4. ES - Structure BOQ - 8.7.25.xlsx,.xlsx,94438,2026-07-27 19:32:25,2025-07-24 10:05:56,Projects,High,knowledge/sources/projects/
DOC-00134,knowledge_inbox\projects\2508\309_king_st_remeasure\docs\ES Reply - 309 King St Remeasure Combined Queries 13082025 .docx,ES Reply - 309 King St Remeasure Combined Queries 13082025 .docx,.docx,1744668,2026-07-27 19:32:25,2025-08-14 12:02:06,Projects,High,knowledge/sources/projects/
DOC-00135,knowledge_inbox\projects\2508\309_king_st_remeasure\export\309 King Street - Masterfile 19082025.exf,309 King Street - Masterfile 19082025.exf,.exf,98103970,2026-07-27 19:32:25,2025-08-19 18:56:41,Projects,High,knowledge/sources/projects/
DOC-00136,knowledge_inbox\projects\2508\309_king_st_remeasure\export\309 King Street - Masterfile 19082025.xlsX,309 King Street - Masterfile 19082025.xlsX,.xlsx,280153,2026-07-27 19:32:25,2025-08-19 18:57:16,Projects,High,knowledge/sources/projects/
DOC-00137,knowledge_inbox\projects\2508\309_king_st_remeasure\export\King Street Earthworks 11082025.BAK,King Street Earthworks 11082025.BAK,.bak,789158,2026-07-27 19:32:25,2025-08-15 09:06:13,Projects,High,knowledge/sources/projects/
DOC-00138,knowledge_inbox\projects\2508\309_king_st_remeasure\export\King Street Earthworks 11082025.esw,King Street Earthworks 11082025.esw,.esw,606492,2026-07-27 19:32:25,2025-08-16 01:33:40,Projects,High,knowledge/sources/projects/
DOC-00139,knowledge_inbox\projects\2508\309_king_st_remeasure\export\King Street Earthworks 11082025.xlsx,King Street Earthworks 11082025.xlsx,.xlsx,7915,2026-07-27 19:32:25,2025-08-15 10:41:48,Projects,High,knowledge/sources/projects/
DOC-00140,knowledge_inbox\projects\2508\309_king_st_remeasure\queries\309 King St Remeasure Queries 08082025 (SUBMITTED).docx,309 King St Remeasure Queries 08082025 (SUBMITTED).docx,.docx,417896,2026-07-27 19:32:25,2025-08-09 00:05:41,Projects,High,knowledge/sources/projects/
DOC-00141,knowledge_inbox\projects\2508\309_king_st_remeasure\queries\309 King St Remeasure Queries 11082025 (SUBMITTED).docx,309 King St Remeasure Queries 11082025 (SUBMITTED).docx,.docx,574833,2026-07-27 19:32:25,2025-08-11 10:49:05,Projects,High,knowledge/sources/projects/
DOC-00142,knowledge_inbox\projects\2508\309_king_st_remeasure\queries\309 King St Remeasure Queries 13082025 (SUBMITTED).docx,309 King St Remeasure Queries 13082025 (SUBMITTED).docx,.docx,557913,2026-07-27 19:32:25,2025-08-13 08:22:40,Projects,High,knowledge/sources/projects/
DOC-00143,knowledge_inbox\projects\2508\309_king_st_remeasure\queries\309 King St Remeasure Queries 15082025 (SUBMITTED).docx,309 King St Remeasure Queries 15082025 (SUBMITTED).docx,.docx,168769,2026-07-27 19:32:25,2025-08-15 09:50:01,Projects,High,knowledge/sources/projects/
DOC-00144,knowledge_inbox\projects\2508\309_king_st_remeasure\setup\309 King St Remeasure Door and Window Set-Up.xlsx,309 King St Remeasure Door and Window Set-Up.xlsx,.xlsx,1388337,2026-07-27 19:32:25,2025-05-29 07:54:50,Projects,High,knowledge/sources/projects/
DOC-00145,knowledge_inbox\projects\2508\309_king_st_remeasure\setup\309 King St Remeasure Elemental Checklist.xlsx,309 King St Remeasure Elemental Checklist.xlsx,.xlsx,121046,2026-07-27 19:32:25,2024-01-08 06:41:21,Projects,High,knowledge/sources/projects/
DOC-00146,knowledge_inbox\projects\2508\309_king_st_remeasure\setup\309 King St Remeasure Excel to CostX Workbook.xlsx,309 King St Remeasure Excel to CostX Workbook.xlsx,.xlsx,22648,2026-07-27 19:32:25,2024-11-13 08:31:21,Projects,High,knowledge/sources/projects/
DOC-00147,knowledge_inbox\projects\2508\309_king_st_remeasure\setup\309 King St Remeasure FFE Description Set Up.xlsx,309 King St Remeasure FFE Description Set Up.xlsx,.xlsx,4678544,2026-07-27 19:32:25,2025-08-08 23:36:02,Projects,High,knowledge/sources/projects/
DOC-00148,knowledge_inbox\projects\2508\309_king_st_remeasure\setup\309 King St Remeasure Items to Check.xlsx,309 King St Remeasure Items to Check.xlsx,.xlsx,15685,2026-07-27 19:32:26,2025-08-18 13:49:05,Projects,High,knowledge/sources/projects/
DOC-00149,knowledge_inbox\projects\2508\309_king_st_remeasure\setup\309 King St Remeasure Joinery Setup.xlsx,309 King St Remeasure Joinery Setup.xlsx,.xlsx,29359,2026-07-27 19:32:26,2024-08-16 08:12:42,Projects,High,knowledge/sources/projects/
DOC-00150,knowledge_inbox\projects\2508\309_king_st_remeasure\setup\309 King St Remeasure Windows Set Up.xlsx,309 King St Remeasure Windows Set Up.xlsx,.xlsx,1423855,2026-07-27 19:32:26,2025-08-15 09:58:45,Projects,High,knowledge/sources/projects/
DOC-00151,knowledge_inbox\projects\2508\309_king_st_remeasure\setup\ROOM COUNT UPDATED.xlsX,ROOM COUNT UPDATED.xlsX,.xlsx,17588,2026-07-27 19:32:26,2025-08-15 10:54:35,Projects,High,knowledge/sources/projects/
DOC-00152,knowledge_inbox\projects\2508\309_king_st_remeasure\setup\ROOM COUNT.xlsX,ROOM COUNT.xlsX,.xlsx,15529,2026-07-27 19:32:26,2025-08-14 15:40:21,Projects,High,knowledge/sources/projects/
DOC-00153,knowledge_inbox\projects\2508\309_king_st_remeasure\setup\ROOM DEMARCATION - updated.pdf,ROOM DEMARCATION - updated.pdf,.pdf,13117101,2026-07-27 19:32:26,2025-08-11 09:01:39,Projects,High,knowledge/sources/projects/
DOC-00154,knowledge_inbox\projects\2508\309_king_st_remeasure\setup\ROOM DEMARCATION.pdf,ROOM DEMARCATION.pdf,.pdf,13116841,2026-07-27 19:32:26,2025-08-08 10:27:07,Projects,High,knowledge/sources/projects/
DOC-00155,knowledge_inbox\projects\2508\309_king_st_remeasure\setup\Structural Steel Program 09012024.xlsx,Structural Steel Program 09012024.xlsx,.xlsx,648473,2026-07-27 19:32:26,2024-08-16 08:06:49,Projects,High,knowledge/sources/projects/
DOC-00156,knowledge_inbox\projects\2508\magpie_sporting_club\bulkcheck\Magpie Sporting Club Bulk Check.xlsx,Magpie Sporting Club Bulk Check.xlsx,.xlsx,103916,2026-07-27 19:32:26,2025-08-05 23:42:41,Projects,High,knowledge/sources/projects/
DOC-00157,knowledge_inbox\projects\2508\magpie_sporting_club\checklist\Magpie Sporting Club Checklist.xlsx,Magpie Sporting Club Checklist.xlsx,.xlsx,3172781,2026-07-27 19:32:26,2025-08-06 23:46:18,Projects,High,knowledge/sources/projects/
DOC-00158,knowledge_inbox\projects\2508\magpie_sporting_club\docs\0. Architectural Combined.pdf,0. Architectural Combined.pdf,.pdf,198956597,2026-07-27 19:32:26,2025-07-28 17:38:35,Projects,High,knowledge/sources/projects/
DOC-00159,knowledge_inbox\projects\2508\magpie_sporting_club\docs\0. Civil Combined.pdf,0. Civil Combined.pdf,.pdf,21588310,2026-07-27 19:32:26,2025-08-04 10:33:33,Projects,High,knowledge/sources/projects/
DOC-00160,knowledge_inbox\projects\2508\magpie_sporting_club\docs\0. Landscape combined.pdf,0. Landscape combined.pdf,.pdf,2119477,2026-07-27 19:32:27,2025-08-04 13:11:22,Projects,High,knowledge/sources/projects/
DOC-00161,knowledge_inbox\projects\2508\magpie_sporting_club\docs\0. Schedule Combined.pdf,0. Schedule Combined.pdf,.pdf,9603973,2026-07-27 19:32:27,2025-07-28 16:49:31,Projects,High,knowledge/sources/projects/
DOC-00162,knowledge_inbox\projects\2508\magpie_sporting_club\docs\0. Specification Combined.pdf,0. Specification Combined.pdf,.pdf,11911272,2026-07-27 19:32:27,2025-07-29 17:31:45,Projects,High,knowledge/sources/projects/
DOC-00163,knowledge_inbox\projects\2508\magpie_sporting_club\docs\0.Structural Combined.pdf,0.Structural Combined.pdf,.pdf,20486002,2026-07-27 19:32:27,2025-07-24 07:21:57,Projects,High,knowledge/sources/projects/
DOC-00164,knowledge_inbox\projects\2508\magpie_sporting_club\docs\A3 PC & Provisional Sums (A).pdf,A3 PC & Provisional Sums (A).pdf,.pdf,52987,2026-07-27 19:32:27,2025-07-24 07:22:02,Projects,High,knowledge/sources/projects/
DOC-00165,knowledge_inbox\projects\2508\magpie_sporting_club\docs\A4  Provisional Rates & Quantities (A).pdf,A4  Provisional Rates & Quantities (A).pdf,.pdf,58618,2026-07-27 19:32:28,2025-07-24 07:22:02,Projects,High,knowledge/sources/projects/
DOC-00166,knowledge_inbox\projects\2508\magpie_sporting_club\docs\External QS measure.xlsx,External QS measure.xlsx,.xlsx,13560,2026-07-27 19:32:28,2025-07-24 14:54:31,Projects,High,knowledge/sources/projects/
DOC-00167,knowledge_inbox\projects\2508\magpie_sporting_club\docs\Magpies Sporting Club response for Queries 01082025.docx,Magpies Sporting Club response for Queries 01082025.docx,.docx,708706,2026-07-27 19:32:28,2025-08-04 14:03:29,Projects,High,knowledge/sources/projects/
DOC-00168,knowledge_inbox\projects\2508\magpie_sporting_club\docs\Magpies Sporting Club response for Queries 30072025.docx,Magpies Sporting Club response for Queries 30072025.docx,.docx,270163,2026-07-27 19:32:28,2025-07-31 10:21:40,Projects,High,knowledge/sources/projects/
DOC-00169,knowledge_inbox\projects\2508\magpie_sporting_club\docs\report\A10 DA Decision Notice (A).pdf,A10 DA Decision Notice (A).pdf,.pdf,44658,2026-07-27 19:32:28,2025-07-24 07:22:01,Projects,High,knowledge/sources/projects/
DOC-00170,knowledge_inbox\projects\2508\magpie_sporting_club\docs\report\A10.1 DA-2024-8 - Decision Notice.pdf,A10.1 DA-2024-8 - Decision Notice.pdf,.pdf,17791964,2026-07-27 19:32:28,2025-07-24 07:22:01,Projects,High,knowledge/sources/projects/
DOC-00171,knowledge_inbox\projects\2508\magpie_sporting_club\docs\report\A11 Energy Efficiency Report (A).pdf,A11 Energy Efficiency Report (A).pdf,.pdf,21245,2026-07-27 19:32:28,2025-07-24 07:22:01,Projects,High,knowledge/sources/projects/
DOC-00172,"knowledge_inbox\projects\2508\magpie_sporting_club\docs\report\A11.1 1 Glenella Road, Glenella, QLD - AEE Energy Efficiency Report.pdf","A11.1 1 Glenella Road, Glenella, QLD - AEE Energy Efficiency Report.pdf",.pdf,17640436,2026-07-27 19:32:28,2025-07-24 07:22:01,Projects,High,knowledge/sources/projects/
DOC-00173,knowledge_inbox\projects\2508\magpie_sporting_club\docs\report\A16 - Fire Eng Letter of Suitability.pdf,A16 - Fire Eng Letter of Suitability.pdf,.pdf,1546941,2026-07-27 19:32:29,2025-07-24 07:22:01,Projects,High,knowledge/sources/projects/
DOC-00174,knowledge_inbox\projects\2508\magpie_sporting_club\docs\report\A7 Geotechnical Report (A).pdf,A7 Geotechnical Report (A).pdf,.pdf,25920,2026-07-27 19:32:29,2025-07-24 07:22:02,Projects,High,knowledge/sources/projects/
DOC-00175,knowledge_inbox\projects\2508\magpie_sporting_club\docs\report\A7.1 2024-10-21 Soil Surveys Report.pdf,A7.1 2024-10-21 Soil Surveys Report.pdf,.pdf,7645529,2026-07-27 19:32:29,2025-07-24 07:22:02,Projects,High,knowledge/sources/projects/
DOC-00176,knowledge_inbox\projects\2508\magpie_sporting_club\docs\tendering\0.1 Spec Contract Signing (A).pdf,0.1 Spec Contract Signing (A).pdf,.pdf,38657,2026-07-27 19:32:29,2025-07-24 07:21:59,Projects,High,knowledge/sources/projects/
DOC-00177,knowledge_inbox\projects\2508\magpie_sporting_club\docs\tendering\0.3 Notice to Tenderers (A).pdf,0.3 Notice to Tenderers (A).pdf,.pdf,53156,2026-07-27 19:32:29,2025-07-24 07:21:59,Projects,High,knowledge/sources/projects/
DOC-00178,knowledge_inbox\projects\2508\magpie_sporting_club\docs\tendering\0.4 Tender Form (A).pdf,0.4 Tender Form (A).pdf,.pdf,65859,2026-07-27 19:32:29,2025-07-24 07:21:59,Projects,High,knowledge/sources/projects/
DOC-00179,knowledge_inbox\projects\2508\magpie_sporting_club\docs\tendering\3.1 Civil Returnable Schedules (A).pdf,3.1 Civil Returnable Schedules (A).pdf,.pdf,85377,2026-07-27 19:32:29,2025-07-24 07:21:59,Projects,High,knowledge/sources/projects/
DOC-00180,knowledge_inbox\projects\2508\magpie_sporting_club\docs\tendering\30.2 Electrical Returnable Schedules.pdf,30.2 Electrical Returnable Schedules.pdf,.pdf,66593,2026-07-27 19:32:29,2025-07-24 07:22:00,Projects,High,knowledge/sources/projects/
DOC-00181,knowledge_inbox\projects\2508\magpie_sporting_club\docs\tendering\32.2 Hydraulic Returnable Schedules (A).pdf,32.2 Hydraulic Returnable Schedules (A).pdf,.pdf,47192,2026-07-27 19:32:29,2025-07-24 07:22:00,Projects,High,knowledge/sources/projects/
DOC-00182,knowledge_inbox\projects\2508\magpie_sporting_club\docs\tendering\33.2 GDG Returnable Schedule PDF.pdf,33.2 GDG Returnable Schedule PDF.pdf,.pdf,119736,2026-07-27 19:32:30,2025-07-24 07:22:00,Projects,High,knowledge/sources/projects/
DOC-00183,knowledge_inbox\projects\2508\magpie_sporting_club\docs\tendering\A12 Trade Breakup Summary (A).pdf,A12 Trade Breakup Summary (A).pdf,.pdf,42124,2026-07-27 19:32:30,2025-07-24 07:22:00,Projects,High,knowledge/sources/projects/
DOC-00184,knowledge_inbox\projects\2508\magpie_sporting_club\docs\tendering\A4  Provisional Rates & Quantities (A).pdf,A4  Provisional Rates & Quantities (A).pdf,.pdf,58618,2026-07-27 19:32:30,2025-07-24 07:22:00,Projects,High,knowledge/sources/projects/
DOC-00185,knowledge_inbox\projects\2508\magpie_sporting_club\earthwork\Design Elevation.PNG,Design Elevation.PNG,.png,181468,2026-07-27 19:32:30,2025-07-30 09:10:27,Projects,High,knowledge/sources/projects/
DOC-00186,knowledge_inbox\projects\2508\magpie_sporting_club\earthwork\Existing Elevation.PNG,Existing Elevation.PNG,.png,165007,2026-07-27 19:32:30,2025-07-30 09:10:04,Projects,High,knowledge/sources/projects/
DOC-00187,knowledge_inbox\projects\2508\magpie_sporting_club\earthwork\Magpie - Earthwork.BAK,Magpie - Earthwork.BAK,.bak,3090335,2026-07-27 19:32:30,2025-07-31 16:31:40,Projects,High,knowledge/sources/projects/
DOC-00188,knowledge_inbox\projects\2508\magpie_sporting_club\earthwork\Magpie - Earthwork.esw,Magpie - Earthwork.esw,.esw,3090327,2026-07-27 19:32:31,2025-07-31 16:33:08,Projects,High,knowledge/sources/projects/
DOC-00189,knowledge_inbox\projects\2508\magpie_sporting_club\earthwork\Magpie - Earthwork.xlsx,Magpie - Earthwork.xlsx,.xlsx,15014,2026-07-27 19:32:31,2025-07-31 16:40:59,Projects,High,knowledge/sources/projects/
DOC-00190,knowledge_inbox\projects\2508\magpie_sporting_club\earthwork\Subgrade Elevation.PNG,Subgrade Elevation.PNG,.png,201077,2026-07-27 19:32:31,2025-07-30 09:10:59,Projects,High,knowledge/sources/projects/
DOC-00191,knowledge_inbox\projects\2508\magpie_sporting_club\export\MAGPIE MF060825.E0X,MAGPIE MF060825.E0X,.e0x,530428,2026-07-27 19:32:32,2025-08-07 08:30:04,Projects,High,knowledge/sources/projects/
DOC-00192,knowledge_inbox\projects\2508\magpie_sporting_club\export\Magpie Sporting Club - Masterfile 06082025.CBX,Magpie Sporting Club - Masterfile 06082025.CBX,.cbx,198525092,2026-07-27 19:32:33,2025-08-06 22:08:35,Projects,High,knowledge/sources/projects/
DOC-00193,knowledge_inbox\projects\2508\magpie_sporting_club\export\Magpie Sporting Club - Masterfile 06082025.xlsx,Magpie Sporting Club - Masterfile 06082025.xlsx,.xlsx,313289,2026-07-27 19:32:39,2025-08-06 21:42:45,Projects,High,knowledge/sources/projects/
DOC-00194,knowledge_inbox\projects\2508\magpie_sporting_club\queries\Magpies Sporting Club Queries 01082025 (SUBMITTED).docx,Magpies Sporting Club Queries 01082025 (SUBMITTED).docx,.docx,707996,2026-07-27 19:32:39,2025-08-02 00:04:00,Projects,High,knowledge/sources/projects/
DOC-00195,knowledge_inbox\projects\2508\magpie_sporting_club\queries\Magpies Sporting Club Queries 30072025 (SUBMITTED).docx,Magpies Sporting Club Queries 30072025 (SUBMITTED).docx,.docx,269110,2026-07-27 19:32:39,2025-07-31 00:04:38,Projects,High,knowledge/sources/projects/
DOC-00196,knowledge_inbox\projects\2508\magpie_sporting_club\setup\Magpie REO rate computation for blockwall.xlsx,Magpie REO rate computation for blockwall.xlsx,.xlsx,11337,2026-07-27 19:32:39,2025-08-05 07:50:29,Projects,High,knowledge/sources/projects/
DOC-00197,knowledge_inbox\projects\2508\magpie_sporting_club\setup\Magpie Sporting Club Door and Window Set-Up.xlsx,Magpie Sporting Club Door and Window Set-Up.xlsx,.xlsx,1291492,2026-07-27 19:32:40,2025-08-04 13:01:15,Projects,High,knowledge/sources/projects/
DOC-00198,knowledge_inbox\projects\2508\magpie_sporting_club\setup\Magpie Sporting Club Elemental Checklist.xlsx,Magpie Sporting Club Elemental Checklist.xlsx,.xlsx,121046,2026-07-27 19:32:40,2024-01-08 06:41:21,Projects,High,knowledge/sources/projects/
DOC-00199,knowledge_inbox\projects\2508\magpie_sporting_club\setup\Magpie Sporting Club Excel to CostX Workbook.xlsx,Magpie Sporting Club Excel to CostX Workbook.xlsx,.xlsx,22648,2026-07-27 19:32:40,2024-11-13 08:31:21,Projects,High,knowledge/sources/projects/
DOC-00200,knowledge_inbox\projects\2508\magpie_sporting_club\setup\Magpie Sporting Club FFE Description Set Up.xlsx,Magpie Sporting Club FFE Description Set Up.xlsx,.xlsx,15046892,2026-07-27 19:32:40,2025-09-19 17:30:35,Projects,High,knowledge/sources/projects/
DOC-00201,knowledge_inbox\projects\2508\magpie_sporting_club\setup\Magpie Sporting Club Items to Check.xlsx,Magpie Sporting Club Items to Check.xlsx,.xlsx,20577,2026-07-27 19:32:40,2025-08-05 19:05:50,Projects,High,knowledge/sources/projects/
DOC-00202,knowledge_inbox\projects\2508\magpie_sporting_club\setup\Magpie Sporting Club Joinery Setup.xlsx,Magpie Sporting Club Joinery Setup.xlsx,.xlsx,51283,2026-07-27 19:32:40,2025-08-05 21:32:36,Projects,High,knowledge/sources/projects/
DOC-00203,knowledge_inbox\projects\2508\magpie_sporting_club\setup\Structural Steel Program 09012024.xlsx,Structural Steel Program 09012024.xlsx,.xlsx,662150,2026-07-27 19:32:40,2025-08-05 19:07:47,Projects,High,knowledge/sources/projects/
DOC-00204,knowledge_inbox\projects\2508\manning_base_hospital\bulkcheck\Manning Base Hospital Bulk Check- Doors and Roof.xlsx,Manning Base Hospital Bulk Check- Doors and Roof.xlsx,.xlsx,90876,2026-07-27 19:32:40,2025-09-02 14:47:17,Projects,High,knowledge/sources/projects/
DOC-00205,knowledge_inbox\projects\2508\manning_base_hospital\bulkcheck\Manning Base Hospital Bulk Check.xlsx,Manning Base Hospital Bulk Check.xlsx,.xlsx,120116,2026-07-27 19:32:40,2025-09-03 06:15:24,Projects,High,knowledge/sources/projects/
DOC-00206,knowledge_inbox\projects\2508\manning_base_hospital\checklist\Manning Base Hospital Addendum Checklist.xlsx,Manning Base Hospital Addendum Checklist.xlsx,.xlsx,2171519,2026-07-27 19:32:40,2025-09-16 00:37:46,Projects,High,knowledge/sources/projects/
DOC-00207,knowledge_inbox\projects\2508\manning_base_hospital\checklist\Manning Base Hospital Checklist.xlsx,Manning Base Hospital Checklist.xlsx,.xlsx,2172156,2026-07-27 19:32:41,2025-09-16 00:38:11,Projects,High,knowledge/sources/projects/
DOC-00208,knowledge_inbox\projects\2508\manning_base_hospital\docs\0. Arcadia Landscape drawings Combined.pdf,0. Arcadia Landscape drawings Combined.pdf,.pdf,16841786,2026-07-27 19:32:41,2025-08-13 13:50:29,Projects,High,knowledge/sources/projects/
DOC-00209,"knowledge_inbox\projects\2508\manning_base_hospital\docs\0. C4.3 Wayfinding, Signage and Graphics Drawings.pdf","0. C4.3 Wayfinding, Signage and Graphics Drawings.pdf",.pdf,17212254,2026-07-27 19:32:42,2025-08-22 13:38:12,Projects,High,knowledge/sources/projects/
DOC-00210,knowledge_inbox\projects\2508\manning_base_hospital\docs\0. Civil Drawings Combined.pdf,0. Civil Drawings Combined.pdf,.pdf,6354198,2026-07-27 19:32:42,2025-08-13 13:50:13,Projects,High,knowledge/sources/projects/
DOC-00211,knowledge_inbox\projects\2508\manning_base_hospital\docs\0. Client Comments Queries.pdf,0. Client Comments Queries.pdf,.pdf,1027847,2026-07-27 19:32:42,2025-09-12 08:26:56,Projects,High,knowledge/sources/projects/
DOC-00212,knowledge_inbox\projects\2508\manning_base_hospital\docs\0. Queries Combined.pdf,0. Queries Combined.pdf,.pdf,1840180,2026-07-27 19:32:42,2025-09-02 10:23:35,Projects,High,knowledge/sources/projects/
DOC-00213,knowledge_inbox\projects\2508\manning_base_hospital\docs\0. Room Layout Sheets Combined.pdf,0. Room Layout Sheets Combined.pdf,.pdf,25549875,2026-07-27 19:32:42,2025-07-25 06:14:55,Projects,High,knowledge/sources/projects/
DOC-00214,knowledge_inbox\projects\2508\manning_base_hospital\docs\0. Schedule Combined.pdf,0. Schedule Combined.pdf,.pdf,87410097,2026-07-27 19:32:43,2025-07-25 06:14:55,Projects,High,knowledge/sources/projects/
DOC-00215,knowledge_inbox\projects\2508\manning_base_hospital\docs\0. Structural Combined.pdf,0. Structural Combined.pdf,.pdf,95442881,2026-07-27 19:32:44,2025-08-18 07:56:45,Projects,High,knowledge/sources/projects/
DOC-00216,knowledge_inbox\projects\2508\manning_base_hospital\docs\Manning Base Hospital Client Queries 17092025.pdf,Manning Base Hospital Client Queries 17092025.pdf,.pdf,728989,2026-07-27 19:32:46,2025-09-17 11:28:53,Projects,High,knowledge/sources/projects/
DOC-00217,knowledge_inbox\projects\2508\manning_base_hospital\docs\Addendum 4&5\0. Addendum 04 Combined.pdf,0. Addendum 04 Combined.pdf,.pdf,48313558,2026-07-27 19:32:46,2025-09-05 08:45:34,Projects,High,knowledge/sources/projects/
DOC-00218,knowledge_inbox\projects\2508\manning_base_hospital\docs\Addendum 4&5\Adi (Sep 11) part 1.pdf,Adi (Sep 11) part 1.pdf,.pdf,482041,2026-07-27 19:32:46,2025-09-12 16:04:19,Projects,High,knowledge/sources/projects/
DOC-00219,knowledge_inbox\projects\2508\manning_base_hospital\docs\Addendum 4&5\Adi (Sep 9) part 1-4.pdf,Adi (Sep 9) part 1-4.pdf,.pdf,872743,2026-07-27 19:32:47,2025-09-10 21:35:33,Projects,High,knowledge/sources/projects/
DOC-00220,knowledge_inbox\projects\2508\manning_base_hospital\docs\Addendum 4&5\BoQ Manning Notes.pdf,BoQ Manning Notes.pdf,.pdf,269746,2026-07-27 19:32:47,2025-09-10 21:36:08,Projects,High,knowledge/sources/projects/
DOC-00221,knowledge_inbox\projects\2508\manning_base_hospital\docs\report\ARUP DD Acoustic Report.pdf,ARUP DD Acoustic Report.pdf,.pdf,46544294,2026-07-27 19:32:47,2025-08-13 13:50:29,Projects,High,knowledge/sources/projects/
DOC-00222,knowledge_inbox\projects\2508\manning_base_hospital\docs\report\Encycle OWMP.pdf,Encycle OWMP.pdf,.pdf,3088142,2026-07-27 19:32:47,2025-08-13 13:50:33,Projects,High,knowledge/sources/projects/
DOC-00223,knowledge_inbox\projects\2508\manning_base_hospital\docs\report\Encycle Waste Management Design Brief.pdf,Encycle Waste Management Design Brief.pdf,.pdf,2661644,2026-07-27 19:32:47,2025-08-13 13:50:33,Projects,High,knowledge/sources/projects/
DOC-00224,knowledge_inbox\projects\2508\manning_base_hospital\docs\report\MBH - BCA Report.pdf,MBH - BCA Report.pdf,.pdf,11244835,2026-07-27 19:32:47,2025-08-13 13:50:34,Projects,High,knowledge/sources/projects/
DOC-00225,"knowledge_inbox\projects\2508\manning_base_hospital\docs\report\B01 Existing survey drawings\2.5.1 Existing Site Survey, NSW21-0356-US-01 - Revision 01.pdf","2.5.1 Existing Site Survey, NSW21-0356-US-01 - Revision 01.pdf",.pdf,24557315,2026-07-27 19:32:47,2025-08-13 13:50:32,Projects,High,knowledge/sources/projects/
DOC-00226,knowledge_inbox\projects\2508\manning_base_hospital\docs\report\B02 Planning Documents\01. Gap analysis\4037-1057 Gap Analysis for Review of Environmental Factors V2.pdf,4037-1057 Gap Analysis for Review of Environmental Factors V2.pdf,.pdf,324256,2026-07-27 19:32:48,2025-08-13 13:50:32,Projects,High,knowledge/sources/projects/
DOC-00227,knowledge_inbox\projects\2508\manning_base_hospital\docs\report\B02 Planning Documents\02. Town planning strategy\Final Town Planning Strategy - MBH Main Works.pdf,Final Town Planning Strategy - MBH Main Works.pdf,.pdf,1747148,2026-07-27 19:32:48,2025-08-13 13:50:32,Projects,High,knowledge/sources/projects/
DOC-00228,"knowledge_inbox\projects\2508\manning_base_hospital\docs\report\B02 Planning Documents\03. HI Standard REF mitigation measures & REF guidelines\Review of Environmental Factors, Template.pdf","Review of Environmental Factors, Template.pdf",.pdf,699647,2026-07-27 19:32:48,2025-08-13 13:50:32,Projects,High,knowledge/sources/projects/
DOC-00229,knowledge_inbox\projects\2508\manning_base_hospital\docs\report\B02 Planning Documents\03. HI Standard REF mitigation measures & REF guidelines\Standard Mitigation Measures - Main REF.pdf,Standard Mitigation Measures - Main REF.pdf,.pdf,373083,2026-07-27 19:32:48,2025-08-13 13:50:32,Projects,High,knowledge/sources/projects/
DOC-00230,knowledge_inbox\projects\2508\manning_base_hospital\docs\tendering\3. HI25398_Tender Schedules.docx,3. HI25398_Tender Schedules.docx,.docx,224881,2026-07-27 19:32:48,2025-08-12 23:08:42,Projects,High,knowledge/sources/projects/
DOC-00231,knowledge_inbox\projects\2508\manning_base_hospital\earthwork\1. Existing Elevation.PNG,1. Existing Elevation.PNG,.png,70908,2026-07-27 19:32:48,2025-09-15 21:02:05,Projects,High,knowledge/sources/projects/
DOC-00232,knowledge_inbox\projects\2508\manning_base_hospital\earthwork\2. Design Elevation.PNG,2. Design Elevation.PNG,.png,112933,2026-07-27 19:32:48,2025-09-15 21:02:33,Projects,High,knowledge/sources/projects/
DOC-00233,knowledge_inbox\projects\2508\manning_base_hospital\earthwork\3. Main Works Subgrade Elevation.PNG,3. Main Works Subgrade Elevation.PNG,.png,92878,2026-07-27 19:32:48,2025-09-15 21:03:21,Projects,High,knowledge/sources/projects/
DOC-00234,knowledge_inbox\projects\2508\manning_base_hospital\earthwork\4. Loading Dock Subgrade Elevation.PNG,4. Loading Dock Subgrade Elevation.PNG,.png,54683,2026-07-27 19:32:48,2025-09-15 21:05:56,Projects,High,knowledge/sources/projects/
DOC-00235,knowledge_inbox\projects\2508\manning_base_hospital\earthwork\Manning Base Hospital Earthworks.BAK,Manning Base Hospital Earthworks.BAK,.bak,1887566,2026-07-27 19:32:48,2025-09-15 21:53:55,Projects,High,knowledge/sources/projects/
DOC-00236,knowledge_inbox\projects\2508\manning_base_hospital\earthwork\Manning Base Hospital Earthworks.esw,Manning Base Hospital Earthworks.esw,.esw,1887566,2026-07-27 19:32:48,2025-09-15 21:54:00,Projects,High,knowledge/sources/projects/
DOC-00237,knowledge_inbox\projects\2508\manning_base_hospital\earthwork\Manning Base Hospital Loading Dock Earthworks.xlsx,Manning Base Hospital Loading Dock Earthworks.xlsx,.xlsx,9881,2026-07-27 19:32:48,2025-09-15 21:17:49,Projects,High,knowledge/sources/projects/
DOC-00238,knowledge_inbox\projects\2508\manning_base_hospital\earthwork\Manning Base Hospital Main Works Earthworks.xlsx,Manning Base Hospital Main Works Earthworks.xlsx,.xlsx,9881,2026-07-27 19:32:48,2025-09-15 21:15:59,Projects,High,knowledge/sources/projects/
DOC-00239,knowledge_inbox\projects\2508\manning_base_hospital\earthwork\Manning Base Hospital Spine Earthworks.xlsx,Manning Base Hospital Spine Earthworks.xlsx,.xlsx,9877,2026-07-27 19:32:49,2025-09-15 21:19:36,Projects,High,knowledge/sources/projects/
DOC-00240,knowledge_inbox\projects\2508\manning_base_hospital\export\Manning Base Hospital - Add Omit 05112025.xlsX,Manning Base Hospital - Add Omit 05112025.xlsX,.xlsx,8434,2026-07-27 19:32:49,2025-11-05 13:05:52,Projects,High,knowledge/sources/projects/
DOC-00241,knowledge_inbox\projects\2508\manning_base_hospital\export\Manning Base Hospital - Addendum 05112025.exf,Manning Base Hospital - Addendum 05112025.exf,.exf,256743552,2026-07-27 19:32:49,2025-11-05 13:15:32,Projects,High,knowledge/sources/projects/
DOC-00242,knowledge_inbox\projects\2508\manning_base_hospital\export\Manning Base Hospital - Masterfile 16092025.R2.exf,Manning Base Hospital - Masterfile 16092025.R2.exf,.exf,259133200,2026-07-27 19:32:57,2025-09-16 10:24:28,Projects,High,knowledge/sources/projects/
DOC-00243,knowledge_inbox\projects\2508\manning_base_hospital\export\Manning Base Hospital - Masterfile 16092025.R2.xlsX,Manning Base Hospital - Masterfile 16092025.R2.xlsX,.xlsx,282560,2026-07-27 19:33:03,2025-09-16 10:26:03,Projects,High,knowledge/sources/projects/
DOC-00244,knowledge_inbox\projects\2508\manning_base_hospital\export\Manning Base Hospital Workbook Sample.exf,Manning Base Hospital Workbook Sample.exf,.exf,378209,2026-07-27 19:33:03,2025-08-20 15:30:48,Projects,High,knowledge/sources/projects/
DOC-00245,knowledge_inbox\projects\2508\manning_base_hospital\export\Manning Base Hospital Workbook.xlsX,Manning Base Hospital Workbook.xlsX,.xlsx,63187,2026-07-27 19:33:03,2025-08-20 15:31:08,Projects,High,knowledge/sources/projects/
DOC-00246,knowledge_inbox\projects\2508\manning_base_hospital\queries\Manning Base Hospital Client Queries 17092025.docx,Manning Base Hospital Client Queries 17092025.docx,.docx,469037,2026-07-27 19:33:04,2025-09-17 17:25:11,Projects,High,knowledge/sources/projects/
DOC-00247,knowledge_inbox\projects\2508\manning_base_hospital\queries\Manning Base Hospital Queries 18082025 (SUBMITTED).docx,Manning Base Hospital Queries 18082025 (SUBMITTED).docx,.docx,324645,2026-07-27 19:33:04,2025-08-18 10:15:39,Projects,High,knowledge/sources/projects/
DOC-00248,knowledge_inbox\projects\2508\manning_base_hospital\queries\Manning Base Hospital Queries 20082025 (SUBMITTED).docx,Manning Base Hospital Queries 20082025 (SUBMITTED).docx,.docx,264492,2026-07-27 19:33:05,2025-08-20 07:31:17,Projects,High,knowledge/sources/projects/
DOC-00249,knowledge_inbox\projects\2508\manning_base_hospital\queries\Manning Base Hospital Queries 21082025 (SUBMITTED).docx,Manning Base Hospital Queries 21082025 (SUBMITTED).docx,.docx,217862,2026-07-27 19:33:05,2025-08-21 17:02:18,Projects,High,knowledge/sources/projects/
DOC-00250,knowledge_inbox\projects\2508\manning_base_hospital\queries\Manning Base Hospital Queries 22082025 (SUBMITTED).docx,Manning Base Hospital Queries 22082025 (SUBMITTED).docx,.docx,464291,2026-07-27 19:33:05,2025-08-22 16:27:37,Projects,High,knowledge/sources/projects/
DOC-00251,knowledge_inbox\projects\2508\manning_base_hospital\queries\Manning Base Hospital Queries 26082025 (SUBMITTED).docx,Manning Base Hospital Queries 26082025 (SUBMITTED).docx,.docx,806871,2026-07-27 19:33:05,2025-08-26 08:25:55,Projects,High,knowledge/sources/projects/
DOC-00252,knowledge_inbox\projects\2508\manning_base_hospital\queries\Manning Base Hospital Queries 27082025 (SUBMITTED).docx,Manning Base Hospital Queries 27082025 (SUBMITTED).docx,.docx,1642392,2026-07-27 19:33:05,2025-08-27 14:39:56,Projects,High,knowledge/sources/projects/
DOC-00253,knowledge_inbox\projects\2508\manning_base_hospital\queries\Manning Base Hospital Queries 28082025 (SUBMITTED).docx,Manning Base Hospital Queries 28082025 (SUBMITTED).docx,.docx,1199836,2026-07-27 19:33:05,2025-08-28 20:26:21,Projects,High,knowledge/sources/projects/
DOC-00254,knowledge_inbox\projects\2508\manning_base_hospital\setup\Doors.xlsX,Doors.xlsX,.xlsx,33545,2026-07-27 19:33:05,2025-08-29 23:28:53,Projects,High,knowledge/sources/projects/
DOC-00255,knowledge_inbox\projects\2508\manning_base_hospital\setup\Manning Base Hospital Door and Window Set-Up.xlsx,Manning Base Hospital Door and Window Set-Up.xlsx,.xlsx,1399465,2026-07-27 19:33:05,2025-08-19 14:52:49,Projects,High,knowledge/sources/projects/
DOC-00256,knowledge_inbox\projects\2508\manning_base_hospital\setup\Manning Base Hospital Doors Setup.xlsx,Manning Base Hospital Doors Setup.xlsx,.xlsx,202661,2026-07-27 19:33:05,2025-11-19 23:13:06,Projects,High,knowledge/sources/projects/
DOC-00257,knowledge_inbox\projects\2508\manning_base_hospital\setup\Manning Base Hospital Elemental Checklist.xlsx,Manning Base Hospital Elemental Checklist.xlsx,.xlsx,116292,2026-07-27 19:33:05,2025-07-25 06:30:57,Projects,High,knowledge/sources/projects/
DOC-00258,knowledge_inbox\projects\2508\manning_base_hospital\setup\Manning Base Hospital Excel to CostX Workbook.xlsx,Manning Base Hospital Excel to CostX Workbook.xlsx,.xlsx,22648,2026-07-27 19:33:05,2024-11-13 08:31:21,Projects,High,knowledge/sources/projects/
DOC-00259,knowledge_inbox\projects\2508\manning_base_hospital\setup\Manning Base Hospital FFE Description Set Up - BVN-AR-01-55Y XX-01-XLS4 .xlsx,Manning Base Hospital FFE Description Set Up - BVN-AR-01-55Y XX-01-XLS4 .xlsx,.xlsx,4881457,2026-07-27 19:33:05,2025-09-11 17:20:29,Projects,High,knowledge/sources/projects/
DOC-00260,knowledge_inbox\projects\2508\manning_base_hospital\setup\Manning Base Hospital FFE Description Set Up.xlsx,Manning Base Hospital FFE Description Set Up.xlsx,.xlsx,156606,2026-07-27 19:33:05,2025-08-27 22:57:12,Projects,High,knowledge/sources/projects/
DOC-00261,knowledge_inbox\projects\2508\manning_base_hospital\setup\Manning Base Hospital FFE Workbook.xlsx,Manning Base Hospital FFE Workbook.xlsx,.xlsx,153421,2026-07-27 19:33:05,2025-08-28 17:22:42,Projects,High,knowledge/sources/projects/
DOC-00262,knowledge_inbox\projects\2508\manning_base_hospital\setup\Manning Base Hospital Items to Check.xlsx,Manning Base Hospital Items to Check.xlsx,.xlsx,15702,2026-07-27 19:33:05,2025-09-01 14:08:11,Projects,High,knowledge/sources/projects/
DOC-00263,knowledge_inbox\projects\2508\manning_base_hospital\setup\Manning Base Hospital Joinery Setup - BVN-AR-01-55Y XX-01-XLS(4).xlsx,Manning Base Hospital Joinery Setup - BVN-AR-01-55Y XX-01-XLS(4).xlsx,.xlsx,8896007,2026-07-27 19:33:05,2025-08-29 15:55:19,Projects,High,knowledge/sources/projects/
DOC-00264,knowledge_inbox\projects\2508\manning_base_hospital\setup\Manning Base Hospital Joinery Setup.xlsx,Manning Base Hospital Joinery Setup.xlsx,.xlsx,296986,2026-07-27 19:33:05,2025-08-29 15:12:56,Projects,High,knowledge/sources/projects/
DOC-00265,knowledge_inbox\projects\2508\manning_base_hospital\setup\Manning Base Hospital updated Checklist.xlsx,Manning Base Hospital updated Checklist.xlsx,.xlsx,2171522,2026-07-27 19:33:05,2025-08-18 11:59:03,Projects,High,knowledge/sources/projects/
DOC-00266,knowledge_inbox\projects\2508\manning_base_hospital\setup\Structural Steel Program 09012024.xlsx,Structural Steel Program 09012024.xlsx,.xlsx,648821,2026-07-27 19:33:05,2025-08-19 07:18:10,Projects,High,knowledge/sources/projects/
DOC-00267,knowledge_inbox\projects\2508\manning_base_hospital\setup\UPDATED ver 2.0 Manning Hospital Demarcation.pdf,UPDATED ver 2.0 Manning Hospital Demarcation.pdf,.pdf,8222858,2026-07-27 19:33:05,2025-08-21 12:00:36,Projects,High,knowledge/sources/projects/
DOC-00268,knowledge_inbox\projects\2508\manning_base_hospital\setup\Windows.xlsX,Windows.xlsX,.xlsx,24340,2026-07-27 19:33:05,2025-08-29 23:28:48,Projects,High,knowledge/sources/projects/
DOC-00269,knowledge_inbox\projects\2509\carl_street\bulkcheck\Carl Street Apartment Bulk Check.xlsx,Carl Street Apartment Bulk Check.xlsx,.xlsx,85472,2026-07-27 12:23:21,2024-06-17 21:03:00,Projects,High,knowledge/sources/projects/
DOC-00270,knowledge_inbox\projects\2509\carl_street\checklist\Carl Street Apartment Checklist.xlsx,Carl Street Apartment Checklist.xlsx,.xlsx,482389,2026-07-27 12:23:25,2025-12-02 14:52:18,Projects,High,knowledge/sources/projects/
DOC-00271,knowledge_inbox\projects\2509\carl_street\docs\0. Structural Combined.pdf,0. Structural Combined.pdf,.pdf,38620463,2026-07-27 12:23:48,2025-09-05 15:37:53,Projects,High,knowledge/sources/projects/
DOC-00272,knowledge_inbox\projects\2509\carl_street\export\Carl Street Apartments - Reinforcements 19122025.xlsX,Carl Street Apartments - Reinforcements 19122025.xlsX,.xlsx,22943,2026-07-27 12:21:29,2025-12-19 14:59:20,Projects,High,knowledge/sources/projects/
DOC-00273,knowledge_inbox\projects\2509\carl_street\export\Carl Street Apartments - Reinforcements 24092025.exf,Carl Street Apartments - Reinforcements 24092025.exf,.exf,8255239,2026-07-27 12:21:29,2025-09-24 13:38:05,Projects,High,knowledge/sources/projects/
DOC-00274,knowledge_inbox\projects\2509\carl_street\export\Carl Street Apartments - Reinforcements 24092025.xlsX,Carl Street Apartments - Reinforcements 24092025.xlsX,.xlsx,14407,2026-07-27 12:21:29,2025-09-24 13:37:26,Projects,High,knowledge/sources/projects/
DOC-00275,knowledge_inbox\projects\2509\carl_street\setup\Carl Street Apartment Door and Window Set-Up Template.trial_2025.xlsx,Carl Street Apartment Door and Window Set-Up Template.trial_2025.xlsx,.xlsx,1389083,2026-07-27 12:23:34,2025-09-02 15:03:18,Projects,High,knowledge/sources/projects/
DOC-00276,knowledge_inbox\projects\2509\carl_street\setup\Carl Street Apartment Door and Window Set-Up.xlsx,Carl Street Apartment Door and Window Set-Up.xlsx,.xlsx,1388337,2026-07-27 12:23:34,2025-05-29 07:54:50,Projects,High,knowledge/sources/projects/
DOC-00277,knowledge_inbox\projects\2509\carl_street\setup\Carl Street Apartment Elemental Checklist.xlsx,Carl Street Apartment Elemental Checklist.xlsx,.xlsx,116221,2026-07-27 12:23:34,2025-07-25 08:42:52,Projects,High,knowledge/sources/projects/
DOC-00278,knowledge_inbox\projects\2509\carl_street\setup\Carl Street Apartment Excel to CostX Workbook Template.xlsx,Carl Street Apartment Excel to CostX Workbook Template.xlsx,.xlsx,22648,2026-07-27 12:23:34,2024-11-13 08:31:21,Projects,High,knowledge/sources/projects/
DOC-00279,knowledge_inbox\projects\2509\carl_street\setup\Carl Street Apartment FFE Description Set Up.xlsx,Carl Street Apartment FFE Description Set Up.xlsx,.xlsx,26619,2026-07-27 12:23:34,2025-03-03 15:18:23,Projects,High,knowledge/sources/projects/
DOC-00280,knowledge_inbox\projects\2509\carl_street\setup\Carl Street Apartment Items to Check.xlsx,Carl Street Apartment Items to Check.xlsx,.xlsx,15614,2026-07-27 12:23:34,2024-12-05 22:31:14,Projects,High,knowledge/sources/projects/
DOC-00281,knowledge_inbox\projects\2509\carl_street\setup\Carl Street Apartment Joinery Setup.xlsx,Carl Street Apartment Joinery Setup.xlsx,.xlsx,29359,2026-07-27 12:23:34,2024-08-16 08:12:42,Projects,High,knowledge/sources/projects/
DOC-00282,knowledge_inbox\projects\2509\carl_street\setup\Structural Steel Program 09012024.xlsx,Structural Steel Program 09012024.xlsx,.xlsx,648473,2026-07-27 12:23:34,2024-08-16 08:06:49,Projects,High,knowledge/sources/projects/
DOC-00283,knowledge_inbox\projects\2509\cranbrook\bulkcheck\Cranbrook Bulk Check.xlsx,Cranbrook Bulk Check.xlsx,.xlsx,103542,2026-07-27 12:24:36,2025-09-25 15:30:16,Projects,High,knowledge/sources/projects/
DOC-00284,knowledge_inbox\projects\2509\cranbrook\checklist\Cranbrook Checklist.xlsx,Cranbrook Checklist.xlsx,.xlsx,897576,2026-07-27 12:24:40,2025-09-26 00:03:03,Projects,High,knowledge/sources/projects/
DOC-00285,knowledge_inbox\projects\2509\cranbrook\docs\0. Architectural Combined - Carter Building.pdf,0. Architectural Combined - Carter Building.pdf,.pdf,8842238,2026-07-27 12:24:49,2025-09-19 22:17:03,Projects,High,knowledge/sources/projects/
DOC-00286,knowledge_inbox\projects\2509\cranbrook\docs\0. Architectural Combined - Furber Building.pdf,0. Architectural Combined - Furber Building.pdf,.pdf,19050086,2026-07-27 12:24:49,2025-09-19 22:21:16,Projects,High,knowledge/sources/projects/
DOC-00287,knowledge_inbox\projects\2509\cranbrook\docs\0. Cranbrook Structural Combined.pdf,0. Cranbrook Structural Combined.pdf,.pdf,1267475,2026-07-27 12:24:49,2025-09-22 16:19:44,Projects,High,knowledge/sources/projects/
DOC-00288,knowledge_inbox\projects\2509\cranbrook\docs\0. Furber Structural Combined.pdf,0. Furber Structural Combined.pdf,.pdf,1298388,2026-07-27 12:24:49,2025-09-22 16:20:23,Projects,High,knowledge/sources/projects/
DOC-00289,knowledge_inbox\projects\2509\cranbrook\docs\0. Schedules Combined - Carter Building.pdf,0. Schedules Combined - Carter Building.pdf,.pdf,26180274,2026-07-27 12:24:49,2025-09-24 23:55:19,Projects,High,knowledge/sources/projects/
DOC-00290,knowledge_inbox\projects\2509\cranbrook\docs\0. Schedules Combined - Furber Building.pdf,0. Schedules Combined - Furber Building.pdf,.pdf,13292987,2026-07-27 12:24:50,2025-09-18 07:32:39,Projects,High,knowledge/sources/projects/
DOC-00291,knowledge_inbox\projects\2509\cranbrook\docs\0. Signage Manual.pdf,0. Signage Manual.pdf,.pdf,20755550,2026-07-27 12:24:50,2025-09-18 07:32:41,Projects,High,knowledge/sources/projects/
DOC-00292,knowledge_inbox\projects\2509\cranbrook\docs\0. Tender Report - Carter Building.pdf,0. Tender Report - Carter Building.pdf,.pdf,17984179,2026-07-27 12:24:50,2025-09-18 07:32:42,Projects,High,knowledge/sources/projects/
DOC-00293,knowledge_inbox\projects\2509\cranbrook\docs\0. Tender Report - Furber Building.pdf,0. Tender Report - Furber Building.pdf,.pdf,10370045,2026-07-27 12:24:50,2025-09-18 07:32:42,Projects,High,knowledge/sources/projects/
DOC-00294,knowledge_inbox\projects\2509\cranbrook\docs\report\250819 NCC Review - Cranbrook School Furber Building.pdf,250819 NCC Review - Cranbrook School Furber Building.pdf,.pdf,2825425,2026-07-27 12:26:35,2025-09-18 07:32:41,Projects,High,knowledge/sources/projects/
DOC-00295,knowledge_inbox\projects\2509\cranbrook\docs\report\Carter Bishop - Acoustic Requirements_v-.pdf,Carter Bishop - Acoustic Requirements_v-.pdf,.pdf,117628,2026-07-27 12:26:29,2025-09-18 07:32:37,Projects,High,knowledge/sources/projects/
DOC-00296,knowledge_inbox\projects\2509\cranbrook\docs\report\Furber Building - Acoustic Requirements_v-.pdf,Furber Building - Acoustic Requirements_v-.pdf,.pdf,118883,2026-07-27 12:26:29,2025-09-18 07:32:37,Projects,High,knowledge/sources/projects/
DOC-00297,knowledge_inbox\projects\2509\cranbrook\docs\tendering\Other Work Under the Contract (Specification) OWUC _vD.pdf,Other Work Under the Contract (Specification) OWUC _vD.pdf,.pdf,862068,2026-07-27 12:26:41,2025-09-18 07:32:41,Projects,High,knowledge/sources/projects/
DOC-00298,knowledge_inbox\projects\2509\cranbrook\docs\tendering\Principal Contractor Tender Invitation Returnable Schedules.docx,Principal Contractor Tender Invitation Returnable Schedules.docx,.docx,314768,2026-07-27 12:26:21,2025-09-18 07:32:37,Projects,High,knowledge/sources/projects/
DOC-00299,knowledge_inbox\projects\2509\cranbrook\docs\tendering\Tender and Proposal Invitation Addendum_ TA2 (A).pdf,Tender and Proposal Invitation Addendum_ TA2 (A).pdf,.pdf,393856,2026-07-27 12:26:41,2025-09-18 07:32:41,Projects,High,knowledge/sources/projects/
DOC-00300,knowledge_inbox\projects\2509\cranbrook\export\Cranbrook Furber and Carter Bishop Masterfile 25092025.CBX,Cranbrook Furber and Carter Bishop Masterfile 25092025.CBX,.cbx,52219703,2026-07-27 12:25:34,2025-09-25 18:57:31,Projects,High,knowledge/sources/projects/
DOC-00301,knowledge_inbox\projects\2509\cranbrook\export\Cranbrook Furber and Carter Bishop Masterfile 25092025.xlsx,Cranbrook Furber and Carter Bishop Masterfile 25092025.xlsx,.xlsx,181048,2026-07-27 12:25:35,2025-09-25 18:56:24,Projects,High,knowledge/sources/projects/
DOC-00302,knowledge_inbox\projects\2509\cranbrook\queries\Cranbook Queries 1909205 (SUBMITTED).docx,Cranbook Queries 1909205 (SUBMITTED).docx,.docx,276777,2026-07-27 12:25:20,2025-09-19 23:53:38,Projects,High,knowledge/sources/projects/
DOC-00303,knowledge_inbox\projects\2509\cranbrook\queries\Cranbook Queries 2209205 (SUBMITTED).docx,Cranbook Queries 2209205 (SUBMITTED).docx,.docx,527926,2026-07-27 12:25:20,2025-09-22 17:59:40,Projects,High,knowledge/sources/projects/
DOC-00304,knowledge_inbox\projects\2509\cranbrook\setup\Cranbrook Door and Window Set-Up.xlsx,Cranbrook Door and Window Set-Up.xlsx,.xlsx,1394031,2026-07-27 12:24:43,2025-09-22 13:00:58,Projects,High,knowledge/sources/projects/
DOC-00305,knowledge_inbox\projects\2509\cranbrook\setup\Cranbrook Elemental Checklist.xlsx,Cranbrook Elemental Checklist.xlsx,.xlsx,116333,2026-07-27 12:24:43,2025-09-18 07:35:57,Projects,High,knowledge/sources/projects/
DOC-00306,knowledge_inbox\projects\2509\cranbrook\setup\Cranbrook Excel to CostX Workbook.xlsx,Cranbrook Excel to CostX Workbook.xlsx,.xlsx,22648,2026-07-27 12:24:43,2024-11-13 08:31:21,Projects,High,knowledge/sources/projects/
DOC-00307,knowledge_inbox\projects\2509\cranbrook\setup\Cranbrook FFE Description Set Up.xlsx,Cranbrook FFE Description Set Up.xlsx,.xlsx,6367724,2026-07-27 12:24:43,2025-09-23 18:52:08,Projects,High,knowledge/sources/projects/
DOC-00308,knowledge_inbox\projects\2509\cranbrook\setup\Cranbrook Items to Check.xlsx,Cranbrook Items to Check.xlsx,.xlsx,15614,2026-07-27 12:24:43,2024-12-05 22:31:14,Projects,High,knowledge/sources/projects/
DOC-00309,knowledge_inbox\projects\2509\cranbrook\setup\Cranbrook Joinery Setup.xlsx,Cranbrook Joinery Setup.xlsx,.xlsx,63191,2026-07-27 12:24:43,2025-09-22 23:40:27,Projects,High,knowledge/sources/projects/
DOC-00310,knowledge_inbox\projects\2509\cranbrook\setup\Structural Steel Program 09012024.xlsx,Structural Steel Program 09012024.xlsx,.xlsx,650974,2026-07-27 12:24:43,2025-09-23 15:49:35,Projects,High,knowledge/sources/projects/
DOC-00311,knowledge_inbox\projects\2509\fresh_and_save\bulkcheck\Fresh and Save Bulk Check.xlsx,Fresh and Save Bulk Check.xlsx,.xlsx,85790,2026-07-27 12:27:46,2025-09-18 15:00:35,Projects,High,knowledge/sources/projects/
DOC-00312,knowledge_inbox\projects\2509\fresh_and_save\checklist\Fresh and Save Checklist.xlsx,Fresh and Save Checklist.xlsx,.xlsx,1805513,2026-07-27 12:27:48,2025-09-19 14:56:38,Projects,High,knowledge/sources/projects/
DOC-00313,knowledge_inbox\projects\2509\fresh_and_save\docs\0. Architectural Combined.pdf,0. Architectural Combined.pdf,.pdf,14998255,2026-07-27 12:27:41,2025-09-09 10:37:55,Projects,High,knowledge/sources/projects/
DOC-00314,knowledge_inbox\projects\2509\fresh_and_save\docs\0. Civil Combined.pdf,0. Civil Combined.pdf,.pdf,4517918,2026-07-27 12:27:41,2025-09-18 07:43:14,Projects,High,knowledge/sources/projects/
DOC-00315,knowledge_inbox\projects\2509\fresh_and_save\docs\0. Fitout Schedule.pdf,0. Fitout Schedule.pdf,.pdf,317327,2026-07-27 12:27:41,2025-09-09 10:37:55,Projects,High,knowledge/sources/projects/
DOC-00316,knowledge_inbox\projects\2509\fresh_and_save\docs\QS Measure - trade breakup format.xlsx,QS Measure - trade breakup format.xlsx,.xlsx,15789,2026-07-27 12:28:09,2025-09-09 10:41:11,Projects,High,knowledge/sources/projects/
DOC-00317,knowledge_inbox\projects\2509\fresh_and_save\docs\report\2306-34977 SPL - PA6-L Pre-lodgement advice.pdf,2306-34977 SPL - PA6-L Pre-lodgement advice.pdf,.pdf,242143,2026-07-27 12:28:39,2025-09-30 10:39:20,Projects,High,knowledge/sources/projects/
DOC-00318,knowledge_inbox\projects\2509\fresh_and_save\docs\report\CL 20240130 Lot408 SP176309 Notice Land Listing Owner Final.pdf,CL 20240130 Lot408 SP176309 Notice Land Listing Owner Final.pdf,.pdf,78530,2026-07-27 12:28:39,2025-09-30 10:39:21,Projects,High,knowledge/sources/projects/
DOC-00319,knowledge_inbox\projects\2509\fresh_and_save\docs\report\Construction Sciences - Site Soil Classification.pdf,Construction Sciences - Site Soil Classification.pdf,.pdf,1990341,2026-07-27 12:28:19,2025-09-30 10:39:21,Projects,High,knowledge/sources/projects/
DOC-00320,knowledge_inbox\projects\2509\fresh_and_save\docs\report\EPA J1154_Tetra Mackay Airport Prelodgement Report.pdf,EPA J1154_Tetra Mackay Airport Prelodgement Report.pdf,.pdf,13721108,2026-07-27 12:28:39,2025-09-30 10:39:21,Projects,High,knowledge/sources/projects/
DOC-00321,knowledge_inbox\projects\2509\fresh_and_save\docs\report\Mackay Airport - Construction Environmental Management Plan Guidelines.pdf,Mackay Airport - Construction Environmental Management Plan Guidelines.pdf,.pdf,216579,2026-07-27 12:28:39,2025-09-30 10:39:21,Projects,High,knowledge/sources/projects/
DOC-00322,knowledge_inbox\projects\2509\fresh_and_save\docs\report\Mackay Airport - Limited Contamination Investigation Report.pdf,Mackay Airport - Limited Contamination Investigation Report.pdf,.pdf,10787052,2026-07-27 12:28:19,2025-09-30 10:39:21,Projects,High,knowledge/sources/projects/
DOC-00323,"knowledge_inbox\projects\2509\fresh_and_save\docs\report\Mackay Airport, Milton Street Precinct Stage 1 - PFAS Investigation Report.pdf","Mackay Airport, Milton Street Precinct Stage 1 - PFAS Investigation Report.pdf",.pdf,13125937,2026-07-27 12:28:20,2025-09-30 10:39:21,Projects,High,knowledge/sources/projects/
DOC-00324,"knowledge_inbox\projects\2509\fresh_and_save\docs\report\Mackay Airport, Milton Street Precinct Stage 1 - PFAS Remediation Action Plan.pdf","Mackay Airport, Milton Street Precinct Stage 1 - PFAS Remediation Action Plan.pdf",.pdf,8302021,2026-07-27 12:28:20,2025-09-30 10:39:21,Projects,High,knowledge/sources/projects/
DOC-00325,knowledge_inbox\projects\2509\fresh_and_save\docs\report\Preliminary Geotechnical and Acid Sulfate Soils Investigation Report.pdf,Preliminary Geotechnical and Acid Sulfate Soils Investigation Report.pdf,.pdf,14176331,2026-07-27 12:28:20,2025-09-30 10:39:22,Projects,High,knowledge/sources/projects/
DOC-00326,knowledge_inbox\projects\2509\fresh_and_save\docs\tendering\Mackay Fresh & Save - Release of Information to Market – Upcoming Tender.pdf,Mackay Fresh & Save - Release of Information to Market – Upcoming Tender.pdf,.pdf,245806,2026-07-27 12:28:45,2025-09-30 10:39:18,Projects,High,knowledge/sources/projects/
DOC-00327,knowledge_inbox\projects\2509\fresh_and_save\earthwork\Fresh and Sae Earthwork.BAK,Fresh and Sae Earthwork.BAK,.bak,1907878,2026-07-27 12:27:09,2025-09-17 15:36:51,Projects,High,knowledge/sources/projects/
DOC-00328,knowledge_inbox\projects\2509\fresh_and_save\earthwork\Fresh and Sae Earthwork.esw,Fresh and Sae Earthwork.esw,.esw,1907878,2026-07-27 12:27:09,2025-09-17 17:25:24,Projects,High,knowledge/sources/projects/
DOC-00329,knowledge_inbox\projects\2509\fresh_and_save\export\Fresh and Save Mackay - Masterfile 19092025.CBX,Fresh and Save Mackay - Masterfile 19092025.CBX,.cbx,76240800,2026-07-27 12:27:15,2025-09-19 14:55:54,Projects,High,knowledge/sources/projects/
DOC-00330,knowledge_inbox\projects\2509\fresh_and_save\export\Fresh and Save Mackay - Masterfile 19092025.xlsx,Fresh and Save Mackay - Masterfile 19092025.xlsx,.xlsx,152413,2026-07-27 12:27:15,2025-09-19 14:56:35,Projects,High,knowledge/sources/projects/
DOC-00331,knowledge_inbox\projects\2509\fresh_and_save\queries\Fresh and Save Queries 10092025 (SUBMITTED).docx,Fresh and Save Queries 10092025 (SUBMITTED).docx,.docx,265620,2026-07-27 12:27:58,2025-09-10 15:56:01,Projects,High,knowledge/sources/projects/
DOC-00332,knowledge_inbox\projects\2509\fresh_and_save\queries\Fresh and Save Queries 17092025 (SUBMITTED).docx,Fresh and Save Queries 17092025 (SUBMITTED).docx,.docx,242017,2026-07-27 12:27:59,2025-09-17 10:39:35,Projects,High,knowledge/sources/projects/
DOC-00333,knowledge_inbox\projects\2509\fresh_and_save\setup\Fresh and Save Door and Window Set-Up.xlsx,Fresh and Save Door and Window Set-Up.xlsx,.xlsx,1390134,2026-07-27 12:27:53,2025-09-11 10:18:56,Projects,High,knowledge/sources/projects/
DOC-00334,knowledge_inbox\projects\2509\fresh_and_save\setup\Fresh and Save Elemental Checklist.xlsx,Fresh and Save Elemental Checklist.xlsx,.xlsx,116258,2026-07-27 12:27:53,2025-09-09 10:42:07,Projects,High,knowledge/sources/projects/
DOC-00335,knowledge_inbox\projects\2509\fresh_and_save\setup\Fresh and Save Excel to CostX Workbook.xlsx,Fresh and Save Excel to CostX Workbook.xlsx,.xlsx,22648,2026-07-27 12:27:53,2024-11-13 08:31:21,Projects,High,knowledge/sources/projects/
DOC-00336,knowledge_inbox\projects\2509\fresh_and_save\setup\Fresh and Save FFE Description Set Up.xlsx,Fresh and Save FFE Description Set Up.xlsx,.xlsx,31675,2026-07-27 12:27:53,2025-09-10 23:19:51,Projects,High,knowledge/sources/projects/
DOC-00337,knowledge_inbox\projects\2509\fresh_and_save\setup\Fresh and Save Items to Check.xlsx,Fresh and Save Items to Check.xlsx,.xlsx,15676,2026-07-27 12:27:53,2025-09-17 10:48:41,Projects,High,knowledge/sources/projects/
DOC-00338,knowledge_inbox\projects\2509\fresh_and_save\setup\Fresh and Save Joinery Setup - 2.xlsx,Fresh and Save Joinery Setup - 2.xlsx,.xlsx,48039,2026-07-27 12:27:53,2025-09-12 18:58:57,Projects,High,knowledge/sources/projects/
DOC-00339,knowledge_inbox\projects\2509\fresh_and_save\setup\Fresh and Save Joinery Setup.xlsx,Fresh and Save Joinery Setup.xlsx,.xlsx,54858,2026-07-27 12:27:53,2025-09-15 23:53:14,Projects,High,knowledge/sources/projects/
DOC-00340,knowledge_inbox\projects\2509\fresh_and_save\setup\Structural Steel Program 09012024.xlsx,Structural Steel Program 09012024.xlsx,.xlsx,648473,2026-07-27 12:27:53,2024-08-16 08:06:49,Projects,High,knowledge/sources/projects/
DOC-00341,knowledge_inbox\projects\2509\glen_innes_hospital\bulkcheck\Glen Innes Hospital Bulk Check.xlsx,Glen Innes Hospital Bulk Check.xlsx,.xlsx,102901,2026-07-27 12:29:39,2025-10-09 06:38:28,Projects,High,knowledge/sources/projects/
DOC-00342,knowledge_inbox\projects\2509\glen_innes_hospital\checklist\Glen Innes Hospital Checklist.xlsx,Glen Innes Hospital Checklist.xlsx,.xlsx,2455438,2026-07-27 12:29:41,2025-10-10 17:29:09,Projects,High,knowledge/sources/projects/
DOC-00343,knowledge_inbox\projects\2509\glen_innes_hospital\docs\0. Architectural Combined.pdf,0. Architectural Combined.pdf,.pdf,210856186,2026-07-27 12:29:48,2025-10-07 09:33:03,Projects,High,knowledge/sources/projects/
DOC-00344,knowledge_inbox\projects\2509\glen_innes_hospital\docs\0. Landscape.pdf,0. Landscape.pdf,.pdf,5346094,2026-07-27 12:29:51,2025-09-30 18:56:33,Projects,High,knowledge/sources/projects/
DOC-00345,knowledge_inbox\projects\2509\glen_innes_hospital\docs\0. Structural Combined Addendum.pdf,0. Structural Combined Addendum.pdf,.pdf,5788542,2026-07-27 12:29:51,2025-10-13 21:29:15,Projects,High,knowledge/sources/projects/
DOC-00346,knowledge_inbox\projects\2509\glen_innes_hospital\docs\0. Structural Combined.pdf,0. Structural Combined.pdf,.pdf,57156926,2026-07-27 12:29:51,2025-09-22 15:09:20,Projects,High,knowledge/sources/projects/
DOC-00347,knowledge_inbox\projects\2509\glen_innes_hospital\docs\00 Civil Binder.pdf,00 Civil Binder.pdf,.pdf,16701715,2026-07-27 12:29:48,2025-10-09 11:41:20,Projects,High,knowledge/sources/projects/
DOC-00348,knowledge_inbox\projects\2509\glen_innes_hospital\docs\tendering\HI25411 GIHR - GC21 e2 Tender Schedules (HI 05-09-2023)_MBM.pdf,HI25411 GIHR - GC21 e2 Tender Schedules (HI 05-09-2023)_MBM.pdf,.pdf,679035,2026-07-27 12:30:23,2025-10-03 13:11:16,Projects,High,knowledge/sources/projects/
DOC-00349,knowledge_inbox\projects\2509\glen_innes_hospital\earthwork\1. GLEN INNES EW EXISTING.PNG,1. GLEN INNES EW EXISTING.PNG,.png,198721,2026-07-27 12:29:09,2025-10-09 16:57:06,Projects,High,knowledge/sources/projects/
DOC-00350,knowledge_inbox\projects\2509\glen_innes_hospital\earthwork\2. GLEN INNES EW STRIPPED.PNG,2. GLEN INNES EW STRIPPED.PNG,.png,208152,2026-07-27 12:29:09,2025-10-09 16:57:33,Projects,High,knowledge/sources/projects/
DOC-00351,knowledge_inbox\projects\2509\glen_innes_hospital\earthwork\3. GLEN INNES EW SUBGRADE LEVEL.PNG,3. GLEN INNES EW SUBGRADE LEVEL.PNG,.png,219301,2026-07-27 12:29:09,2025-10-09 16:58:26,Projects,High,knowledge/sources/projects/
DOC-00352,knowledge_inbox\projects\2509\glen_innes_hospital\earthwork\4. GLEN INNES MW STRIPPED.PNG,4. GLEN INNES MW STRIPPED.PNG,.png,207653,2026-07-27 12:29:09,2025-10-09 17:00:13,Projects,High,knowledge/sources/projects/
DOC-00353,knowledge_inbox\projects\2509\glen_innes_hospital\earthwork\5. GLEN INNES MW DESIGN LEVEL.PNG,5. GLEN INNES MW DESIGN LEVEL.PNG,.png,210646,2026-07-27 12:29:09,2025-10-09 17:01:48,Projects,High,knowledge/sources/projects/
DOC-00354,knowledge_inbox\projects\2509\glen_innes_hospital\earthwork\6. GLEN INNES MW SUBGRADE.PNG,6. GLEN INNES MW SUBGRADE.PNG,.png,212767,2026-07-27 12:29:09,2025-10-09 17:02:19,Projects,High,knowledge/sources/projects/
DOC-00355,knowledge_inbox\projects\2509\glen_innes_hospital\earthwork\AutoSave-1.esw,AutoSave-1.esw,.esw,2042420,2026-07-27 12:29:09,2025-10-16 11:41:50,Projects,High,knowledge/sources/projects/
DOC-00356,knowledge_inbox\projects\2509\glen_innes_hospital\earthwork\Glen Innes Hospital - Early works earthworks.BAK,Glen Innes Hospital - Early works earthworks.BAK,.bak,4448089,2026-07-27 12:29:09,2025-10-07 09:45:13,Projects,High,knowledge/sources/projects/
DOC-00357,knowledge_inbox\projects\2509\glen_innes_hospital\earthwork\Glen Innes Hospital - Early works earthworks.esw,Glen Innes Hospital - Early works earthworks.esw,.esw,4032312,2026-07-27 12:29:09,2025-10-09 00:03:55,Projects,High,knowledge/sources/projects/
DOC-00358,knowledge_inbox\projects\2509\glen_innes_hospital\earthwork\Glen Innes Hospital - Early works earthworks.xlsx,Glen Innes Hospital - Early works earthworks.xlsx,.xlsx,10240,2026-07-27 12:29:10,2025-10-07 15:08:18,Projects,High,knowledge/sources/projects/
DOC-00359,knowledge_inbox\projects\2509\glen_innes_hospital\earthwork\Glen Innes Hospital - Main works earthworks.BAK,Glen Innes Hospital - Main works earthworks.BAK,.bak,2531910,2026-07-27 12:29:10,2025-10-16 11:44:38,Projects,High,knowledge/sources/projects/
DOC-00360,knowledge_inbox\projects\2509\glen_innes_hospital\earthwork\Glen Innes Hospital - Main works earthworks.esw,Glen Innes Hospital - Main works earthworks.esw,.esw,2531926,2026-07-27 12:29:10,2025-10-16 20:14:53,Projects,High,knowledge/sources/projects/
DOC-00361,knowledge_inbox\projects\2509\glen_innes_hospital\earthwork\Glen Innes Hospital - Main works earthworks.xlsx,Glen Innes Hospital - Main works earthworks.xlsx,.xlsx,14954,2026-07-27 12:29:10,2025-10-07 11:06:34,Projects,High,knowledge/sources/projects/
DOC-00362,knowledge_inbox\projects\2509\glen_innes_hospital\export\1. GLEN INNES EW EXISTING.PNG,1. GLEN INNES EW EXISTING.PNG,.png,198721,2026-07-27 12:29:19,2025-10-09 16:57:06,Projects,High,knowledge/sources/projects/
DOC-00363,knowledge_inbox\projects\2509\glen_innes_hospital\export\2. GLEN INNES EW STRIPPED.PNG,2. GLEN INNES EW STRIPPED.PNG,.png,208152,2026-07-27 12:29:19,2025-10-09 16:57:33,Projects,High,knowledge/sources/projects/
DOC-00364,knowledge_inbox\projects\2509\glen_innes_hospital\export\3. GLEN INNES EW SUBGRADE LEVEL.PNG,3. GLEN INNES EW SUBGRADE LEVEL.PNG,.png,219301,2026-07-27 12:29:19,2025-10-09 16:58:26,Projects,High,knowledge/sources/projects/
DOC-00365,knowledge_inbox\projects\2509\glen_innes_hospital\export\4. GLEN INNES MW STRIPPED.PNG,4. GLEN INNES MW STRIPPED.PNG,.png,207653,2026-07-27 12:29:19,2025-10-09 17:00:13,Projects,High,knowledge/sources/projects/
DOC-00366,knowledge_inbox\projects\2509\glen_innes_hospital\export\5. GLEN INNES MW DESIGN LEVEL.PNG,5. GLEN INNES MW DESIGN LEVEL.PNG,.png,210646,2026-07-27 12:29:19,2025-10-09 17:01:48,Projects,High,knowledge/sources/projects/
DOC-00367,knowledge_inbox\projects\2509\glen_innes_hospital\export\6. GLEN INNES MW SUBGRADE.PNG,6. GLEN INNES MW SUBGRADE.PNG,.png,212767,2026-07-27 12:29:19,2025-10-09 17:02:19,Projects,High,knowledge/sources/projects/
DOC-00368,knowledge_inbox\projects\2509\glen_innes_hospital\export\AECS Masterfile - 22102025.CBX,AECS Masterfile - 22102025.CBX,.cbx,69572806,2026-07-27 12:29:27,2025-10-22 19:57:44,Projects,High,knowledge/sources/projects/
DOC-00369,knowledge_inbox\projects\2509\glen_innes_hospital\export\Glen Innes Hospital - Early works earthworks.BAK,Glen Innes Hospital - Early works earthworks.BAK,.bak,4448089,2026-07-27 12:29:19,2025-10-07 09:45:13,Projects,High,knowledge/sources/projects/
DOC-00370,knowledge_inbox\projects\2509\glen_innes_hospital\export\Glen Innes Hospital - Early works earthworks.esw,Glen Innes Hospital - Early works earthworks.esw,.esw,4032312,2026-07-27 12:29:19,2025-10-09 00:03:55,Projects,High,knowledge/sources/projects/
DOC-00371,knowledge_inbox\projects\2509\glen_innes_hospital\export\Glen Innes Hospital - Early works earthworks.xlsx,Glen Innes Hospital - Early works earthworks.xlsx,.xlsx,10240,2026-07-27 12:29:19,2025-10-07 15:08:18,Projects,High,knowledge/sources/projects/
DOC-00372,knowledge_inbox\projects\2509\glen_innes_hospital\export\Glen Innes Hospital - Main works earthworks.BAK,Glen Innes Hospital - Main works earthworks.BAK,.bak,3616206,2026-07-27 12:29:19,2025-10-07 09:49:14,Projects,High,knowledge/sources/projects/
DOC-00373,knowledge_inbox\projects\2509\glen_innes_hospital\export\Glen Innes Hospital - Main works earthworks.esw,Glen Innes Hospital - Main works earthworks.esw,.esw,2048607,2026-07-27 12:29:19,2025-10-07 10:17:17,Projects,High,knowledge/sources/projects/
DOC-00374,knowledge_inbox\projects\2509\glen_innes_hospital\export\Glen Innes Hospital - Main works earthworks.xlsx,Glen Innes Hospital - Main works earthworks.xlsx,.xlsx,14954,2026-07-27 12:29:19,2025-10-07 11:06:34,Projects,High,knowledge/sources/projects/
DOC-00375,knowledge_inbox\projects\2509\glen_innes_hospital\export\Glen Innes Hospital Upgrade - Addendum 16102025.CBX,Glen Innes Hospital Upgrade - Addendum 16102025.CBX,.cbx,193988807,2026-07-27 12:29:27,2025-10-16 15:38:16,Projects,High,knowledge/sources/projects/
DOC-00376,knowledge_inbox\projects\2509\glen_innes_hospital\export\Glen Innes Hospital Upgrade - Addendum 16102025.xlsx,Glen Innes Hospital Upgrade - Addendum 16102025.xlsx,.xlsx,10884,2026-07-27 12:29:30,2025-10-16 15:28:51,Projects,High,knowledge/sources/projects/
DOC-00377,knowledge_inbox\projects\2509\glen_innes_hospital\export\Glen Innes Hospital Upgrade - Masterfile 09102025.CBX,Glen Innes Hospital Upgrade - Masterfile 09102025.CBX,.cbx,196112708,2026-07-27 12:29:19,2025-10-09 16:55:27,Projects,High,knowledge/sources/projects/
DOC-00378,knowledge_inbox\projects\2509\glen_innes_hospital\export\Glen Innes Hospital Upgrade - Masterfile 09102025.xlsx,Glen Innes Hospital Upgrade - Masterfile 09102025.xlsx,.xlsx,492585,2026-07-27 12:29:21,2025-10-09 17:06:25,Projects,High,knowledge/sources/projects/
DOC-00379,knowledge_inbox\projects\2509\glen_innes_hospital\queries\Glen Innes Hospital Queries 2309205 (SUBMITTED).docx,Glen Innes Hospital Queries 2309205 (SUBMITTED).docx,.docx,293410,2026-07-27 12:30:04,2025-09-23 23:21:03,Projects,High,knowledge/sources/projects/
DOC-00380,knowledge_inbox\projects\2509\glen_innes_hospital\queries\Glen Innes Hospital Queries 25092025 (SUBMITTED).docx,Glen Innes Hospital Queries 25092025 (SUBMITTED).docx,.docx,915571,2026-07-27 12:30:04,2025-09-25 23:27:12,Projects,High,knowledge/sources/projects/
DOC-00381,knowledge_inbox\projects\2509\glen_innes_hospital\queries\Glen Innes Hospital Queries 26092025 (SUBMITTED).docx,Glen Innes Hospital Queries 26092025 (SUBMITTED).docx,.docx,582206,2026-07-27 12:30:04,2025-09-26 14:07:35,Projects,High,knowledge/sources/projects/
DOC-00382,knowledge_inbox\projects\2509\glen_innes_hospital\queries\Glen Innes Hospital Queries 29092025 (SUBMITTED).docx,Glen Innes Hospital Queries 29092025 (SUBMITTED).docx,.docx,613178,2026-07-27 12:30:04,2025-09-29 10:30:06,Projects,High,knowledge/sources/projects/
DOC-00383,knowledge_inbox\projects\2509\glen_innes_hospital\queries\Glen Innes Hospital Queries 30092025 (SUBMITTED).docx,Glen Innes Hospital Queries 30092025 (SUBMITTED).docx,.docx,355084,2026-07-27 12:30:04,2025-09-30 23:38:21,Projects,High,knowledge/sources/projects/
DOC-00384,knowledge_inbox\projects\2509\glen_innes_hospital\setup\Glen Innes Hospital  Excel to CostX Workbook Template.xlsx,Glen Innes Hospital  Excel to CostX Workbook Template.xlsx,.xlsx,22648,2026-07-27 12:29:37,2024-11-13 08:31:21,Projects,High,knowledge/sources/projects/
DOC-00385,knowledge_inbox\projects\2509\glen_innes_hospital\setup\Glen Innes Hospital Door and Window Set-Up Template.trial_2025.xlsx,Glen Innes Hospital Door and Window Set-Up Template.trial_2025.xlsx,.xlsx,1389083,2026-07-27 12:29:43,2025-09-02 15:03:18,Projects,High,knowledge/sources/projects/
DOC-00386,knowledge_inbox\projects\2509\glen_innes_hospital\setup\Glen Innes Hospital Door and Window Set-Up.xlsx,Glen Innes Hospital Door and Window Set-Up.xlsx,.xlsx,1388337,2026-07-27 12:29:43,2025-05-29 07:54:50,Projects,High,knowledge/sources/projects/
DOC-00387,knowledge_inbox\projects\2509\glen_innes_hospital\setup\Glen Innes Hospital Doors Setup.xlsx,Glen Innes Hospital Doors Setup.xlsx,.xlsx,171552,2026-07-27 12:29:43,2025-10-17 21:58:48,Projects,High,knowledge/sources/projects/
DOC-00388,knowledge_inbox\projects\2509\glen_innes_hospital\setup\Glen Innes Hospital Elemental Checklist.xlsx,Glen Innes Hospital Elemental Checklist.xlsx,.xlsx,116221,2026-07-27 12:29:43,2025-07-25 08:42:52,Projects,High,knowledge/sources/projects/
DOC-00389,knowledge_inbox\projects\2509\glen_innes_hospital\setup\Glen Innes Hospital FFE Description Set Up.xlsx,Glen Innes Hospital FFE Description Set Up.xlsx,.xlsx,2871164,2026-07-27 12:29:43,2025-10-21 17:34:05,Projects,High,knowledge/sources/projects/
DOC-00390,knowledge_inbox\projects\2509\glen_innes_hospital\setup\Glen Innes Hospital Items to Check Template.xlsx,Glen Innes Hospital Items to Check Template.xlsx,.xlsx,15686,2026-07-27 12:29:43,2025-10-03 13:10:20,Projects,High,knowledge/sources/projects/
DOC-00391,knowledge_inbox\projects\2509\glen_innes_hospital\setup\Glen Innes Hospital Joinery Setup.xlsx,Glen Innes Hospital Joinery Setup.xlsx,.xlsx,168048,2026-07-27 12:29:44,2025-09-30 23:15:20,Projects,High,knowledge/sources/projects/
DOC-00392,knowledge_inbox\projects\2509\glen_innes_hospital\setup\Glen Innes Hospital Window Set-Up.xlsx,Glen Innes Hospital Window Set-Up.xlsx,.xlsx,1494467,2026-07-27 12:29:44,2025-10-08 23:52:52,Projects,High,knowledge/sources/projects/
DOC-00393,knowledge_inbox\projects\2509\glen_innes_hospital\setup\Structural Steel Program 09012024.xlsx,Structural Steel Program 09012024.xlsx,.xlsx,663947,2026-07-27 12:29:44,2025-10-08 21:32:03,Projects,High,knowledge/sources/projects/
DOC-00394,knowledge_inbox\projects\2509\harbison_burradoo\checklist\Harbison Burradoo Stage 2 Addendum Checklist.xlsx,Harbison Burradoo Stage 2 Addendum Checklist.xlsx,.xlsx,1359950,2026-07-27 12:31:22,2025-09-23 23:55:51,Projects,High,knowledge/sources/projects/
DOC-00395,knowledge_inbox\projects\2509\harbison_burradoo\checklist\Harbison Burradoo Stage 2 Bulk Check.xlsx,Harbison Burradoo Stage 2 Bulk Check.xlsx,.xlsx,94972,2026-07-27 12:31:29,2025-09-19 17:56:10,Projects,High,knowledge/sources/projects/
DOC-00396,knowledge_inbox\projects\2509\harbison_burradoo\checklist\Harbison Burradoo Stage 2 Checklist.xlsx,Harbison Burradoo Stage 2 Checklist.xlsx,.xlsx,1355301,2026-07-27 12:31:36,2025-09-13 01:19:56,Projects,High,knowledge/sources/projects/
DOC-00397,knowledge_inbox\projects\2509\harbison_burradoo\docs\0. Architectural Combined.pdf,0. Architectural Combined.pdf,.pdf,157079724,2026-07-27 12:31:47,2025-09-02 06:07:37,Projects,High,knowledge/sources/projects/
DOC-00398,knowledge_inbox\projects\2509\harbison_burradoo\docs\0. Architectural Specification.pdf,0. Architectural Specification.pdf,.pdf,5175024,2026-07-27 12:31:48,2025-08-26 13:25:40,Projects,High,knowledge/sources/projects/
DOC-00399,knowledge_inbox\projects\2509\harbison_burradoo\docs\0. Civil Combined.pdf,0. Civil Combined.pdf,.pdf,87875480,2026-07-27 12:31:48,2025-08-29 07:23:35,Projects,High,knowledge/sources/projects/
DOC-00400,knowledge_inbox\projects\2509\harbison_burradoo\docs\0. Finish Schedule Combined.pdf,0. Finish Schedule Combined.pdf,.pdf,21108130,2026-07-27 12:31:49,2025-09-03 08:07:21,Projects,High,knowledge/sources/projects/
DOC-00401,knowledge_inbox\projects\2509\harbison_burradoo\docs\0. Kitchen+Laundry Combined.pdf,0. Kitchen+Laundry Combined.pdf,.pdf,1106941,2026-07-27 12:31:50,2025-09-05 21:13:30,Projects,High,knowledge/sources/projects/
DOC-00402,knowledge_inbox\projects\2509\harbison_burradoo\docs\0. Landscape Combined.pdf,0. Landscape Combined.pdf,.pdf,28279383,2026-07-27 12:31:50,2025-09-02 07:13:11,Projects,High,knowledge/sources/projects/
DOC-00403,knowledge_inbox\projects\2509\harbison_burradoo\docs\0. Structural Combined.pdf,0. Structural Combined.pdf,.pdf,14937133,2026-07-27 12:31:50,2025-08-29 06:56:44,Projects,High,knowledge/sources/projects/
DOC-00404,knowledge_inbox\projects\2509\harbison_burradoo\docs\LCC-908 - Landscape Details 8_vF.pdf,LCC-908 - Landscape Details 8_vF.pdf,.pdf,186001,2026-07-27 12:31:50,2025-09-17 16:32:23,Projects,High,knowledge/sources/projects/
DOC-00405,"knowledge_inbox\projects\2509\harbison_burradoo\docs\Addendum 1,2,&3\0. Addendum 1,2, & 3 Queries Combined.pdf","0. Addendum 1,2, & 3 Queries Combined.pdf",.pdf,827167,2026-07-27 12:31:46,2025-09-19 09:54:27,Projects,High,knowledge/sources/projects/
DOC-00406,"knowledge_inbox\projects\2509\harbison_burradoo\docs\Addendum 1,2,&3\0. Addendum Combined 3.pdf",0. Addendum Combined 3.pdf,.pdf,40997711,2026-07-27 12:31:46,2025-09-17 10:56:59,Projects,High,knowledge/sources/projects/
DOC-00407,"knowledge_inbox\projects\2509\harbison_burradoo\docs\Addendum 1,2,&3\0. Queries Answer.pdf",0. Queries Answer.pdf,.pdf,1065939,2026-07-27 12:31:46,2025-09-17 14:06:39,Projects,High,knowledge/sources/projects/
DOC-00408,"knowledge_inbox\projects\2509\harbison_burradoo\docs\Addendum 1,2,&3\Queries from Harbison Buradoo.pdf",Queries from Harbison Buradoo.pdf,.pdf,184867,2026-07-27 12:31:47,2025-09-18 15:12:13,Projects,High,knowledge/sources/projects/
DOC-00409,"knowledge_inbox\projects\2509\harbison_burradoo\docs\Addendum 1,2,&3\Thumbs.db",Thumbs.db,.db,31232,2026-07-27 12:31:47,2025-09-18 10:46:53,Projects,High,knowledge/sources/projects/
DOC-00410,knowledge_inbox\projects\2509\harbison_burradoo\docs\Addendum measure\Harbison Burradoo Addendum Measure.pdf,Harbison Burradoo Addendum Measure.pdf,.pdf,129353,2026-07-27 12:31:47,2025-09-23 21:53:40,Projects,High,knowledge/sources/projects/
DOC-00411,knowledge_inbox\projects\2509\harbison_burradoo\docs\report\125010RP01V01 - Reduced.pdf,125010RP01V01 - Reduced.pdf,.pdf,10167548,2026-07-27 12:32:24,2025-08-26 13:25:42,Projects,High,knowledge/sources/projects/
DOC-00412,knowledge_inbox\projects\2509\harbison_burradoo\docs\report\20250718 1768A Harbison Stage 2 J1V3 Report RevA.pdf,20250718 1768A Harbison Stage 2 J1V3 Report RevA.pdf,.pdf,3494654,2026-07-27 12:32:44,2025-08-26 13:25:42,Projects,High,knowledge/sources/projects/
DOC-00413,knowledge_inbox\projects\2509\harbison_burradoo\docs\report\20250721 1768B Harbison S2_ESD Specification[T1].pdf,20250721 1768B Harbison S2_ESD Specification[T1].pdf,.pdf,6748899,2026-07-27 12:32:44,2025-08-26 13:25:42,Projects,High,knowledge/sources/projects/
DOC-00414,knowledge_inbox\projects\2509\harbison_burradoo\docs\report\250517 - Harbison Burradoo Construction Certificate Bushfire Review - v4 - 250806.pdf,250517 - Harbison Burradoo Construction Certificate Bushfire Review - v4 - 250806.pdf,.pdf,3685491,2026-07-27 12:32:56,2025-08-26 13:25:40,Projects,High,knowledge/sources/projects/
DOC-00415,knowledge_inbox\projects\2509\harbison_burradoo\docs\report\Acoustic Design Brief.pdf,Acoustic Design Brief.pdf,.pdf,7023408,2026-07-27 12:32:39,2025-08-26 13:25:20,Projects,High,knowledge/sources/projects/
DOC-00416,knowledge_inbox\projects\2509\harbison_burradoo\docs\report\Conditions of Consent Responsibility Matrix_vA.pdf,Conditions of Consent Responsibility Matrix_vA.pdf,.pdf,1639811,2026-07-27 12:32:30,2025-08-26 13:25:57,Projects,High,knowledge/sources/projects/
DOC-00417,knowledge_inbox\projects\2509\harbison_burradoo\docs\report\Construction Certificate Responsibility Matrix_vA.pdf,Construction Certificate Responsibility Matrix_vA.pdf,.pdf,229340,2026-07-27 12:32:31,2025-08-26 13:25:58,Projects,High,knowledge/sources/projects/
DOC-00418,knowledge_inbox\projects\2509\harbison_burradoo\docs\report\DA19_0694 Stage 2 Stamped Plans_v-.pdf,DA19_0694 Stage 2 Stamped Plans_v-.pdf,.pdf,4094273,2026-07-27 12:32:31,2025-08-26 13:25:58,Projects,High,knowledge/sources/projects/
DOC-00419,knowledge_inbox\projects\2509\harbison_burradoo\docs\report\Detailed Land and Underground Services Survey_vC.pdf,Detailed Land and Underground Services Survey_vC.pdf,.pdf,4711084,2026-07-27 12:32:35,2025-08-26 13:25:58,Projects,High,knowledge/sources/projects/
DOC-00420,knowledge_inbox\projects\2509\harbison_burradoo\docs\report\Geotechnical Report_v0.pdf,Geotechnical Report_v0.pdf,.pdf,8974602,2026-07-27 12:32:19,2025-08-26 13:25:43,Projects,High,knowledge/sources/projects/
DOC-00421,knowledge_inbox\projects\2509\harbison_burradoo\docs\report\Notice of Determination - DA19_0694_v- (2).pdf,Notice of Determination - DA19_0694_v- (2).pdf,.pdf,7405164,2026-07-27 12:32:31,2025-08-26 13:25:58,Projects,High,knowledge/sources/projects/
DOC-00422,knowledge_inbox\projects\2509\harbison_burradoo\docs\report\Other Work Under the Contract (Specification) OWUC.pdf,Other Work Under the Contract (Specification) OWUC.pdf,.pdf,238921,2026-07-27 12:32:31,2025-08-26 13:25:58,Projects,High,knowledge/sources/projects/
DOC-00423,knowledge_inbox\projects\2509\harbison_burradoo\earthwork\Harbison Earthwork.BAK,Harbison Earthwork.BAK,.bak,2201846,2026-07-27 12:31:01,2025-09-10 10:42:27,Projects,High,knowledge/sources/projects/
DOC-00424,knowledge_inbox\projects\2509\harbison_burradoo\earthwork\Harbison Earthwork.esw,Harbison Earthwork.esw,.esw,2980440,2026-07-27 12:31:01,2025-09-10 10:42:50,Projects,High,knowledge/sources/projects/
DOC-00425,knowledge_inbox\projects\2509\harbison_burradoo\earthwork\Harbison Earthwork.xlsx,Harbison Earthwork.xlsx,.xlsx,14458,2026-07-27 12:31:01,2025-09-11 15:18:59,Projects,High,knowledge/sources/projects/
DOC-00426,knowledge_inbox\projects\2509\harbison_burradoo\export\Harbison Burradoo Stage 2 - Masterfile 23092025.CBX,Harbison Burradoo Stage 2 - Masterfile 23092025.CBX,.cbx,506204241,2026-07-27 12:31:13,2025-09-23 22:48:15,Projects,High,knowledge/sources/projects/
DOC-00427,knowledge_inbox\projects\2509\harbison_burradoo\export\Harbison Burradoo Stage 2 - Masterfile 23092025.xlsx,Harbison Burradoo Stage 2 - Masterfile 23092025.xlsx,.xlsx,343748,2026-07-27 12:31:17,2025-09-23 22:45:34,Projects,High,knowledge/sources/projects/
DOC-00428,knowledge_inbox\projects\2509\harbison_burradoo\export\Harbisson Burradoo - FLOOR TECH AQURON.CBX,Harbisson Burradoo - FLOOR TECH AQURON.CBX,.cbx,7017766,2026-07-27 12:31:06,2025-09-24 17:00:34,Projects,High,knowledge/sources/projects/
DOC-00429,knowledge_inbox\projects\2509\harbison_burradoo\export\Harbisson Burradoo - FLOOR TECH AQURON.xlsx,Harbisson Burradoo - FLOOR TECH AQURON.xlsx,.xlsx,14097,2026-07-27 12:31:06,2025-09-24 17:03:28,Projects,High,knowledge/sources/projects/
DOC-00430,knowledge_inbox\projects\2509\harbison_burradoo\export\Harbisson Burradoo - Stair Treads.CBX,Harbisson Burradoo - Stair Treads.CBX,.cbx,5491,2026-07-27 12:31:06,2025-09-25 15:25:47,Projects,High,knowledge/sources/projects/
DOC-00431,knowledge_inbox\projects\2509\harbison_burradoo\export\Harbisson Burradoo - Stair Treads.xlsx,Harbisson Burradoo - Stair Treads.xlsx,.xlsx,5864,2026-07-27 12:31:06,2025-09-25 15:24:39,Projects,High,knowledge/sources/projects/
DOC-00432,knowledge_inbox\projects\2509\harbison_burradoo\queries\Harbison Burradoo Stage 2 Queries 03092025 (SUBMITTED).docx,Harbison Burradoo Stage 2 Queries 03092025 (SUBMITTED).docx,.docx,325761,2026-07-27 12:31:57,2025-09-03 23:56:29,Projects,High,knowledge/sources/projects/
DOC-00433,knowledge_inbox\projects\2509\harbison_burradoo\queries\Harbison Burradoo Stage 2 Queries 04092025 (SUBMITTED).docx,Harbison Burradoo Stage 2 Queries 04092025 (SUBMITTED).docx,.docx,1184102,2026-07-27 12:31:57,2025-09-04 23:44:44,Projects,High,knowledge/sources/projects/
DOC-00434,knowledge_inbox\projects\2509\harbison_burradoo\queries\Harbison Burradoo Stage 2 Queries 05092025 (SUBMITTED).docx,Harbison Burradoo Stage 2 Queries 05092025 (SUBMITTED).docx,.docx,272488,2026-07-27 12:31:57,2025-09-05 23:23:17,Projects,High,knowledge/sources/projects/
DOC-00435,knowledge_inbox\projects\2509\harbison_burradoo\queries\Harbison Burradoo Stage 2 Queries 08092025 (SUBMITTED).docx,Harbison Burradoo Stage 2 Queries 08092025 (SUBMITTED).docx,.docx,210479,2026-07-27 12:31:57,2025-09-08 17:20:27,Projects,High,knowledge/sources/projects/
DOC-00436,knowledge_inbox\projects\2509\harbison_burradoo\queries\Harbison Burradoo Stage 2 Queries 09092025 (SUBMITTED).docx,Harbison Burradoo Stage 2 Queries 09092025 (SUBMITTED).docx,.docx,271626,2026-07-27 12:31:57,2025-09-09 07:30:59,Projects,High,knowledge/sources/projects/
DOC-00437,knowledge_inbox\projects\2509\harbison_burradoo\queries\Harbison Burradoo Stage 2 Queries 18092025 (SUBMITTED).docx,Harbison Burradoo Stage 2 Queries 18092025 (SUBMITTED).docx,.docx,770819,2026-07-27 12:31:57,2025-09-18 14:29:24,Projects,High,knowledge/sources/projects/
DOC-00438,knowledge_inbox\projects\2509\harbison_burradoo\queries\Harbisson Clients Comment 08122025.docx,Harbisson Clients Comment 08122025.docx,.docx,521210,2026-07-27 12:31:57,2025-12-08 16:42:29,Projects,High,knowledge/sources/projects/
DOC-00439,knowledge_inbox\projects\2509\harbison_burradoo\setup\Harbison Burradoo Stage 2 Door and Window Set-Up.xlsx,Harbison Burradoo Stage 2 Door and Window Set-Up.xlsx,.xlsx,1414614,2026-07-27 12:31:40,2025-09-18 14:56:47,Projects,High,knowledge/sources/projects/
DOC-00440,knowledge_inbox\projects\2509\harbison_burradoo\setup\Harbison Burradoo Stage 2 Elemental Checklist.xlsx,Harbison Burradoo Stage 2 Elemental Checklist.xlsx,.xlsx,116317,2026-07-27 12:31:40,2025-08-26 13:43:24,Projects,High,knowledge/sources/projects/
DOC-00441,knowledge_inbox\projects\2509\harbison_burradoo\setup\Harbison Burradoo Stage 2 Excel to CostX Workbook.xlsx,Harbison Burradoo Stage 2 Excel to CostX Workbook.xlsx,.xlsx,22648,2026-07-27 12:31:40,2024-11-13 08:31:21,Projects,High,knowledge/sources/projects/
DOC-00442,knowledge_inbox\projects\2509\harbison_burradoo\setup\Harbison Burradoo Stage 2 FFE Description Set Up.xlsx,Harbison Burradoo Stage 2 FFE Description Set Up.xlsx,.xlsx,1925048,2026-07-27 12:31:40,2025-09-17 23:41:11,Projects,High,knowledge/sources/projects/
DOC-00443,knowledge_inbox\projects\2509\harbison_burradoo\setup\Harbison Burradoo Stage 2 Items to Check.xlsx,Harbison Burradoo Stage 2 Items to Check.xlsx,.xlsx,15614,2026-07-27 12:31:40,2024-12-05 22:31:14,Projects,High,knowledge/sources/projects/
DOC-00444,knowledge_inbox\projects\2509\harbison_burradoo\setup\Harbison Burradoo Stage 2 Joinery Setup 1.xlsx,Harbison Burradoo Stage 2 Joinery Setup 1.xlsx,.xlsx,57076,2026-07-27 12:31:40,2025-09-10 16:49:09,Projects,High,knowledge/sources/projects/
DOC-00445,knowledge_inbox\projects\2509\harbison_burradoo\setup\Harbison Burradoo Stage 2 Joinery Setup.xlsx,Harbison Burradoo Stage 2 Joinery Setup.xlsx,.xlsx,45670,2026-07-27 12:31:40,2025-09-08 17:21:15,Projects,High,knowledge/sources/projects/
DOC-00446,knowledge_inbox\projects\2509\harbison_burradoo\setup\Harbison Burradoo Stage 2 Window Set-Up.xlsx,Harbison Burradoo Stage 2 Window Set-Up.xlsx,.xlsx,1714053,2026-07-27 12:31:40,2025-10-07 16:46:13,Projects,High,knowledge/sources/projects/
DOC-00447,knowledge_inbox\projects\2509\harbison_burradoo\setup\Structural Steel Program 09012024.xlsx,Structural Steel Program 09012024.xlsx,.xlsx,654415,2026-07-27 12:31:40,2025-09-02 14:56:34,Projects,High,knowledge/sources/projects/
DOC-00448,knowledge_inbox\projects\2509\rouse_hill_hospital\bulkcheck\Rouse Hill Hospital Bulk Check.xlsx,Rouse Hill Hospital Bulk Check.xlsx,.xlsx,88828,2026-07-27 12:34:02,2025-09-04 10:46:33,Projects,High,knowledge/sources/projects/
DOC-00449,knowledge_inbox\projects\2509\rouse_hill_hospital\checklist\Rouse Hill Hospital Checklist.xlsx,Rouse Hill Hospital Checklist.xlsx,.xlsx,2252059,2026-07-27 12:34:05,2025-09-04 14:54:39,Projects,High,knowledge/sources/projects/
DOC-00450,knowledge_inbox\projects\2509\rouse_hill_hospital\docs\Rouse Hill Hospital Response 28082025.docx,Rouse Hill Hospital Response 28082025.docx,.docx,473784,2026-07-27 12:34:29,2025-08-29 15:16:26,Projects,High,knowledge/sources/projects/
DOC-00451,knowledge_inbox\projects\2509\rouse_hill_hospital\docs\Wall Types.pdf,Wall Types.pdf,.pdf,12570572,2026-07-27 12:33:57,2025-08-27 09:20:19,Projects,High,knowledge/sources/projects/
DOC-00452,knowledge_inbox\projects\2509\rouse_hill_hospital\export\Rouse Hill Hospital - Wall Types Masterfile 03092025.exf,Rouse Hill Hospital - Wall Types Masterfile 03092025.exf,.exf,11664931,2026-07-27 12:33:13,2025-09-03 13:52:43,Projects,High,knowledge/sources/projects/
DOC-00453,knowledge_inbox\projects\2509\rouse_hill_hospital\export\Rouse Hill Hospital - Wall Types Masterfile 03092025.xlsX,Rouse Hill Hospital - Wall Types Masterfile 03092025.xlsX,.xlsx,8242,2026-07-27 12:33:13,2025-09-03 13:52:58,Projects,High,knowledge/sources/projects/
DOC-00454,knowledge_inbox\projects\2509\rouse_hill_hospital\export\Rouse Hill Hospital.e0x,Rouse Hill Hospital.e0x,.e0x,32267,2026-07-27 12:33:13,2025-09-03 14:55:40,Projects,High,knowledge/sources/projects/
DOC-00455,knowledge_inbox\projects\2509\rouse_hill_hospital\queries\Rouse Hill HospitaL 250828.docx,Rouse Hill HospitaL 250828.docx,.docx,363246,2026-07-27 12:34:18,2025-08-29 00:02:23,Projects,High,knowledge/sources/projects/
DOC-00456,knowledge_inbox\projects\2509\rouse_hill_hospital\queries\Rouse Hill HospitaL 250904.docx,Rouse Hill HospitaL 250904.docx,.docx,1562318,2026-07-27 12:34:18,2025-09-04 16:52:08,Projects,High,knowledge/sources/projects/
DOC-00457,knowledge_inbox\projects\2509\rouse_hill_hospital\setup\Rouse Hill Hospital Door and Window Set-Up.xlsx,Rouse Hill Hospital Door and Window Set-Up.xlsx,.xlsx,1388337,2026-07-27 12:34:12,2025-05-29 07:54:50,Projects,High,knowledge/sources/projects/
DOC-00458,knowledge_inbox\projects\2509\rouse_hill_hospital\setup\Rouse Hill Hospital Elemental Checklist.xlsx,Rouse Hill Hospital Elemental Checklist.xlsx,.xlsx,116270,2026-07-27 12:34:12,2025-08-27 09:24:04,Projects,High,knowledge/sources/projects/
DOC-00459,knowledge_inbox\projects\2509\rouse_hill_hospital\setup\Rouse Hill Hospital Excel to CostX Workbook.xlsx,Rouse Hill Hospital Excel to CostX Workbook.xlsx,.xlsx,22648,2026-07-27 12:34:12,2024-11-13 08:31:21,Projects,High,knowledge/sources/projects/
DOC-00460,knowledge_inbox\projects\2509\rouse_hill_hospital\setup\Rouse Hill Hospital FFE Description Set Up.xlsx,Rouse Hill Hospital FFE Description Set Up.xlsx,.xlsx,26619,2026-07-27 12:34:12,2025-03-03 15:18:23,Projects,High,knowledge/sources/projects/
DOC-00461,knowledge_inbox\projects\2509\rouse_hill_hospital\setup\Rouse Hill Hospital Items to Check.xlsx,Rouse Hill Hospital Items to Check.xlsx,.xlsx,15614,2026-07-27 12:34:12,2024-12-05 22:31:14,Projects,High,knowledge/sources/projects/
DOC-00462,knowledge_inbox\projects\2509\rouse_hill_hospital\setup\Rouse Hill Hospital Joinery Setup.xlsx,Rouse Hill Hospital Joinery Setup.xlsx,.xlsx,29359,2026-07-27 12:34:12,2024-08-16 08:12:42,Projects,High,knowledge/sources/projects/
DOC-00463,knowledge_inbox\projects\2509\rouse_hill_hospital\setup\Structural Steel Program 09012024.xlsx,Structural Steel Program 09012024.xlsx,.xlsx,648473,2026-07-27 12:34:12,2024-08-16 08:06:49,Projects,High,knowledge/sources/projects/
DOC-00464,knowledge_inbox\projects\2510\austral_ecs\bulkcheck\Austral ECS Bulk Check.xlsx,Austral ECS Bulk Check.xlsx,.xlsx,89798,2026-07-27 11:31:25,2025-10-22 19:42:40,Projects,High,knowledge/sources/projects/
DOC-00465,knowledge_inbox\projects\2510\austral_ecs\checklist\Austral ECS Checklist.xlsx,Austral ECS Checklist.xlsx,.xlsx,117883,2026-07-27 11:31:23,2025-10-27 13:10:07,Projects,High,knowledge/sources/projects/
DOC-00466,knowledge_inbox\projects\2510\austral_ecs\docs\0. Architectural Combined.pdf,0. Architectural Combined.pdf,.pdf,44164421,2026-07-27 11:31:32,2025-10-17 23:56:27,Projects,High,knowledge/sources/projects/
DOC-00467,knowledge_inbox\projects\2510\austral_ecs\docs\0. Civil Combined.pdf,0. Civil Combined.pdf,.pdf,20552154,2026-07-27 11:31:32,2025-10-20 08:07:34,Projects,High,knowledge/sources/projects/
DOC-00468,knowledge_inbox\projects\2510\austral_ecs\docs\0. Kitchen Combined.pdf,0. Kitchen Combined.pdf,.pdf,1335297,2026-07-27 11:31:33,2025-10-17 22:06:51,Projects,High,knowledge/sources/projects/
DOC-00469,knowledge_inbox\projects\2510\austral_ecs\docs\0. Landscape Combined.pdf,0. Landscape Combined.pdf,.pdf,16868551,2026-07-27 11:31:33,2025-10-16 10:58:35,Projects,High,knowledge/sources/projects/
DOC-00470,knowledge_inbox\projects\2510\austral_ecs\docs\0. Schedule Combined.pdf,0. Schedule Combined.pdf,.pdf,5251590,2026-07-27 11:31:33,2025-10-14 15:29:11,Projects,High,knowledge/sources/projects/
DOC-00471,knowledge_inbox\projects\2510\austral_ecs\docs\0. Structural Combined.pdf,0. Structural Combined.pdf,.pdf,1829728,2026-07-27 11:31:33,2025-10-13 12:01:19,Projects,High,knowledge/sources/projects/
DOC-00472,knowledge_inbox\projects\2510\austral_ecs\docs\report\2024-12-16-scecs-austral-access-review-funktion.pdf,2024-12-16-scecs-austral-access-review-funktion.pdf,.pdf,677963,2026-07-27 11:32:03,2025-10-13 12:01:13,Projects,High,knowledge/sources/projects/
DOC-00473,knowledge_inbox\projects\2510\austral_ecs\docs\report\22-219479_Austral_Early_Childhood_Service_R03.pdf,22-219479_Austral_Early_Childhood_Service_R03.pdf,.pdf,375414,2026-07-27 11:32:07,2025-10-13 12:01:16,Projects,High,knowledge/sources/projects/
DOC-00474,knowledge_inbox\projects\2510\austral_ecs\docs\report\230020-AC-SPEC[A].pdf,230020-AC-SPEC[A].pdf,.pdf,2164731,2026-07-27 11:31:59,2025-10-13 12:01:13,Projects,High,knowledge/sources/projects/
DOC-00475,knowledge_inbox\projects\2510\austral_ecs\docs\report\230235_Austral_ECS_NCC2022_Section_J_Part_J4_DTS_Statement_of_Compliance_Rev_C.pdf,230235_Austral_ECS_NCC2022_Section_J_Part_J4_DTS_Statement_of_Compliance_Rev_C.pdf,.pdf,2933214,2026-07-27 11:32:15,2025-10-13 12:01:19,Projects,High,knowledge/sources/projects/
DOC-00476,knowledge_inbox\projects\2510\austral_ecs\docs\report\41240DT_11-09-19.pdf,41240DT_11-09-19.pdf,.pdf,7095865,2026-07-27 11:32:19,2025-10-13 12:01:19,Projects,High,knowledge/sources/projects/
DOC-00477,knowledge_inbox\projects\2510\austral_ecs\docs\tendering\Conditions_of_Tender.pdf,Conditions_of_Tender.pdf,.pdf,237176,2026-07-27 11:31:54,2025-10-13 12:01:18,Projects,High,knowledge/sources/projects/
DOC-00478,knowledge_inbox\projects\2510\austral_ecs\docs\tendering\Master_Document_Schedule_03.10.2025.pdf,Master_Document_Schedule_03.10.2025.pdf,.pdf,88634,2026-07-27 11:31:54,2025-10-13 12:01:18,Projects,High,knowledge/sources/projects/
DOC-00479,knowledge_inbox\projects\2510\austral_ecs\docs\tendering\Preliminaries.pdf,Preliminaries.pdf,.pdf,1368821,2026-07-27 11:31:54,2025-10-13 12:01:18,Projects,High,knowledge/sources/projects/
DOC-00480,knowledge_inbox\projects\2510\austral_ecs\docs\tendering\Principals_Project_Requirements.pdf,Principals_Project_Requirements.pdf,.pdf,820601,2026-07-27 11:31:54,2025-10-13 12:01:18,Projects,High,knowledge/sources/projects/
DOC-00481,knowledge_inbox\projects\2510\austral_ecs\docs\tendering\Returnable_Schedules.pdf,Returnable_Schedules.pdf,.pdf,477085,2026-07-27 11:31:54,2025-10-13 12:01:18,Projects,High,knowledge/sources/projects/
DOC-00482,knowledge_inbox\projects\2510\austral_ecs\earthwork\1 Existing Elevation.PNG,1 Existing Elevation.PNG,.png,145209,2026-07-27 11:30:58,2025-10-20 16:29:13,Projects,High,knowledge/sources/projects/
DOC-00483,knowledge_inbox\projects\2510\austral_ecs\earthwork\2 Stripped Elevation.PNG,2 Stripped Elevation.PNG,.png,139348,2026-07-27 11:30:58,2025-10-20 16:29:54,Projects,High,knowledge/sources/projects/
DOC-00484,knowledge_inbox\projects\2510\austral_ecs\earthwork\3 Design Elevation.PNG,3 Design Elevation.PNG,.png,118905,2026-07-27 11:30:58,2025-10-20 16:30:33,Projects,High,knowledge/sources/projects/
DOC-00485,knowledge_inbox\projects\2510\austral_ecs\earthwork\4 Subgrade Elevation.PNG,4 Subgrade Elevation.PNG,.png,125145,2026-07-27 11:30:58,2025-10-20 16:31:01,Projects,High,knowledge/sources/projects/
DOC-00486,knowledge_inbox\projects\2510\austral_ecs\earthwork\Austral Earthwork.BAK,Austral Earthwork.BAK,.bak,2620205,2026-07-27 11:30:58,2025-10-20 15:26:38,Projects,High,knowledge/sources/projects/
DOC-00487,knowledge_inbox\projects\2510\austral_ecs\earthwork\Austral Earthwork.esw,Austral Earthwork.esw,.esw,2620205,2026-07-27 11:30:58,2025-10-20 16:31:26,Projects,High,knowledge/sources/projects/
DOC-00488,knowledge_inbox\projects\2510\austral_ecs\earthwork\Austral Earthwork.xlsx,Austral Earthwork.xlsx,.xlsx,10747,2026-07-27 11:30:58,2025-10-20 16:27:49,Projects,High,knowledge/sources/projects/
DOC-00489,knowledge_inbox\projects\2510\austral_ecs\export\1 Existing Elevation.PNG,1 Existing Elevation.PNG,.png,145209,2026-07-27 11:31:04,2025-10-20 16:29:13,Projects,High,knowledge/sources/projects/
DOC-00490,knowledge_inbox\projects\2510\austral_ecs\export\2 Stripped Elevation.PNG,2 Stripped Elevation.PNG,.png,139348,2026-07-27 11:31:04,2025-10-20 16:29:54,Projects,High,knowledge/sources/projects/
DOC-00491,knowledge_inbox\projects\2510\austral_ecs\export\3 Design Elevation.PNG,3 Design Elevation.PNG,.png,118905,2026-07-27 11:31:04,2025-10-20 16:30:33,Projects,High,knowledge/sources/projects/
DOC-00492,knowledge_inbox\projects\2510\austral_ecs\export\4 Subgrade Elevation.PNG,4 Subgrade Elevation.PNG,.png,125145,2026-07-27 11:31:04,2025-10-20 16:31:01,Projects,High,knowledge/sources/projects/
DOC-00493,knowledge_inbox\projects\2510\austral_ecs\export\AECS Masterfile - 22102025.CBX,AECS Masterfile - 22102025.CBX,.cbx,69570752,2026-07-27 11:31:04,2025-10-22 20:27:35,Projects,High,knowledge/sources/projects/
DOC-00494,knowledge_inbox\projects\2510\austral_ecs\export\AECS Masterfile - 22102025.xlsx,AECS Masterfile - 22102025.xlsx,.xlsx,172982,2026-07-27 11:31:05,2025-10-22 20:26:35,Projects,High,knowledge/sources/projects/
DOC-00495,knowledge_inbox\projects\2510\austral_ecs\export\Austral Earthwork.xlsx,Austral Earthwork.xlsx,.xlsx,10747,2026-07-27 11:31:05,2025-10-20 16:27:49,Projects,High,knowledge/sources/projects/
DOC-00496,knowledge_inbox\projects\2510\austral_ecs\queries\Austral ECS Queries 17102025 (SUBMITTED).docx,Austral ECS Queries 17102025 (SUBMITTED).docx,.docx,746382,2026-07-27 11:31:18,2025-10-17 18:55:15,Projects,High,knowledge/sources/projects/
DOC-00497,knowledge_inbox\projects\2510\austral_ecs\queries\Austral ECS Queries 20102025 (SUBMITTED).docx,Austral ECS Queries 20102025 (SUBMITTED).docx,.docx,508445,2026-07-27 11:31:18,2025-10-20 18:45:44,Projects,High,knowledge/sources/projects/
DOC-00498,knowledge_inbox\projects\2510\austral_ecs\queries\Austral ECS Queries 21102025 (SUBMITTED).docx,Austral ECS Queries 21102025 (SUBMITTED).docx,.docx,383058,2026-07-27 11:31:18,2025-10-21 23:56:49,Projects,High,knowledge/sources/projects/
DOC-00499,knowledge_inbox\projects\2510\austral_ecs\setup\Austral ECS Door and Window Set-Up.xlsx,Austral ECS Door and Window Set-Up.xlsx,.xlsx,1395691,2026-07-27 11:31:27,2025-10-16 16:36:28,Projects,High,knowledge/sources/projects/
DOC-00500,knowledge_inbox\projects\2510\austral_ecs\setup\Austral ECS Door Set-Up.xlsx,Austral ECS Door Set-Up.xlsx,.xlsx,1418369,2026-07-27 11:31:27,2025-11-06 23:00:27,Projects,High,knowledge/sources/projects/
DOC-00501,knowledge_inbox\projects\2510\austral_ecs\setup\Austral ECS Elemental Checklist.xlsx,Austral ECS Elemental Checklist.xlsx,.xlsx,116281,2026-07-27 11:31:27,2025-10-13 12:05:22,Projects,High,knowledge/sources/projects/
DOC-00502,knowledge_inbox\projects\2510\austral_ecs\setup\Austral ECS Excel to CostX Workbook.xlsx,Austral ECS Excel to CostX Workbook.xlsx,.xlsx,22648,2026-07-27 11:31:27,2024-11-13 08:31:21,Projects,High,knowledge/sources/projects/
DOC-00503,knowledge_inbox\projects\2510\austral_ecs\setup\Austral ECS FFE Description Set Up.xlsx,Austral ECS FFE Description Set Up.xlsx,.xlsx,2444890,2026-07-27 11:31:27,2025-10-17 23:51:37,Projects,High,knowledge/sources/projects/
DOC-00504,knowledge_inbox\projects\2510\austral_ecs\setup\Austral ECS Items to Check.xlsx,Austral ECS Items to Check.xlsx,.xlsx,15614,2026-07-27 11:31:27,2024-12-05 22:31:14,Projects,High,knowledge/sources/projects/
DOC-00505,knowledge_inbox\projects\2510\austral_ecs\setup\Austral ECS Joinery Setup.xlsx,Austral ECS Joinery Setup.xlsx,.xlsx,29359,2026-07-27 11:31:27,2024-08-16 08:12:42,Projects,High,knowledge/sources/projects/
DOC-00506,knowledge_inbox\projects\2510\austral_ecs\setup\Austral ECS Window Set-Up.xlsx,Austral ECS Window Set-Up.xlsx,.xlsx,973986,2026-07-27 11:31:27,2025-10-15 15:28:27,Projects,High,knowledge/sources/projects/
DOC-00507,knowledge_inbox\projects\2510\austral_ecs\setup\Structural Steel Program 09012024.xlsx,Structural Steel Program 09012024.xlsx,.xlsx,648473,2026-07-27 11:31:28,2024-08-16 08:06:49,Projects,High,knowledge/sources/projects/
DOC-00508,knowledge_inbox\projects\2510\calderwood_primary_school\bulkcheck\Calderwood Primary School Bulk Check.xlsx,Calderwood Primary School Bulk Check.xlsx,.xlsx,111866,2026-07-27 11:33:26,2025-10-20 09:45:33,Projects,High,knowledge/sources/projects/
DOC-00509,knowledge_inbox\projects\2510\calderwood_primary_school\checklist\Calderwood Primary School Checklist.xlsx,Calderwood Primary School Checklist.xlsx,.xlsx,2007351,2026-07-27 11:33:27,2025-10-20 14:49:28,Projects,High,knowledge/sources/projects/
DOC-00510,knowledge_inbox\projects\2510\calderwood_primary_school\docs\0. Architectural Combined.pdf,0. Architectural Combined.pdf,.pdf,110128205,2026-07-27 11:33:22,2025-10-17 17:47:57,Projects,High,knowledge/sources/projects/
DOC-00511,knowledge_inbox\projects\2510\calderwood_primary_school\docs\0. Civil Combined.pdf,0. Civil Combined.pdf,.pdf,19365403,2026-07-27 11:33:24,2025-10-09 17:21:03,Projects,High,knowledge/sources/projects/
DOC-00512,knowledge_inbox\projects\2510\calderwood_primary_school\docs\0. Landscape Combined-.pdf,0. Landscape Combined-.pdf,.pdf,53244969,2026-07-27 11:33:20,2025-10-14 07:57:19,Projects,High,knowledge/sources/projects/
DOC-00513,knowledge_inbox\projects\2510\calderwood_primary_school\docs\0. Landscape Combined.pdf,0. Landscape Combined.pdf,.pdf,56237191,2026-07-27 11:33:20,2025-10-13 05:56:21,Projects,High,knowledge/sources/projects/
DOC-00514,knowledge_inbox\projects\2510\calderwood_primary_school\docs\0. Schedule of Finishes.pdf,0. Schedule of Finishes.pdf,.pdf,130925236,2026-07-27 11:33:21,2025-09-30 09:52:18,Projects,High,knowledge/sources/projects/
DOC-00515,knowledge_inbox\projects\2510\calderwood_primary_school\docs\0. Structural Combined.pdf,0. Structural Combined.pdf,.pdf,36084093,2026-07-27 11:33:22,2025-10-03 10:14:04,Projects,High,knowledge/sources/projects/
DOC-00516,knowledge_inbox\projects\2510\calderwood_primary_school\docs\report\4.01 Detailed Survey\82015040-79-WAE 2025-05-22b.pdf,82015040-79-WAE 2025-05-22b.pdf,.pdf,21119445,2026-07-27 11:34:30,2025-09-30 09:52:07,Projects,High,knowledge/sources/projects/
DOC-00517,knowledge_inbox\projects\2510\calderwood_primary_school\docs\report\F3 - Final Geotechnical Report\Foundation inspection\GT4070EP-FI001.pdf,GT4070EP-FI001.pdf,.pdf,457841,2026-07-27 11:34:24,2025-09-30 09:53:00,Projects,High,knowledge/sources/projects/
DOC-00518,knowledge_inbox\projects\2510\calderwood_primary_school\docs\report\F3 - Final Geotechnical Report\Foundation inspection\GT4070EP-FI002.pdf,GT4070EP-FI002.pdf,.pdf,863426,2026-07-27 11:34:24,2025-09-30 09:53:00,Projects,High,knowledge/sources/projects/
DOC-00519,knowledge_inbox\projects\2510\calderwood_primary_school\docs\report\F3 - Final Geotechnical Report\Foundation inspection\GT4070EP-FI003.pdf,GT4070EP-FI003.pdf,.pdf,617422,2026-07-27 11:34:24,2025-09-30 09:53:00,Projects,High,knowledge/sources/projects/
DOC-00520,knowledge_inbox\projects\2510\calderwood_primary_school\docs\report\F3 - Final Geotechnical Report\Foundation inspection\GT4070EP-IM001 (Internal).pdf,GT4070EP-IM001 (Internal).pdf,.pdf,1173206,2026-07-27 11:34:24,2025-09-30 09:53:00,Projects,High,knowledge/sources/projects/
DOC-00521,knowledge_inbox\projects\2510\calderwood_primary_school\docs\report\F3 - Final Geotechnical Report\Level 1\GT4070-EP - Testing Register Level 1 .pdf,GT4070-EP - Testing Register Level 1 .pdf,.pdf,736493,2026-07-27 11:34:25,2025-09-30 09:53:00,Projects,High,knowledge/sources/projects/
DOC-00522,knowledge_inbox\projects\2510\calderwood_primary_school\docs\report\F3 - Final Geotechnical Report\Level 1\GT4070-EP - Testing Register Level 1 .xlsx,GT4070-EP - Testing Register Level 1 .xlsx,.xlsx,107316,2026-07-27 11:34:25,2025-09-30 09:53:00,Projects,High,knowledge/sources/projects/
DOC-00523,knowledge_inbox\projects\2510\calderwood_primary_school\docs\report\F3 - Final Geotechnical Report\Level 1\Reports\GTR4070EP_L1-1 (1-6) (DN 51571).pdf,GTR4070EP_L1-1 (1-6) (DN 51571).pdf,.pdf,280541,2026-07-27 11:34:25,2025-09-30 09:53:03,Projects,High,knowledge/sources/projects/
DOC-00524,knowledge_inbox\projects\2510\calderwood_primary_school\docs\report\F3 - Final Geotechnical Report\Level 1\Reports\GTR4070EP_L1-10 (37-38) (DN 50057).pdf,GTR4070EP_L1-10 (37-38) (DN 50057).pdf,.pdf,276419,2026-07-27 11:34:25,2025-09-30 09:53:03,Projects,High,knowledge/sources/projects/
DOC-00525,knowledge_inbox\projects\2510\calderwood_primary_school\docs\report\F3 - Final Geotechnical Report\Level 1\Reports\GTR4070EP_L1-11 (39-40) (DN 50057).pdf,GTR4070EP_L1-11 (39-40) (DN 50057).pdf,.pdf,276673,2026-07-27 11:34:25,2025-09-30 09:53:22,Projects,High,knowledge/sources/projects/
DOC-00526,knowledge_inbox\projects\2510\calderwood_primary_school\docs\report\F3 - Final Geotechnical Report\Level 1\Reports\GTR4070EP_L1-12 (41-42) (DN 50057).pdf,GTR4070EP_L1-12 (41-42) (DN 50057).pdf,.pdf,278691,2026-07-27 11:34:25,2025-09-30 09:53:22,Projects,High,knowledge/sources/projects/
DOC-00527,knowledge_inbox\projects\2510\calderwood_primary_school\docs\report\F3 - Final Geotechnical Report\Level 1\Reports\GTR4070EP_L1-13 (43-44) (DN 50057).pdf,GTR4070EP_L1-13 (43-44) (DN 50057).pdf,.pdf,278644,2026-07-27 11:34:25,2025-09-30 09:53:22,Projects,High,knowledge/sources/projects/
DOC-00528,knowledge_inbox\projects\2510\calderwood_primary_school\docs\report\F3 - Final Geotechnical Report\Level 1\Reports\GTR4070EP_L1-136 (482) (DN 54975).pdf,GTR4070EP_L1-136 (482) (DN 54975).pdf,.pdf,177235,2026-07-27 11:34:25,2025-09-30 09:53:22,Projects,High,knowledge/sources/projects/
DOC-00529,knowledge_inbox\projects\2510\calderwood_primary_school\docs\report\F3 - Final Geotechnical Report\Level 1\Reports\GTR4070EP_L1-14 (45-46) (DN 50057).pdf,GTR4070EP_L1-14 (45-46) (DN 50057).pdf,.pdf,279037,2026-07-27 11:34:25,2025-09-30 09:53:22,Projects,High,knowledge/sources/projects/
DOC-00530,knowledge_inbox\projects\2510\calderwood_primary_school\docs\report\F3 - Final Geotechnical Report\Level 1\Reports\GTR4070EP_L1-15 (47-48) (DN 50057).pdf,GTR4070EP_L1-15 (47-48) (DN 50057).pdf,.pdf,277004,2026-07-27 11:34:25,2025-09-30 09:53:22,Projects,High,knowledge/sources/projects/
DOC-00531,knowledge_inbox\projects\2510\calderwood_primary_school\docs\report\F3 - Final Geotechnical Report\Level 1\Reports\GTR4070EP_L1-16 (49-53) (DN 51217).pdf,GTR4070EP_L1-16 (49-53) (DN 51217).pdf,.pdf,280162,2026-07-27 11:34:25,2025-09-30 09:53:22,Projects,High,knowledge/sources/projects/
DOC-00532,knowledge_inbox\projects\2510\calderwood_primary_school\docs\report\F3 - Final Geotechnical Report\Level 1\Reports\GTR4070EP_L1-17 (54-58) (DN 51217).pdf,GTR4070EP_L1-17 (54-58) (DN 51217).pdf,.pdf,280165,2026-07-27 11:34:25,2025-09-30 09:53:22,Projects,High,knowledge/sources/projects/
DOC-00533,knowledge_inbox\projects\2510\calderwood_primary_school\docs\report\F3 - Final Geotechnical Report\Level 1\Reports\GTR4070EP_L1-18 (59-62) (DN 51218).pdf,GTR4070EP_L1-18 (59-62) (DN 51218).pdf,.pdf,279561,2026-07-27 11:34:25,2025-09-30 09:53:22,Projects,High,knowledge/sources/projects/
DOC-00534,knowledge_inbox\projects\2510\calderwood_primary_school\docs\report\F3 - Final Geotechnical Report\Level 1\Reports\GTR4070EP_L1-19 (63-66) (DN 51218).pdf,GTR4070EP_L1-19 (63-66) (DN 51218).pdf,.pdf,280053,2026-07-27 11:34:25,2025-09-30 09:53:22,Projects,High,knowledge/sources/projects/
DOC-00535,knowledge_inbox\projects\2510\calderwood_primary_school\docs\report\F3 - Final Geotechnical Report\Level 1\Reports\GTR4070EP_L1-2 (7-9) (DN 51212).pdf,GTR4070EP_L1-2 (7-9) (DN 51212).pdf,.pdf,279539,2026-07-27 11:34:25,2025-09-30 09:53:22,Projects,High,knowledge/sources/projects/
DOC-00536,knowledge_inbox\projects\2510\calderwood_primary_school\docs\report\F3 - Final Geotechnical Report\Level 1\Reports\GTR4070EP_L1-20 (67-70) (DN 51218).pdf,GTR4070EP_L1-20 (67-70) (DN 51218).pdf,.pdf,279573,2026-07-27 11:34:25,2025-09-30 09:53:22,Projects,High,knowledge/sources/projects/
DOC-00537,knowledge_inbox\projects\2510\calderwood_primary_school\docs\report\F3 - Final Geotechnical Report\Level 1\Reports\GTR4070EP_L1-21 (71-73) (DN 51220).pdf,GTR4070EP_L1-21 (71-73) (DN 51220).pdf,.pdf,277124,2026-07-27 11:34:26,2025-09-30 09:53:22,Projects,High,knowledge/sources/projects/
DOC-00538,knowledge_inbox\projects\2510\calderwood_primary_school\docs\report\F3 - Final Geotechnical Report\Level 1\Reports\GTR4070EP_L1-22 (74-76) (DN 51231).pdf,GTR4070EP_L1-22 (74-76) (DN 51231).pdf,.pdf,278855,2026-07-27 11:34:26,2025-09-30 09:53:22,Projects,High,knowledge/sources/projects/
DOC-00539,knowledge_inbox\projects\2510\calderwood_primary_school\docs\report\F3 - Final Geotechnical Report\Level 1\Reports\GTR4070EP_L1-23 (77-78) (DN 51231).pdf,GTR4070EP_L1-23 (77-78) (DN 51231).pdf,.pdf,278116,2026-07-27 11:34:26,2025-09-30 09:53:22,Projects,High,knowledge/sources/projects/
DOC-00540,knowledge_inbox\projects\2510\calderwood_primary_school\docs\report\F3 - Final Geotechnical Report\Level 1\Reports\GTR4070EP_L1-24 (79-80) (DN 51231).pdf,GTR4070EP_L1-24 (79-80) (DN 51231).pdf,.pdf,278408,2026-07-27 11:34:26,2025-09-30 09:53:22,Projects,High,knowledge/sources/projects/
DOC-00541,knowledge_inbox\projects\2510\calderwood_primary_school\docs\report\F3 - Final Geotechnical Report\Level 1\Reports\GTR4070EP_L1-25 (81-82) (DN 51231).pdf,GTR4070EP_L1-25 (81-82) (DN 51231).pdf,.pdf,278406,2026-07-27 11:34:26,2025-09-30 09:53:22,Projects,High,knowledge/sources/projects/
DOC-00542,knowledge_inbox\projects\2510\calderwood_primary_school\docs\report\F3 - Final Geotechnical Report\Level 1\Reports\GTR4070EP_L1-26 (83-84) (DN 51231).pdf,GTR4070EP_L1-26 (83-84) (DN 51231).pdf,.pdf,278656,2026-07-27 11:34:26,2025-09-30 09:53:22,Projects,High,knowledge/sources/projects/
DOC-00543,knowledge_inbox\projects\2510\calderwood_primary_school\docs\report\F3 - Final Geotechnical Report\Level 1\Reports\GTR4070EP_L1-27 (85-90) (DN 51241).pdf,GTR4070EP_L1-27 (85-90) (DN 51241).pdf,.pdf,280481,2026-07-27 11:34:26,2025-09-30 09:53:23,Projects,High,knowledge/sources/projects/
DOC-00544,knowledge_inbox\projects\2510\calderwood_primary_school\docs\report\F3 - Final Geotechnical Report\Level 1\Reports\GTR4070EP_L1-28 (91-96) (DN 51246).pdf,GTR4070EP_L1-28 (91-96) (DN 51246).pdf,.pdf,123428,2026-07-27 11:34:26,2025-09-30 09:53:23,Projects,High,knowledge/sources/projects/
DOC-00545,knowledge_inbox\projects\2510\calderwood_primary_school\docs\report\F3 - Final Geotechnical Report\Level 1\Reports\GTR4070EP_L1-3 (10-12) (DN 51212).pdf,GTR4070EP_L1-3 (10-12) (DN 51212).pdf,.pdf,279509,2026-07-27 11:34:26,2025-09-30 09:53:23,Projects,High,knowledge/sources/projects/
DOC-00546,knowledge_inbox\projects\2510\calderwood_primary_school\docs\report\F3 - Final Geotechnical Report\Level 1\Reports\GTR4070EP_L1-4 (13-15) (DN 51212).pdf,GTR4070EP_L1-4 (13-15) (DN 51212).pdf,.pdf,279509,2026-07-27 11:34:26,2025-09-30 09:53:23,Projects,High,knowledge/sources/projects/
DOC-00547,knowledge_inbox\projects\2510\calderwood_primary_school\docs\report\F3 - Final Geotechnical Report\Level 1\Reports\GTR4070EP_L1-41 (150-153) (DN TBA).pdf,GTR4070EP_L1-41 (150-153) (DN TBA).pdf,.pdf,280490,2026-07-27 11:34:26,2025-09-30 09:53:23,Projects,High,knowledge/sources/projects/
DOC-00548,knowledge_inbox\projects\2510\calderwood_primary_school\docs\report\F3 - Final Geotechnical Report\Level 1\Reports\GTR4070EP_L1-42 (154-159) (DN TBA).pdf,GTR4070EP_L1-42 (154-159) (DN TBA).pdf,.pdf,281203,2026-07-27 11:34:26,2025-09-30 09:53:23,Projects,High,knowledge/sources/projects/
DOC-00549,knowledge_inbox\projects\2510\calderwood_primary_school\docs\report\F3 - Final Geotechnical Report\Level 1\Reports\GTR4070EP_L1-43 (160-162) (DN TBA).pdf,GTR4070EP_L1-43 (160-162) (DN TBA).pdf,.pdf,277833,2026-07-27 11:34:26,2025-09-30 09:53:23,Projects,High,knowledge/sources/projects/
DOC-00550,knowledge_inbox\projects\2510\calderwood_primary_school\docs\report\F3 - Final Geotechnical Report\Level 1\Reports\GTR4070EP_L1-44 (163-166) (DN TBA).pdf,GTR4070EP_L1-44 (163-166) (DN TBA).pdf,.pdf,279757,2026-07-27 11:34:26,2025-09-30 09:53:23,Projects,High,knowledge/sources/projects/
DOC-00551,knowledge_inbox\projects\2510\calderwood_primary_school\docs\report\F3 - Final Geotechnical Report\Level 1\Reports\GTR4070EP_L1-46 (173-174) (DN TBA).pdf,GTR4070EP_L1-46 (173-174) (DN TBA).pdf,.pdf,143961,2026-07-27 11:34:26,2025-09-30 09:53:23,Projects,High,knowledge/sources/projects/
DOC-00552,knowledge_inbox\projects\2510\calderwood_primary_school\docs\report\F3 - Final Geotechnical Report\Level 1\Reports\GTR4070EP_L1-47 (175) (DN TBA).pdf,GTR4070EP_L1-47 (175) (DN TBA).pdf,.pdf,142753,2026-07-27 11:34:26,2025-09-30 09:53:23,Projects,High,knowledge/sources/projects/
DOC-00553,knowledge_inbox\projects\2510\calderwood_primary_school\docs\report\F3 - Final Geotechnical Report\Level 1\Reports\GTR4070EP_L1-5 (16-18) (DN 51213).pdf,GTR4070EP_L1-5 (16-18) (DN 51213).pdf,.pdf,279206,2026-07-27 11:34:26,2025-09-30 09:53:23,Projects,High,knowledge/sources/projects/
DOC-00554,knowledge_inbox\projects\2510\calderwood_primary_school\docs\report\F3 - Final Geotechnical Report\Level 1\Reports\GTR4070EP_L1-6 (19-21) (DN 51213).pdf,GTR4070EP_L1-6 (19-21) (DN 51213).pdf,.pdf,277360,2026-07-27 11:34:26,2025-09-30 09:53:23,Projects,High,knowledge/sources/projects/
DOC-00555,knowledge_inbox\projects\2510\calderwood_primary_school\docs\report\F3 - Final Geotechnical Report\Level 1\Reports\GTR4070EP_L1-61 (223) (DN 52630).pdf,GTR4070EP_L1-61 (223) (DN 52630).pdf,.pdf,276558,2026-07-27 11:34:27,2025-09-30 09:53:23,Projects,High,knowledge/sources/projects/
DOC-00556,knowledge_inbox\projects\2510\calderwood_primary_school\docs\report\F3 - Final Geotechnical Report\Level 1\Reports\GTR4070EP_L1-7 (22-26) (DN 51213).pdf,GTR4070EP_L1-7 (22-26) (DN 51213).pdf,.pdf,280488,2026-07-27 11:34:27,2025-09-30 09:53:23,Projects,High,knowledge/sources/projects/
DOC-00557,knowledge_inbox\projects\2510\calderwood_primary_school\docs\report\F3 - Final Geotechnical Report\Level 1\Reports\GTR4070EP_L1-77 (270) (DN 52633).pdf,GTR4070EP_L1-77 (270) (DN 52633).pdf,.pdf,276311,2026-07-27 11:34:27,2025-09-30 09:53:23,Projects,High,knowledge/sources/projects/
DOC-00558,knowledge_inbox\projects\2510\calderwood_primary_school\docs\report\F3 - Final Geotechnical Report\Level 1\Reports\GTR4070EP_L1-8 (27-31) (DN 51213).pdf,GTR4070EP_L1-8 (27-31) (DN 51213).pdf,.pdf,280467,2026-07-27 11:34:27,2025-09-30 09:53:23,Projects,High,knowledge/sources/projects/
DOC-00559,knowledge_inbox\projects\2510\calderwood_primary_school\docs\report\F3 - Final Geotechnical Report\Level 1\Reports\GTR4070EP_L1-89 (309-311) (DN TBA).pdf,GTR4070EP_L1-89 (309-311) (DN TBA).pdf,.pdf,144301,2026-07-27 11:34:27,2025-09-30 09:53:23,Projects,High,knowledge/sources/projects/
DOC-00560,knowledge_inbox\projects\2510\calderwood_primary_school\docs\report\F3 - Final Geotechnical Report\Level 1\Reports\GTR4070EP_L1-9 (32-36) (DN 51213).pdf,GTR4070EP_L1-9 (32-36) (DN 51213).pdf,.pdf,280473,2026-07-27 11:34:27,2025-09-30 09:53:23,Projects,High,knowledge/sources/projects/
DOC-00561,knowledge_inbox\projects\2510\calderwood_primary_school\docs\report\F3 - Final Geotechnical Report\Level 1\Reports\Thumbs.db,Thumbs.db,.db,507392,2026-07-27 11:34:27,2025-10-16 20:26:52,Projects,High,knowledge/sources/projects/
DOC-00562,knowledge_inbox\projects\2510\calderwood_primary_school\docs\report\F3 - Final Geotechnical Report\Level 2\GTR4070EP-L2_1 (1-3) (DN 51242).pdf,GTR4070EP-L2_1 (1-3) (DN 51242).pdf,.pdf,262647,2026-07-27 11:34:27,2025-09-30 09:53:23,Projects,High,knowledge/sources/projects/
DOC-00563,knowledge_inbox\projects\2510\calderwood_primary_school\docs\report\F3 - Final Geotechnical Report\Level 2\GTR4070EP-L2_10 (31-34) (DN 50658).pdf,GTR4070EP-L2_10 (31-34) (DN 50658).pdf,.pdf,262737,2026-07-27 11:34:27,2025-09-30 09:53:23,Projects,High,knowledge/sources/projects/
DOC-00564,knowledge_inbox\projects\2510\calderwood_primary_school\docs\report\F3 - Final Geotechnical Report\Level 2\GTR4070EP-L2_101 (331) (DN 47740).pdf,GTR4070EP-L2_101 (331) (DN 47740).pdf,.pdf,261529,2026-07-27 11:34:27,2025-09-30 09:53:23,Projects,High,knowledge/sources/projects/
DOC-00565,knowledge_inbox\projects\2510\calderwood_primary_school\docs\report\F3 - Final Geotechnical Report\Level 2\GTR4070EP-L2_103 (336-340) (DN 50080).pdf,GTR4070EP-L2_103 (336-340) (DN 50080).pdf,.pdf,260336,2026-07-27 11:34:27,2025-09-30 09:53:23,Projects,High,knowledge/sources/projects/
DOC-00566,knowledge_inbox\projects\2510\calderwood_primary_school\docs\report\F3 - Final Geotechnical Report\Level 2\GTR4070EP-L2_104 (341-342) (DN 50085).pdf,GTR4070EP-L2_104 (341-342) (DN 50085).pdf,.pdf,262303,2026-07-27 11:34:27,2025-09-30 09:53:23,Projects,High,knowledge/sources/projects/
DOC-00567,knowledge_inbox\projects\2510\calderwood_primary_school\docs\report\F3 - Final Geotechnical Report\Level 2\GTR4070EP-L2_109 (352-354) (DN 50090).pdf,GTR4070EP-L2_109 (352-354) (DN 50090).pdf,.pdf,263497,2026-07-27 11:34:27,2025-09-30 09:53:23,Projects,High,knowledge/sources/projects/
DOC-00568,knowledge_inbox\projects\2510\calderwood_primary_school\docs\report\F3 - Final Geotechnical Report\Level 2\GTR4070EP-L2_11 (35-36) (DN 50666) Max Min.pdf,GTR4070EP-L2_11 (35-36) (DN 50666) Max Min.pdf,.pdf,254704,2026-07-27 11:34:27,2025-09-30 09:53:23,Projects,High,knowledge/sources/projects/
DOC-00569,knowledge_inbox\projects\2510\calderwood_primary_school\docs\report\F3 - Final Geotechnical Report\Level 2\GTR4070EP-L2_110 (355-360) (DN 50091).pdf,GTR4070EP-L2_110 (355-360) (DN 50091).pdf,.pdf,263956,2026-07-27 11:34:27,2025-09-30 09:53:23,Projects,High,knowledge/sources/projects/
DOC-00570,knowledge_inbox\projects\2510\calderwood_primary_school\docs\report\F3 - Final Geotechnical Report\Level 2\GTR4070EP-L2_111 (361-364) (DN 50091).pdf,GTR4070EP-L2_111 (361-364) (DN 50091).pdf,.pdf,263221,2026-07-27 11:34:27,2025-09-30 09:53:23,Projects,High,knowledge/sources/projects/
DOC-00571,knowledge_inbox\projects\2510\calderwood_primary_school\docs\report\F3 - Final Geotechnical Report\Level 2\GTR4070EP-L2_112 (365-369) (DN 50091).pdf,GTR4070EP-L2_112 (365-369) (DN 50091).pdf,.pdf,263633,2026-07-27 11:34:28,2025-09-30 09:53:23,Projects,High,knowledge/sources/projects/
DOC-00572,knowledge_inbox\projects\2510\calderwood_primary_school\docs\report\F3 - Final Geotechnical Report\Level 2\GTR4070EP-L2_113 (370) (DN 54954).pdf,GTR4070EP-L2_113 (370) (DN 54954).pdf,.pdf,261252,2026-07-27 11:34:28,2025-09-30 09:53:23,Projects,High,knowledge/sources/projects/
DOC-00573,knowledge_inbox\projects\2510\calderwood_primary_school\docs\report\F3 - Final Geotechnical Report\Level 2\GTR4070EP-L2_114 (371-372) (DN 54954).pdf,GTR4070EP-L2_114 (371-372) (DN 54954).pdf,.pdf,262039,2026-07-27 11:34:28,2025-09-30 09:53:23,Projects,High,knowledge/sources/projects/
DOC-00574,knowledge_inbox\projects\2510\calderwood_primary_school\docs\report\F3 - Final Geotechnical Report\Level 2\GTR4070EP-L2_115 (373-374) (DN 54954).pdf,GTR4070EP-L2_115 (373-374) (DN 54954).pdf,.pdf,262063,2026-07-27 11:34:28,2025-09-30 09:53:23,Projects,High,knowledge/sources/projects/
DOC-00575,knowledge_inbox\projects\2510\calderwood_primary_school\docs\report\F3 - Final Geotechnical Report\Level 2\GTR4070EP-L2_116 (375-376) (DN 54954).pdf,GTR4070EP-L2_116 (375-376) (DN 54954).pdf,.pdf,261776,2026-07-27 11:34:28,2025-09-30 09:53:23,Projects,High,knowledge/sources/projects/
DOC-00576,knowledge_inbox\projects\2510\calderwood_primary_school\docs\report\F3 - Final Geotechnical Report\Level 2\GTR4070EP-L2_117 (377-378) (DN 54954).pdf,GTR4070EP-L2_117 (377-378) (DN 54954).pdf,.pdf,261530,2026-07-27 11:34:28,2025-09-30 09:53:23,Projects,High,knowledge/sources/projects/
DOC-00577,knowledge_inbox\projects\2510\calderwood_primary_school\docs\report\F3 - Final Geotechnical Report\Level 2\GTR4070EP-L2_118 (379-384) (DN 54961).pdf,GTR4070EP-L2_118 (379-384) (DN 54961).pdf,.pdf,265914,2026-07-27 11:34:28,2025-09-30 09:53:23,Projects,High,knowledge/sources/projects/
DOC-00578,knowledge_inbox\projects\2510\calderwood_primary_school\docs\report\F3 - Final Geotechnical Report\Level 2\GTR4070EP-L2_119 (385-389) (DN 54961).pdf,GTR4070EP-L2_119 (385-389) (DN 54961).pdf,.pdf,265850,2026-07-27 11:34:28,2025-09-30 09:53:24,Projects,High,knowledge/sources/projects/
DOC-00579,knowledge_inbox\projects\2510\calderwood_primary_school\docs\report\F3 - Final Geotechnical Report\Level 2\GTR4070EP-L2_12 (37-40) (DN 50668) Max Min.pdf,GTR4070EP-L2_12 (37-40) (DN 50668) Max Min.pdf,.pdf,255386,2026-07-27 11:34:28,2025-09-30 09:53:24,Projects,High,knowledge/sources/projects/
DOC-00580,knowledge_inbox\projects\2510\calderwood_primary_school\docs\report\F3 - Final Geotechnical Report\Level 2\GTR4070EP-L2_120 (390-395) (DN 54965).pdf,GTR4070EP-L2_120 (390-395) (DN 54965).pdf,.pdf,287315,2026-07-27 11:34:28,2025-09-30 09:53:24,Projects,High,knowledge/sources/projects/
DOC-00581,knowledge_inbox\projects\2510\calderwood_primary_school\docs\report\F3 - Final Geotechnical Report\Level 2\GTR4070EP-L2_121 (396-397) (DN 54965).pdf,GTR4070EP-L2_121 (396-397) (DN 54965).pdf,.pdf,285484,2026-07-27 11:34:28,2025-09-30 09:53:24,Projects,High,knowledge/sources/projects/
DOC-00582,knowledge_inbox\projects\2510\calderwood_primary_school\docs\report\F3 - Final Geotechnical Report\Level 2\GTR4070EP-L2_124 (402-405) (DN 54934).pdf,GTR4070EP-L2_124 (402-405) (DN 54934).pdf,.pdf,265024,2026-07-27 11:34:28,2025-09-30 09:53:24,Projects,High,knowledge/sources/projects/
DOC-00583,knowledge_inbox\projects\2510\calderwood_primary_school\docs\report\F3 - Final Geotechnical Report\Level 2\GTR4070EP-L2_13 (41-45) (DN 50679) Max Min.pdf,GTR4070EP-L2_13 (41-45) (DN 50679) Max Min.pdf,.pdf,256122,2026-07-27 11:34:28,2025-09-30 09:53:24,Projects,High,knowledge/sources/projects/
DOC-00584,knowledge_inbox\projects\2510\calderwood_primary_school\docs\report\F3 - Final Geotechnical Report\Level 2\GTR4070EP-L2_14 (46-49) (DN 50679).pdf,GTR4070EP-L2_14 (46-49) (DN 50679).pdf,.pdf,265748,2026-07-27 11:34:28,2025-09-30 09:53:24,Projects,High,knowledge/sources/projects/
DOC-00585,knowledge_inbox\projects\2510\calderwood_primary_school\docs\report\F3 - Final Geotechnical Report\Level 2\GTR4070EP-L2_15 (50-55) (DN 50679) Max Min.pdf,GTR4070EP-L2_15 (50-55) (DN 50679) Max Min.pdf,.pdf,256973,2026-07-27 11:34:28,2025-09-30 09:53:24,Projects,High,knowledge/sources/projects/
DOC-00586,knowledge_inbox\projects\2510\calderwood_primary_school\docs\report\F3 - Final Geotechnical Report\Level 2\GTR4070EP-L2_16 (56-59) (DN 50684).pdf,GTR4070EP-L2_16 (56-59) (DN 50684).pdf,.pdf,263600,2026-07-27 11:34:28,2025-09-30 09:53:24,Projects,High,knowledge/sources/projects/
DOC-00587,knowledge_inbox\projects\2510\calderwood_primary_school\docs\report\F3 - Final Geotechnical Report\Level 2\GTR4070EP-L2_17 (60-61) (DN 50684) Max Min.pdf,GTR4070EP-L2_17 (60-61) (DN 50684) Max Min.pdf,.pdf,255063,2026-07-27 11:34:28,2025-09-30 09:53:24,Projects,High,knowledge/sources/projects/
DOC-00588,knowledge_inbox\projects\2510\calderwood_primary_school\docs\report\F3 - Final Geotechnical Report\Level 2\GTR4070EP-L2_18 (62-65) (DN 50690) Max Min.pdf,GTR4070EP-L2_18 (62-65) (DN 50690) Max Min.pdf,.pdf,255546,2026-07-27 11:34:28,2025-09-30 09:53:24,Projects,High,knowledge/sources/projects/
DOC-00589,knowledge_inbox\projects\2510\calderwood_primary_school\docs\report\F3 - Final Geotechnical Report\Level 2\GTR4070EP-L2_19 (66-69) (DN 53652) Max Min.pdf,GTR4070EP-L2_19 (66-69) (DN 53652) Max Min.pdf,.pdf,141044,2026-07-27 11:34:28,2025-09-30 09:53:24,Projects,High,knowledge/sources/projects/
DOC-00590,knowledge_inbox\projects\2510\calderwood_primary_school\docs\report\F3 - Final Geotechnical Report\Level 2\GTR4070EP-L2_20 (70-75) (DN TBA).pdf,GTR4070EP-L2_20 (70-75) (DN TBA).pdf,.pdf,265637,2026-07-27 11:34:28,2025-09-30 09:53:24,Projects,High,knowledge/sources/projects/
DOC-00591,knowledge_inbox\projects\2510\calderwood_primary_school\docs\report\F3 - Final Geotechnical Report\Level 2\GTR4070EP-L2_21 (76-78) (DN TBA).pdf,GTR4070EP-L2_21 (76-78) (DN TBA).pdf,.pdf,264234,2026-07-27 11:34:29,2025-09-30 09:53:24,Projects,High,knowledge/sources/projects/
DOC-00592,knowledge_inbox\projects\2510\calderwood_primary_school\docs\report\F3 - Final Geotechnical Report\Level 2\GTR4070EP-L2_22 (79) (DN 52608).pdf,GTR4070EP-L2_22 (79) (DN 52608).pdf,.pdf,260812,2026-07-27 11:34:29,2025-09-30 09:53:24,Projects,High,knowledge/sources/projects/
DOC-00593,knowledge_inbox\projects\2510\calderwood_primary_school\docs\report\F3 - Final Geotechnical Report\Level 2\GTR4070EP-L2_23 (80-83) (DN 52608) Max Min.pdf,GTR4070EP-L2_23 (80-83) (DN 52608) Max Min.pdf,.pdf,256105,2026-07-27 11:34:29,2025-09-30 09:53:24,Projects,High,knowledge/sources/projects/
DOC-00594,knowledge_inbox\projects\2510\calderwood_primary_school\docs\report\F3 - Final Geotechnical Report\Level 2\GTR4070EP-L2_24 (84) (DN 52610).pdf,GTR4070EP-L2_24 (84) (DN 52610).pdf,.pdf,260620,2026-07-27 11:34:29,2025-09-30 09:53:24,Projects,High,knowledge/sources/projects/
DOC-00595,knowledge_inbox\projects\2510\calderwood_primary_school\docs\report\F3 - Final Geotechnical Report\Level 2\GTR4070EP-L2_25 (85-88) (DN 52610) Max Min.pdf,GTR4070EP-L2_25 (85-88) (DN 52610) Max Min.pdf,.pdf,256198,2026-07-27 11:34:29,2025-09-30 09:53:24,Projects,High,knowledge/sources/projects/
DOC-00596,knowledge_inbox\projects\2510\calderwood_primary_school\docs\report\F3 - Final Geotechnical Report\Level 2\GTR4070EP-L2_26 (89-90) (DN 52612).pdf,GTR4070EP-L2_26 (89-90) (DN 52612).pdf,.pdf,263695,2026-07-27 11:34:29,2025-09-30 09:53:24,Projects,High,knowledge/sources/projects/
DOC-00597,knowledge_inbox\projects\2510\calderwood_primary_school\docs\report\F3 - Final Geotechnical Report\Level 2\GTR4070EP-L2_27 (91-92) (DN 52612).pdf,GTR4070EP-L2_27 (91-92) (DN 52612).pdf,.pdf,263203,2026-07-27 11:34:29,2025-09-30 09:53:24,Projects,High,knowledge/sources/projects/
DOC-00598,knowledge_inbox\projects\2510\calderwood_primary_school\docs\report\F3 - Final Geotechnical Report\Level 2\GTR4070EP-L2_28 (93-96) (DN 52612) Max Min.pdf,GTR4070EP-L2_28 (93-96) (DN 52612) Max Min.pdf,.pdf,255750,2026-07-27 11:34:29,2025-09-30 09:53:24,Projects,High,knowledge/sources/projects/
DOC-00599,knowledge_inbox\projects\2510\calderwood_primary_school\docs\report\F3 - Final Geotechnical Report\Level 2\GTR4070EP-L2_29 (97-98) (DN 52612).pdf,GTR4070EP-L2_29 (97-98) (DN 52612).pdf,.pdf,263488,2026-07-27 11:34:29,2025-09-30 09:53:24,Projects,High,knowledge/sources/projects/
DOC-00600,knowledge_inbox\projects\2510\calderwood_primary_school\docs\report\F3 - Final Geotechnical Report\Level 2\GTR4070EP-L2_3 (5-8) (DN 51248).pdf,GTR4070EP-L2_3 (5-8) (DN 51248).pdf,.pdf,264836,2026-07-27 11:34:29,2025-09-30 09:53:24,Projects,High,knowledge/sources/projects/
DOC-00601,knowledge_inbox\projects\2510\calderwood_primary_school\docs\report\F3 - Final Geotechnical Report\Level 2\GTR4070EP-L2_31 (103-106) (DN 52613).pdf,GTR4070EP-L2_31 (103-106) (DN 52613).pdf,.pdf,145430,2026-07-27 11:34:29,2025-09-30 09:53:24,Projects,High,knowledge/sources/projects/
DOC-00602,knowledge_inbox\projects\2510\calderwood_primary_school\docs\report\F3 - Final Geotechnical Report\Level 2\GTR4070EP-L2_34 (115-118) (DN 52614).pdf,GTR4070EP-L2_34 (115-118) (DN 52614).pdf,.pdf,145424,2026-07-27 11:34:29,2025-09-30 09:53:24,Projects,High,knowledge/sources/projects/
DOC-00603,knowledge_inbox\projects\2510\calderwood_primary_school\docs\report\F3 - Final Geotechnical Report\Level 2\GTR4070EP-L2_38 (129-134) (DN 52617).pdf,GTR4070EP-L2_38 (129-134) (DN 52617).pdf,.pdf,265922,2026-07-27 11:34:29,2025-09-30 09:53:24,Projects,High,knowledge/sources/projects/
DOC-00604,knowledge_inbox\projects\2510\calderwood_primary_school\docs\report\F3 - Final Geotechnical Report\Level 2\GTR4070EP-L2_39 (135-138) (DN 52617).pdf,GTR4070EP-L2_39 (135-138) (DN 52617).pdf,.pdf,265083,2026-07-27 11:34:29,2025-09-30 09:53:24,Projects,High,knowledge/sources/projects/
DOC-00605,knowledge_inbox\projects\2510\calderwood_primary_school\docs\report\F3 - Final Geotechnical Report\Level 2\GTR4070EP-L2_4 (9-11) (DN 50651).pdf,GTR4070EP-L2_4 (9-11) (DN 50651).pdf,.pdf,262411,2026-07-27 11:34:29,2025-09-30 09:53:24,Projects,High,knowledge/sources/projects/
DOC-00606,knowledge_inbox\projects\2510\calderwood_primary_school\docs\report\F3 - Final Geotechnical Report\Level 2\GTR4070EP-L2_40 (139-144) (DN 52617).pdf,GTR4070EP-L2_40 (139-144) (DN 52617).pdf,.pdf,265697,2026-07-27 11:34:29,2025-09-30 09:53:24,Projects,High,knowledge/sources/projects/
DOC-00607,knowledge_inbox\projects\2510\calderwood_primary_school\docs\report\F3 - Final Geotechnical Report\Level 2\GTR4070EP-L2_41 (145-148) (DN 52617).pdf,GTR4070EP-L2_41 (145-148) (DN 52617).pdf,.pdf,265076,2026-07-27 11:34:29,2025-09-30 09:53:24,Projects,High,knowledge/sources/projects/
DOC-00608,knowledge_inbox\projects\2510\calderwood_primary_school\docs\report\F3 - Final Geotechnical Report\Level 2\GTR4070EP-L2_42 (149) (DN 52619).pdf,GTR4070EP-L2_42 (149) (DN 52619).pdf,.pdf,261161,2026-07-27 11:34:29,2025-09-30 09:53:24,Projects,High,knowledge/sources/projects/
DOC-00609,knowledge_inbox\projects\2510\calderwood_primary_school\docs\report\F3 - Final Geotechnical Report\Level 2\GTR4070EP-L2_43 (150) (DN 52619).pdf,GTR4070EP-L2_43 (150) (DN 52619).pdf,.pdf,261440,2026-07-27 11:34:29,2025-09-30 09:53:24,Projects,High,knowledge/sources/projects/
DOC-00610,knowledge_inbox\projects\2510\calderwood_primary_school\docs\report\F3 - Final Geotechnical Report\Level 2\GTR4070EP-L2_45 (155-156) (DN 52621).pdf,GTR4070EP-L2_45 (155-156) (DN 52621).pdf,.pdf,263565,2026-07-27 11:34:30,2025-09-30 09:53:24,Projects,High,knowledge/sources/projects/
DOC-00611,knowledge_inbox\projects\2510\calderwood_primary_school\docs\report\F3 - Final Geotechnical Report\Level 2\GTR4070EP-L2_47 (161) (DN 52622).pdf,GTR4070EP-L2_47 (161) (DN 52622).pdf,.pdf,260985,2026-07-27 11:34:30,2025-09-30 09:53:25,Projects,High,knowledge/sources/projects/
DOC-00612,knowledge_inbox\projects\2510\calderwood_primary_school\docs\report\F3 - Final Geotechnical Report\Level 2\GTR4070EP-L2_49 (166) (DN 52622).pdf,GTR4070EP-L2_49 (166) (DN 52622).pdf,.pdf,261689,2026-07-27 11:34:30,2025-09-30 09:53:25,Projects,High,knowledge/sources/projects/
DOC-00613,knowledge_inbox\projects\2510\calderwood_primary_school\docs\report\F3 - Final Geotechnical Report\Level 2\GTR4070EP-L2_51 (171) (DN 52623).pdf,GTR4070EP-L2_51 (171) (DN 52623).pdf,.pdf,260955,2026-07-27 11:34:30,2025-09-30 09:53:25,Projects,High,knowledge/sources/projects/
DOC-00614,knowledge_inbox\projects\2510\calderwood_primary_school\docs\report\F3 - Final Geotechnical Report\Level 2\GTR4070EP-L2_53 (176) (DN 52623).pdf,GTR4070EP-L2_53 (176) (DN 52623).pdf,.pdf,260961,2026-07-27 11:34:30,2025-09-30 09:53:25,Projects,High,knowledge/sources/projects/
DOC-00615,knowledge_inbox\projects\2510\calderwood_primary_school\docs\report\F3 - Final Geotechnical Report\Level 2\GTR4070EP-L2_55 (181-184) (DN 52623).pdf,GTR4070EP-L2_55 (181-184) (DN 52623).pdf,.pdf,264792,2026-07-27 11:34:30,2025-09-30 09:53:25,Projects,High,knowledge/sources/projects/
DOC-00616,knowledge_inbox\projects\2510\calderwood_primary_school\docs\report\F3 - Final Geotechnical Report\Level 2\GTR4070EP-L2_58 (193) (DN 52625).pdf,GTR4070EP-L2_58 (193) (DN 52625).pdf,.pdf,261243,2026-07-27 11:34:30,2025-09-30 09:53:25,Projects,High,knowledge/sources/projects/
DOC-00617,knowledge_inbox\projects\2510\calderwood_primary_school\docs\report\F3 - Final Geotechnical Report\Level 2\GTR4070EP-L2_6 (14-19) (DN 50654) Max Min.pdf,GTR4070EP-L2_6 (14-19) (DN 50654) Max Min.pdf,.pdf,256696,2026-07-27 11:34:30,2025-09-30 09:53:25,Projects,High,knowledge/sources/projects/
DOC-00618,knowledge_inbox\projects\2510\calderwood_primary_school\docs\report\F3 - Final Geotechnical Report\Level 2\GTR4070EP-L2_60 (198) (DN 52625).pdf,GTR4070EP-L2_60 (198) (DN 52625).pdf,.pdf,260869,2026-07-27 11:34:30,2025-09-30 09:53:25,Projects,High,knowledge/sources/projects/
DOC-00619,knowledge_inbox\projects\2510\calderwood_primary_school\docs\report\F3 - Final Geotechnical Report\Level 2\GTR4070EP-L2_62 (203) (DN 52626).pdf,GTR4070EP-L2_62 (203) (DN 52626).pdf,.pdf,261394,2026-07-27 11:34:30,2025-09-30 09:53:25,Projects,High,knowledge/sources/projects/
DOC-00620,knowledge_inbox\projects\2510\calderwood_primary_school\docs\report\F3 - Final Geotechnical Report\Level 2\GTR4070EP-L2_65 (208-209) (DN 52629).pdf,GTR4070EP-L2_65 (208-209) (DN 52629).pdf,.pdf,263906,2026-07-27 11:34:31,2025-09-30 09:53:25,Projects,High,knowledge/sources/projects/
DOC-00621,knowledge_inbox\projects\2510\calderwood_primary_school\docs\report\F3 - Final Geotechnical Report\Level 2\GTR4070EP-L2_68 (214) (DN 52634).pdf,GTR4070EP-L2_68 (214) (DN 52634).pdf,.pdf,261477,2026-07-27 11:34:31,2025-09-30 09:53:25,Projects,High,knowledge/sources/projects/
DOC-00622,knowledge_inbox\projects\2510\calderwood_primary_school\docs\report\F3 - Final Geotechnical Report\Level 2\GTR4070EP-L2_7 (20-25) (DN 50658).pdf,GTR4070EP-L2_7 (20-25) (DN 50658).pdf,.pdf,264305,2026-07-27 11:34:31,2025-09-30 09:53:25,Projects,High,knowledge/sources/projects/
DOC-00623,knowledge_inbox\projects\2510\calderwood_primary_school\docs\report\F3 - Final Geotechnical Report\Level 2\GTR4070EP-L2_70 (219-224) (DN 52634).pdf,GTR4070EP-L2_70 (219-224) (DN 52634).pdf,.pdf,266136,2026-07-27 11:34:31,2025-09-30 09:53:25,Projects,High,knowledge/sources/projects/
DOC-00624,knowledge_inbox\projects\2510\calderwood_primary_school\docs\report\F3 - Final Geotechnical Report\Level 2\GTR4070EP-L2_71 (225-228) (DN 52634).pdf,GTR4070EP-L2_71 (225-228) (DN 52634).pdf,.pdf,265504,2026-07-27 11:34:31,2025-09-30 09:53:25,Projects,High,knowledge/sources/projects/
DOC-00625,knowledge_inbox\projects\2510\calderwood_primary_school\docs\report\F3 - Final Geotechnical Report\Level 2\GTR4070EP-L2_72 (229-234) (DN 52634).pdf,GTR4070EP-L2_72 (229-234) (DN 52634).pdf,.pdf,265797,2026-07-27 11:34:31,2025-09-30 09:53:25,Projects,High,knowledge/sources/projects/
DOC-00626,knowledge_inbox\projects\2510\calderwood_primary_school\docs\report\F3 - Final Geotechnical Report\Level 2\GTR4070EP-L2_73 (235-238) (DN 52634).pdf,GTR4070EP-L2_73 (235-238) (DN 52634).pdf,.pdf,265157,2026-07-27 11:34:31,2025-09-30 09:53:25,Projects,High,knowledge/sources/projects/
DOC-00627,knowledge_inbox\projects\2510\calderwood_primary_school\docs\report\F3 - Final Geotechnical Report\Level 2\GTR4070EP-L2_74 (239) (DN 52634).pdf,GTR4070EP-L2_74 (239) (DN 52634).pdf,.pdf,261096,2026-07-27 11:34:31,2025-09-30 09:53:25,Projects,High,knowledge/sources/projects/
DOC-00628,knowledge_inbox\projects\2510\calderwood_primary_school\docs\report\F3 - Final Geotechnical Report\Level 2\GTR4070EP-L2_75 (240-245) (DN 52636).pdf,GTR4070EP-L2_75 (240-245) (DN 52636).pdf,.pdf,265828,2026-07-27 11:34:31,2025-09-30 09:53:25,Projects,High,knowledge/sources/projects/
DOC-00629,knowledge_inbox\projects\2510\calderwood_primary_school\docs\report\F3 - Final Geotechnical Report\Level 2\GTR4070EP-L2_76 (246-249) (DN 52636).pdf,GTR4070EP-L2_76 (246-249) (DN 52636).pdf,.pdf,265470,2026-07-27 11:34:31,2025-09-30 09:53:25,Projects,High,knowledge/sources/projects/
DOC-00630,knowledge_inbox\projects\2510\calderwood_primary_school\docs\report\F3 - Final Geotechnical Report\Level 2\GTR4070EP-L2_77 (250-255) (DN 52636).pdf,GTR4070EP-L2_77 (250-255) (DN 52636).pdf,.pdf,265916,2026-07-27 11:34:31,2025-09-30 09:53:25,Projects,High,knowledge/sources/projects/
DOC-00631,knowledge_inbox\projects\2510\calderwood_primary_school\docs\report\F3 - Final Geotechnical Report\Level 2\GTR4070EP-L2_78 (256-259) (DN 52636).pdf,GTR4070EP-L2_78 (256-259) (DN 52636).pdf,.pdf,265504,2026-07-27 11:34:31,2025-09-30 09:53:25,Projects,High,knowledge/sources/projects/
DOC-00632,knowledge_inbox\projects\2510\calderwood_primary_school\docs\report\F3 - Final Geotechnical Report\Level 2\GTR4070EP-L2_79 (260) (DN 52636).pdf,GTR4070EP-L2_79 (260) (DN 52636).pdf,.pdf,261443,2026-07-27 11:34:31,2025-09-30 09:53:25,Projects,High,knowledge/sources/projects/
DOC-00633,knowledge_inbox\projects\2510\calderwood_primary_school\docs\report\F3 - Final Geotechnical Report\Level 2\GTR4070EP-L2_8 (26-29) (DN 50658).pdf,GTR4070EP-L2_8 (26-29) (DN 50658).pdf,.pdf,263495,2026-07-27 11:34:31,2025-09-30 09:53:25,Projects,High,knowledge/sources/projects/
DOC-00634,knowledge_inbox\projects\2510\calderwood_primary_school\docs\report\F3 - Final Geotechnical Report\Level 2\GTR4070EP-L2_80 (261) (DN 52647).pdf,GTR4070EP-L2_80 (261) (DN 52647).pdf,.pdf,261239,2026-07-27 11:34:31,2025-09-30 09:53:25,Projects,High,knowledge/sources/projects/
DOC-00635,knowledge_inbox\projects\2510\calderwood_primary_school\docs\report\F3 - Final Geotechnical Report\Level 2\GTR4070EP-L2_81 (263-264) (DN TBA).pdf,GTR4070EP-L2_81 (263-264) (DN TBA).pdf,.pdf,262583,2026-07-27 11:34:31,2025-09-30 09:53:25,Projects,High,knowledge/sources/projects/
DOC-00636,knowledge_inbox\projects\2510\calderwood_primary_school\docs\report\F3 - Final Geotechnical Report\Level 2\GTR4070EP-L2_82 (263-264) (DN 52647).pdf,GTR4070EP-L2_82 (263-264) (DN 52647).pdf,.pdf,262740,2026-07-27 11:34:31,2025-09-30 09:53:25,Projects,High,knowledge/sources/projects/
DOC-00637,knowledge_inbox\projects\2510\calderwood_primary_school\docs\report\F3 - Final Geotechnical Report\Level 2\GTR4070EP-L2_83 (265-270) (DN 52648).pdf,GTR4070EP-L2_83 (265-270) (DN 52648).pdf,.pdf,264205,2026-07-27 11:34:31,2025-09-30 09:53:25,Projects,High,knowledge/sources/projects/
DOC-00638,knowledge_inbox\projects\2510\calderwood_primary_school\docs\report\F3 - Final Geotechnical Report\Level 2\GTR4070EP-L2_84 (271-274) (DN 52648).pdf,GTR4070EP-L2_84 (271-274) (DN 52648).pdf,.pdf,263496,2026-07-27 11:34:32,2025-09-30 09:53:25,Projects,High,knowledge/sources/projects/
DOC-00639,knowledge_inbox\projects\2510\calderwood_primary_school\docs\report\F3 - Final Geotechnical Report\Level 2\GTR4070EP-L2_85 (275-280) (DN 52649).pdf,GTR4070EP-L2_85 (275-280) (DN 52649).pdf,.pdf,264653,2026-07-27 11:34:32,2025-09-30 09:53:25,Projects,High,knowledge/sources/projects/
DOC-00640,knowledge_inbox\projects\2510\calderwood_primary_school\docs\report\F3 - Final Geotechnical Report\Level 2\GTR4070EP-L2_86 (281) (DN 50072).pdf,GTR4070EP-L2_86 (281) (DN 50072).pdf,.pdf,261495,2026-07-27 11:34:32,2025-09-30 09:53:25,Projects,High,knowledge/sources/projects/
DOC-00641,knowledge_inbox\projects\2510\calderwood_primary_school\docs\report\F3 - Final Geotechnical Report\Level 2\GTR4070EP-L2_89 (286-291) (DN 50072).pdf,GTR4070EP-L2_89 (286-291) (DN 50072).pdf,.pdf,264514,2026-07-27 11:34:32,2025-09-30 09:53:26,Projects,High,knowledge/sources/projects/
DOC-00642,knowledge_inbox\projects\2510\calderwood_primary_school\docs\report\F3 - Final Geotechnical Report\Level 2\GTR4070EP-L2_9 (30) (DN 50658).pdf,GTR4070EP-L2_9 (30) (DN 50658).pdf,.pdf,259927,2026-07-27 11:34:32,2025-09-30 09:53:26,Projects,High,knowledge/sources/projects/
DOC-00643,knowledge_inbox\projects\2510\calderwood_primary_school\docs\report\F3 - Final Geotechnical Report\Level 2\GTR4070EP-L2_90 (292-295) (DN 50072).pdf,GTR4070EP-L2_90 (292-295) (DN 50072).pdf,.pdf,263594,2026-07-27 11:34:32,2025-09-30 09:53:26,Projects,High,knowledge/sources/projects/
DOC-00644,knowledge_inbox\projects\2510\calderwood_primary_school\docs\report\F3 - Final Geotechnical Report\Level 2\GTR4070EP-L2_91 (296-301) (DN 50072).pdf,GTR4070EP-L2_91 (296-301) (DN 50072).pdf,.pdf,264515,2026-07-27 11:34:32,2025-09-30 09:53:26,Projects,High,knowledge/sources/projects/
DOC-00645,knowledge_inbox\projects\2510\calderwood_primary_school\docs\report\F3 - Final Geotechnical Report\Level 2\GTR4070EP-L2_92 (302-303) (DN 50076).pdf,GTR4070EP-L2_92 (302-303) (DN 50076).pdf,.pdf,264660,2026-07-27 11:34:32,2025-09-30 09:53:26,Projects,High,knowledge/sources/projects/
DOC-00646,knowledge_inbox\projects\2510\calderwood_primary_school\docs\report\F3 - Final Geotechnical Report\Level 2\GTR4070EP-L2_93 (304) (DN 50076).pdf,GTR4070EP-L2_93 (304) (DN 50076).pdf,.pdf,261154,2026-07-27 11:34:32,2025-09-30 09:53:26,Projects,High,knowledge/sources/projects/
DOC-00647,knowledge_inbox\projects\2510\calderwood_primary_school\docs\report\F3 - Final Geotechnical Report\Level 2\GTR4070EP-L2_94 (305-308) (DN 50078).pdf,GTR4070EP-L2_94 (305-308) (DN 50078).pdf,.pdf,261662,2026-07-27 11:34:32,2025-09-30 09:53:26,Projects,High,knowledge/sources/projects/
DOC-00648,knowledge_inbox\projects\2510\calderwood_primary_school\docs\report\F3 - Final Geotechnical Report\Level 2\GTR4070EP-L2_95 (309-314) (DN 50078).pdf,GTR4070EP-L2_95 (309-314) (DN 50078).pdf,.pdf,264297,2026-07-27 11:34:32,2025-09-30 09:53:26,Projects,High,knowledge/sources/projects/
DOC-00649,knowledge_inbox\projects\2510\calderwood_primary_school\docs\report\F3 - Final Geotechnical Report\Level 2\GTR4070EP-L2_96 (315-318) (DN 50078).pdf,GTR4070EP-L2_96 (315-318) (DN 50078).pdf,.pdf,263782,2026-07-27 11:34:32,2025-09-30 09:53:26,Projects,High,knowledge/sources/projects/
DOC-00650,knowledge_inbox\projects\2510\calderwood_primary_school\docs\report\F3 - Final Geotechnical Report\Level 2\Thumbs.db,Thumbs.db,.db,562176,2026-07-27 11:34:32,2025-10-16 20:41:16,Projects,High,knowledge/sources/projects/
DOC-00651,knowledge_inbox\projects\2510\calderwood_primary_school\docs\report\F3 - Final Geotechnical Report\Site inspections\GT4070EP-SI001.pdf,GT4070EP-SI001.pdf,.pdf,1052186,2026-07-27 11:34:32,2025-09-30 09:53:26,Projects,High,knowledge/sources/projects/
DOC-00652,knowledge_inbox\projects\2510\calderwood_primary_school\docs\report\F3 - Final Geotechnical Report\Site inspections\GT4070EP-SI002.pdf,GT4070EP-SI002.pdf,.pdf,1131287,2026-07-27 11:34:32,2025-09-30 09:53:26,Projects,High,knowledge/sources/projects/
DOC-00653,knowledge_inbox\projects\2510\calderwood_primary_school\docs\report\F3 - Final Geotechnical Report\Site inspections\GT4070EP-SI003.pdf,GT4070EP-SI003.pdf,.pdf,1153208,2026-07-27 11:34:32,2025-09-30 09:53:26,Projects,High,knowledge/sources/projects/
DOC-00654,knowledge_inbox\projects\2510\calderwood_primary_school\docs\report\F3 - Final Geotechnical Report\Site inspections\GT4070EP-SI004.pdf,GT4070EP-SI004.pdf,.pdf,810859,2026-07-27 11:34:32,2025-09-30 09:53:26,Projects,High,knowledge/sources/projects/
DOC-00655,knowledge_inbox\projects\2510\calderwood_primary_school\docs\report\F3 - Final Geotechnical Report\Site inspections\GT4070EP-SI005.pdf,GT4070EP-SI005.pdf,.pdf,1106027,2026-07-27 11:34:33,2025-09-30 09:53:26,Projects,High,knowledge/sources/projects/
DOC-00656,knowledge_inbox\projects\2510\calderwood_primary_school\docs\report\F3 - Final Geotechnical Report\Site inspections\GT4070EP-SI006.pdf,GT4070EP-SI006.pdf,.pdf,1016460,2026-07-27 11:34:33,2025-09-30 09:53:26,Projects,High,knowledge/sources/projects/
DOC-00657,knowledge_inbox\projects\2510\calderwood_primary_school\docs\report\F3 - Final Geotechnical Report\Site inspections\GT4070EP-SI007.pdf,GT4070EP-SI007.pdf,.pdf,964791,2026-07-27 11:34:33,2025-09-30 09:53:26,Projects,High,knowledge/sources/projects/
DOC-00658,knowledge_inbox\projects\2510\calderwood_primary_school\docs\report\F3 - Final Geotechnical Report\Site inspections\GT4070EP-SI008.pdf,GT4070EP-SI008.pdf,.pdf,780600,2026-07-27 11:34:33,2025-09-30 09:53:26,Projects,High,knowledge/sources/projects/
DOC-00659,knowledge_inbox\projects\2510\calderwood_primary_school\docs\report\F3 - Final Geotechnical Report\Site inspections\GT4070EP-SI009.pdf,GT4070EP-SI009.pdf,.pdf,967403,2026-07-27 11:34:33,2025-09-30 09:53:26,Projects,High,knowledge/sources/projects/
DOC-00660,knowledge_inbox\projects\2510\calderwood_primary_school\docs\report\F3 - Final Geotechnical Report\Site inspections\GT4070EP-SI010.pdf,GT4070EP-SI010.pdf,.pdf,903725,2026-07-27 11:34:33,2025-09-30 09:53:26,Projects,High,knowledge/sources/projects/
DOC-00661,knowledge_inbox\projects\2510\calderwood_primary_school\docs\report\F3 - Final Geotechnical Report\Site inspections\GT4070EP-SI011.pdf,GT4070EP-SI011.pdf,.pdf,1135425,2026-07-27 11:34:33,2025-09-30 09:53:26,Projects,High,knowledge/sources/projects/
DOC-00662,knowledge_inbox\projects\2510\calderwood_primary_school\docs\report\F3 - Final Geotechnical Report\Site inspections\GT4070EP-SI012.pdf,GT4070EP-SI012.pdf,.pdf,880757,2026-07-27 11:34:33,2025-09-30 09:53:26,Projects,High,knowledge/sources/projects/
DOC-00663,knowledge_inbox\projects\2510\calderwood_primary_school\docs\report\F3 - Final Geotechnical Report\Site inspections\GT4070EP-SI013.pdf,GT4070EP-SI013.pdf,.pdf,850428,2026-07-27 11:34:33,2025-09-30 09:53:26,Projects,High,knowledge/sources/projects/
DOC-00664,knowledge_inbox\projects\2510\calderwood_primary_school\docs\report\F3 - Final Geotechnical Report\Site inspections\GT4070EP-SI014.pdf,GT4070EP-SI014.pdf,.pdf,1134237,2026-07-27 11:34:33,2025-09-30 09:53:26,Projects,High,knowledge/sources/projects/
DOC-00665,knowledge_inbox\projects\2510\calderwood_primary_school\docs\report\F3 - Final Geotechnical Report\Site inspections\GT4070EP-SI015.pdf,GT4070EP-SI015.pdf,.pdf,1063180,2026-07-27 11:34:33,2025-09-30 09:53:26,Projects,High,knowledge/sources/projects/
DOC-00666,knowledge_inbox\projects\2510\calderwood_primary_school\docs\report\F3 - Final Geotechnical Report\Site inspections\GT4070EP-SI016.pdf,GT4070EP-SI016.pdf,.pdf,724657,2026-07-27 11:34:33,2025-09-30 09:53:26,Projects,High,knowledge/sources/projects/
DOC-00667,knowledge_inbox\projects\2510\calderwood_primary_school\docs\report\F3 - Final Geotechnical Report\Site inspections\GT4070EP-SI017.pdf,GT4070EP-SI017.pdf,.pdf,1193110,2026-07-27 11:34:33,2025-09-30 09:53:26,Projects,High,knowledge/sources/projects/
DOC-00668,knowledge_inbox\projects\2510\calderwood_primary_school\docs\report\F3 - Final Geotechnical Report\Site inspections\GT4070EP-SI018.pdf,GT4070EP-SI018.pdf,.pdf,905589,2026-07-27 11:34:33,2025-09-30 09:53:26,Projects,High,knowledge/sources/projects/
DOC-00669,knowledge_inbox\projects\2510\calderwood_primary_school\docs\report\F3 - Final Geotechnical Report\Site inspections\GT4070EP-SI019.pdf,GT4070EP-SI019.pdf,.pdf,1086074,2026-07-27 11:34:34,2025-09-30 09:53:26,Projects,High,knowledge/sources/projects/
DOC-00670,knowledge_inbox\projects\2510\calderwood_primary_school\docs\report\F3 - Final Geotechnical Report\Site inspections\GT4070EP-SI020.pdf,GT4070EP-SI020.pdf,.pdf,1011366,2026-07-27 11:34:34,2025-09-30 09:53:26,Projects,High,knowledge/sources/projects/
DOC-00671,knowledge_inbox\projects\2510\calderwood_primary_school\docs\report\F3 - Final Geotechnical Report\Site inspections\GT4070EP-SI021.pdf,GT4070EP-SI021.pdf,.pdf,1173058,2026-07-27 11:34:34,2025-09-30 09:53:26,Projects,High,knowledge/sources/projects/
DOC-00672,knowledge_inbox\projects\2510\calderwood_primary_school\docs\report\F3 - Final Geotechnical Report\Site inspections\GT4070EP-SI022.pdf,GT4070EP-SI022.pdf,.pdf,1195268,2026-07-27 11:34:34,2025-09-30 09:53:26,Projects,High,knowledge/sources/projects/
DOC-00673,knowledge_inbox\projects\2510\calderwood_primary_school\docs\report\F3 - Final Geotechnical Report\Site inspections\GT4070EP-SI023.pdf,GT4070EP-SI023.pdf,.pdf,436531,2026-07-27 11:34:34,2025-09-30 09:53:26,Projects,High,knowledge/sources/projects/
DOC-00674,knowledge_inbox\projects\2510\calderwood_primary_school\docs\report\F3 - Final Geotechnical Report\Site inspections\GT4070EP-SI024.pdf,GT4070EP-SI024.pdf,.pdf,1145787,2026-07-27 11:34:34,2025-09-30 09:53:26,Projects,High,knowledge/sources/projects/
DOC-00675,knowledge_inbox\projects\2510\calderwood_primary_school\docs\report\F3 - Final Geotechnical Report\Site inspections\GT4070EP-SI025.pdf,GT4070EP-SI025.pdf,.pdf,1152464,2026-07-27 11:34:34,2025-09-30 09:53:27,Projects,High,knowledge/sources/projects/
DOC-00676,knowledge_inbox\projects\2510\calderwood_primary_school\docs\report\F3 - Final Geotechnical Report\Site inspections\GT4070EP-SI026.pdf,GT4070EP-SI026.pdf,.pdf,1400978,2026-07-27 11:34:34,2025-09-30 09:53:27,Projects,High,knowledge/sources/projects/
DOC-00677,knowledge_inbox\projects\2510\calderwood_primary_school\docs\report\F3 - Final Geotechnical Report\Site inspections\GT4070EP-SI027.pdf,GT4070EP-SI027.pdf,.pdf,1074076,2026-07-27 11:34:34,2025-09-30 09:53:27,Projects,High,knowledge/sources/projects/
DOC-00678,knowledge_inbox\projects\2510\calderwood_primary_school\docs\report\F3 - Final Geotechnical Report\Site inspections\GT4070EP-SI028.pdf,GT4070EP-SI028.pdf,.pdf,1188492,2026-07-27 11:34:34,2025-09-30 09:53:27,Projects,High,knowledge/sources/projects/
DOC-00679,knowledge_inbox\projects\2510\calderwood_primary_school\docs\report\F3 - Final Geotechnical Report\Site inspections\GT4070EP-SI029.pdf,GT4070EP-SI029.pdf,.pdf,1158787,2026-07-27 11:34:34,2025-09-30 09:53:27,Projects,High,knowledge/sources/projects/
DOC-00680,knowledge_inbox\projects\2510\calderwood_primary_school\docs\report\F3 - Final Geotechnical Report\Site inspections\Thumbs.db,Thumbs.db,.db,237056,2026-07-27 11:34:34,2025-10-16 20:20:51,Projects,High,knowledge/sources/projects/
DOC-00681,knowledge_inbox\projects\2510\calderwood_primary_school\docs\tendering\SINSW08089-25 - GC21 - Part A - Conditions of Tendering.pdf,SINSW08089-25 - GC21 - Part A - Conditions of Tendering.pdf,.pdf,721400,2026-07-27 11:33:46,2025-09-30 09:51:45,Projects,High,knowledge/sources/projects/
DOC-00682,knowledge_inbox\projects\2510\calderwood_primary_school\docs\tendering\SINSW08089-25 - GC21 - Part B - Tender Schedule 3 (Lump Sum Price).xlsx,SINSW08089-25 - GC21 - Part B - Tender Schedule 3 (Lump Sum Price).xlsx,.xlsx,223100,2026-07-27 11:33:46,2025-09-30 09:51:44,Projects,High,knowledge/sources/projects/
DOC-00683,knowledge_inbox\projects\2510\calderwood_primary_school\docs\tendering\SINSW08089-25 - GC21 - Part B - Tender Schedules.docx,SINSW08089-25 - GC21 - Part B - Tender Schedules.docx,.docx,189290,2026-07-27 11:33:46,2025-09-30 09:51:44,Projects,High,knowledge/sources/projects/
DOC-00684,knowledge_inbox\projects\2510\calderwood_primary_school\docs\tendering\SINSW08089-25 - GC21 - Part C - General Conditions of Contract.pdf,SINSW08089-25 - GC21 - Part C - General Conditions of Contract.pdf,.pdf,2154589,2026-07-27 11:33:46,2025-09-30 09:51:45,Projects,High,knowledge/sources/projects/
DOC-00685,knowledge_inbox\projects\2510\calderwood_primary_school\docs\tendering\SINSW08089-25 - GC21 - Part D - Tab A - Preliminaries.pdf,SINSW08089-25 - GC21 - Part D - Tab A - Preliminaries.pdf,.pdf,1220370,2026-07-27 11:33:46,2025-09-30 09:51:45,Projects,High,knowledge/sources/projects/
DOC-00686,knowledge_inbox\projects\2510\calderwood_primary_school\docs\tendering\SINSW08089-25 - GC21 - Part D - Tab B - Principals Works Description.pdf,SINSW08089-25 - GC21 - Part D - Tab B - Principals Works Description.pdf,.pdf,1266721,2026-07-27 11:33:46,2025-09-30 09:51:45,Projects,High,knowledge/sources/projects/
DOC-00687,knowledge_inbox\projects\2510\calderwood_primary_school\docs\tendering\volume-3-standards-and-specifications-doe-standards\3.01 Commissioning Package\100 public preschools operational readiness activities.docx,100 public preschools operational readiness activities.docx,.docx,326486,2026-07-27 11:34:37,2025-09-30 09:51:50,Standards,High,knowledge/sources/standards/
DOC-00688,knowledge_inbox\projects\2510\calderwood_primary_school\docs\tendering\volume-3-standards-and-specifications-doe-standards\3.01 Commissioning Package\Annexure A  COMMISSIONING PLAN - V8.docx,Annexure A  COMMISSIONING PLAN - V8.docx,.docx,105541,2026-07-27 11:34:37,2025-09-30 09:51:50,Standards,High,knowledge/sources/standards/
DOC-00689,knowledge_inbox\projects\2510\calderwood_primary_school\docs\tendering\volume-3-standards-and-specifications-doe-standards\3.01 Commissioning Package\ANNEXURE A.pdf,ANNEXURE A.pdf,.pdf,32344,2026-07-27 11:34:37,2025-09-30 09:51:50,Standards,High,knowledge/sources/standards/
DOC-00690,knowledge_inbox\projects\2510\calderwood_primary_school\docs\tendering\volume-3-standards-and-specifications-doe-standards\3.01 Commissioning Package\Annexure B Commissioning Meeting Agenda - V14 - oct 2024.docx,Annexure B Commissioning Meeting Agenda - V14 - oct 2024.docx,.docx,84873,2026-07-27 11:34:37,2025-09-30 09:51:50,Standards,High,knowledge/sources/standards/
DOC-00691,knowledge_inbox\projects\2510\calderwood_primary_school\docs\tendering\volume-3-standards-and-specifications-doe-standards\3.01 Commissioning Package\ANNEXURE B.pdf,ANNEXURE B.pdf,.pdf,32488,2026-07-27 11:34:38,2025-09-30 09:51:50,Standards,High,knowledge/sources/standards/
DOC-00692,knowledge_inbox\projects\2510\calderwood_primary_school\docs\tendering\volume-3-standards-and-specifications-doe-standards\3.01 Commissioning Package\Annexure C Checklist - Completion Checklist - V14 - oct 2024.docx,Annexure C Checklist - Completion Checklist - V14 - oct 2024.docx,.docx,77812,2026-07-27 11:34:38,2025-09-30 09:51:50,Standards,High,knowledge/sources/standards/
DOC-00693,knowledge_inbox\projects\2510\calderwood_primary_school\docs\tendering\volume-3-standards-and-specifications-doe-standards\3.01 Commissioning Package\ANNEXURE C.pdf,ANNEXURE C.pdf,.pdf,32484,2026-07-27 11:34:38,2025-09-30 09:51:50,Standards,High,knowledge/sources/standards/
DOC-00694,knowledge_inbox\projects\2510\calderwood_primary_school\docs\tendering\volume-3-standards-and-specifications-doe-standards\3.01 Commissioning Package\Annexure D Asset Maintenance - Data Capture for MCW - June 2022.xlsx,Annexure D Asset Maintenance - Data Capture for MCW - June 2022.xlsx,.xlsx,51379,2026-07-27 11:34:38,2025-09-30 09:51:50,Standards,High,knowledge/sources/standards/
DOC-00695,knowledge_inbox\projects\2510\calderwood_primary_school\docs\tendering\volume-3-standards-and-specifications-doe-standards\3.01 Commissioning Package\ANNEXURE D.pdf,ANNEXURE D.pdf,.pdf,32431,2026-07-27 11:34:38,2025-09-30 09:51:50,Standards,High,knowledge/sources/standards/
DOC-00696,knowledge_inbox\projects\2510\calderwood_primary_school\docs\tendering\volume-3-standards-and-specifications-doe-standards\3.01 Commissioning Package\Annexure E Asset Maintenance Data Capture EFSG Guidelines.docx,Annexure E Asset Maintenance Data Capture EFSG Guidelines.docx,.docx,35189,2026-07-27 11:34:38,2025-09-30 09:51:50,Standards,High,knowledge/sources/standards/
DOC-00697,knowledge_inbox\projects\2510\calderwood_primary_school\docs\tendering\volume-3-standards-and-specifications-doe-standards\3.01 Commissioning Package\ANNEXURE E.pdf,ANNEXURE E.pdf,.pdf,32341,2026-07-27 11:34:38,2025-09-30 09:51:50,Standards,High,knowledge/sources/standards/
DOC-00698,knowledge_inbox\projects\2510\calderwood_primary_school\docs\tendering\volume-3-standards-and-specifications-doe-standards\3.01 Commissioning Package\Annexure F Field Data Capture EFSG Guidelines.pdf,Annexure F Field Data Capture EFSG Guidelines.pdf,.pdf,112550,2026-07-27 11:34:38,2025-09-30 09:51:50,Standards,High,knowledge/sources/standards/
DOC-00699,knowledge_inbox\projects\2510\calderwood_primary_school\docs\tendering\volume-3-standards-and-specifications-doe-standards\3.01 Commissioning Package\ANNEXURE F.pdf,ANNEXURE F.pdf,.pdf,32455,2026-07-27 11:34:38,2025-09-30 09:51:50,Standards,High,knowledge/sources/standards/
DOC-00700,knowledge_inbox\projects\2510\calderwood_primary_school\docs\tendering\volume-3-standards-and-specifications-doe-standards\3.01 Commissioning Package\Annexure G PROJECT COMPLETION CERTIFICATE (PCC) - NIL DEFECTS - V10 - Oct 2024.docx,Annexure G PROJECT COMPLETION CERTIFICATE (PCC) - NIL DEFECTS - V10 - Oct 2024.docx,.docx,88147,2026-07-27 11:34:38,2025-09-30 09:51:50,Standards,High,knowledge/sources/standards/
DOC-00701,knowledge_inbox\projects\2510\calderwood_primary_school\docs\tendering\volume-3-standards-and-specifications-doe-standards\3.01 Commissioning Package\ANNEXURE G.pdf,ANNEXURE G.pdf,.pdf,32509,2026-07-27 11:34:38,2025-09-30 09:51:50,Standards,High,knowledge/sources/standards/
DOC-00702,knowledge_inbox\projects\2510\calderwood_primary_school\docs\tendering\volume-3-standards-and-specifications-doe-standards\3.01 Commissioning Package\Annexure H PROJECT EARLY USE CERTIFICATE - V10 - Oct 2024.docx,Annexure H PROJECT EARLY USE CERTIFICATE - V10 - Oct 2024.docx,.docx,87837,2026-07-27 11:34:38,2025-09-30 09:51:50,Standards,High,knowledge/sources/standards/
DOC-00703,knowledge_inbox\projects\2510\calderwood_primary_school\docs\tendering\volume-3-standards-and-specifications-doe-standards\3.01 Commissioning Package\ANNEXURE H.pdf,ANNEXURE H.pdf,.pdf,32462,2026-07-27 11:34:38,2025-09-30 09:51:50,Standards,High,knowledge/sources/standards/
DOC-00704,knowledge_inbox\projects\2510\calderwood_primary_school\docs\tendering\volume-3-standards-and-specifications-doe-standards\3.01 Commissioning Package\Annexure I PROJECT COMPLETION CERTIFICATE (PCC) - AFTER EARLY USE - V2 - April 2021.DOCX,Annexure I PROJECT COMPLETION CERTIFICATE (PCC) - AFTER EARLY USE - V2 - April 2021.DOCX,.docx,42956,2026-07-27 11:34:38,2025-09-30 09:51:50,Standards,High,knowledge/sources/standards/
DOC-00705,knowledge_inbox\projects\2510\calderwood_primary_school\docs\tendering\volume-3-standards-and-specifications-doe-standards\3.01 Commissioning Package\ANNEXURE I.pdf,ANNEXURE I.pdf,.pdf,32392,2026-07-27 11:34:38,2025-09-30 09:51:50,Standards,High,knowledge/sources/standards/
DOC-00706,knowledge_inbox\projects\2510\calderwood_primary_school\docs\tendering\volume-3-standards-and-specifications-doe-standards\3.01 Commissioning Package\Annexure J Common Defects_Oct21.pdf,Annexure J Common Defects_Oct21.pdf,.pdf,371049,2026-07-27 11:34:38,2025-09-30 09:51:50,Standards,High,knowledge/sources/standards/
DOC-00707,knowledge_inbox\projects\2510\calderwood_primary_school\docs\tendering\volume-3-standards-and-specifications-doe-standards\3.01 Commissioning Package\ANNEXURE J.pdf,ANNEXURE J.pdf,.pdf,32429,2026-07-27 11:34:38,2025-09-30 09:51:50,Standards,High,knowledge/sources/standards/
DOC-00708,knowledge_inbox\projects\2510\calderwood_primary_school\docs\tendering\volume-3-standards-and-specifications-doe-standards\3.01 Commissioning Package\Annexure K Defect Report Template.xlsx,Annexure K Defect Report Template.xlsx,.xlsx,22350,2026-07-27 11:34:38,2025-09-30 09:51:50,Standards,High,knowledge/sources/standards/
DOC-00709,knowledge_inbox\projects\2510\calderwood_primary_school\docs\tendering\volume-3-standards-and-specifications-doe-standards\3.01 Commissioning Package\ANNEXURE K.pdf,ANNEXURE K.pdf,.pdf,32464,2026-07-27 11:34:38,2025-09-30 09:51:50,Standards,High,knowledge/sources/standards/
DOC-00710,knowledge_inbox\projects\2510\calderwood_primary_school\docs\tendering\volume-3-standards-and-specifications-doe-standards\3.01 Commissioning Package\Annexure L Commissioning team Roles  Responsibilities V8 - Sep 2024.docx,Annexure L Commissioning team Roles  Responsibilities V8 - Sep 2024.docx,.docx,1656096,2026-07-27 11:34:39,2025-09-30 09:51:50,Standards,High,knowledge/sources/standards/
DOC-00711,knowledge_inbox\projects\2510\calderwood_primary_school\docs\tendering\volume-3-standards-and-specifications-doe-standards\3.01 Commissioning Package\ANNEXURE L.pdf,ANNEXURE L.pdf,.pdf,32404,2026-07-27 11:34:39,2025-09-30 09:51:50,Standards,High,knowledge/sources/standards/
DOC-00712,knowledge_inbox\projects\2510\calderwood_primary_school\docs\tendering\volume-3-standards-and-specifications-doe-standards\3.01 Commissioning Package\Annexure M Commissioning Meeting Minutes - V11 - Oct 2024.docx,Annexure M Commissioning Meeting Minutes - V11 - Oct 2024.docx,.docx,87706,2026-07-27 11:34:39,2025-09-30 09:51:50,Standards,High,knowledge/sources/standards/
DOC-00713,knowledge_inbox\projects\2510\calderwood_primary_school\docs\tendering\volume-3-standards-and-specifications-doe-standards\3.01 Commissioning Package\ANNEXURE M.pdf,ANNEXURE M.pdf,.pdf,32492,2026-07-27 11:34:39,2025-09-30 09:51:50,Standards,High,knowledge/sources/standards/
DOC-00714,knowledge_inbox\projects\2510\calderwood_primary_school\docs\tendering\volume-3-standards-and-specifications-doe-standards\3.01 Commissioning Package\Annexure N - WHS Checklist - V2 - June 2022.docx,Annexure N - WHS Checklist - V2 - June 2022.docx,.docx,52851,2026-07-27 11:34:39,2025-09-30 09:51:50,Standards,High,knowledge/sources/standards/
DOC-00715,knowledge_inbox\projects\2510\calderwood_primary_school\docs\tendering\volume-3-standards-and-specifications-doe-standards\3.01 Commissioning Package\ANNEXURE N.pdf,ANNEXURE N.pdf,.pdf,32347,2026-07-27 11:34:39,2025-09-30 09:51:50,Standards,High,knowledge/sources/standards/
DOC-00716,knowledge_inbox\projects\2510\calderwood_primary_school\docs\tendering\volume-3-standards-and-specifications-doe-standards\3.01 Commissioning Package\Annexure O Building and Equipment Asset Maintenance Data Capture V1 June 22.pdf,Annexure O Building and Equipment Asset Maintenance Data Capture V1 June 22.pdf,.pdf,100053,2026-07-27 11:34:39,2025-09-30 09:51:50,Standards,High,knowledge/sources/standards/
DOC-00717,knowledge_inbox\projects\2510\calderwood_primary_school\docs\tendering\volume-3-standards-and-specifications-doe-standards\3.01 Commissioning Package\ANNEXURE O.pdf,ANNEXURE O.pdf,.pdf,32448,2026-07-27 11:34:39,2025-09-30 09:51:50,Standards,High,knowledge/sources/standards/
DOC-00718,knowledge_inbox\projects\2510\calderwood_primary_school\docs\tendering\volume-3-standards-and-specifications-doe-standards\3.01 Commissioning Package\Annexure P Principals Quick-Reference-Guide-V3-25-Jun-2019.pdf,Annexure P Principals Quick-Reference-Guide-V3-25-Jun-2019.pdf,.pdf,496393,2026-07-27 11:34:39,2025-09-30 09:51:50,Standards,High,knowledge/sources/standards/
DOC-00719,knowledge_inbox\projects\2510\calderwood_primary_school\docs\tendering\volume-3-standards-and-specifications-doe-standards\3.01 Commissioning Package\ANNEXURE P.pdf,ANNEXURE P.pdf,.pdf,32448,2026-07-27 11:34:39,2025-09-30 09:51:50,Standards,High,knowledge/sources/standards/
DOC-00720,knowledge_inbox\projects\2510\calderwood_primary_school\docs\tendering\volume-3-standards-and-specifications-doe-standards\3.01 Commissioning Package\Annexure Q - PCP Expiry Hand Over - V7 - Oct 2024.docx,Annexure Q - PCP Expiry Hand Over - V7 - Oct 2024.docx,.docx,65827,2026-07-27 11:34:39,2025-09-30 09:51:50,Standards,High,knowledge/sources/standards/
DOC-00721,knowledge_inbox\projects\2510\calderwood_primary_school\docs\tendering\volume-3-standards-and-specifications-doe-standards\3.01 Commissioning Package\ANNEXURE Q.pdf,ANNEXURE Q.pdf,.pdf,32478,2026-07-27 11:34:39,2025-09-30 09:51:50,Standards,High,knowledge/sources/standards/
DOC-00722,knowledge_inbox\projects\2510\calderwood_primary_school\docs\tendering\volume-3-standards-and-specifications-doe-standards\3.01 Commissioning Package\Annexure R - Project Defect Management V2 May 2024.pdf,Annexure R - Project Defect Management V2 May 2024.pdf,.pdf,174110,2026-07-27 11:34:39,2025-09-30 09:51:51,Standards,High,knowledge/sources/standards/
DOC-00723,knowledge_inbox\projects\2510\calderwood_primary_school\docs\tendering\volume-3-standards-and-specifications-doe-standards\3.01 Commissioning Package\ANNEXURE R.pdf,ANNEXURE R.pdf,.pdf,32345,2026-07-27 11:34:39,2025-09-30 09:51:51,Standards,High,knowledge/sources/standards/
DOC-00724,knowledge_inbox\projects\2510\calderwood_primary_school\docs\tendering\volume-3-standards-and-specifications-doe-standards\3.01 Commissioning Package\Annexure S Defect Management Plan V1 - February 2023.docx,Annexure S Defect Management Plan V1 - February 2023.docx,.docx,769696,2026-07-27 11:34:39,2025-09-30 09:51:51,Standards,High,knowledge/sources/standards/
DOC-00725,knowledge_inbox\projects\2510\calderwood_primary_school\docs\tendering\volume-3-standards-and-specifications-doe-standards\3.01 Commissioning Package\ANNEXURE S.pdf,ANNEXURE S.pdf,.pdf,80346,2026-07-27 11:34:39,2025-09-30 09:51:51,Standards,High,knowledge/sources/standards/
DOC-00726,knowledge_inbox\projects\2510\calderwood_primary_school\docs\tendering\volume-3-standards-and-specifications-doe-standards\3.01 Commissioning Package\Commissioning Package V14 - October 2024.docx,Commissioning Package V14 - October 2024.docx,.docx,756719,2026-07-27 11:34:39,2025-09-30 09:51:51,Standards,High,knowledge/sources/standards/
DOC-00727,knowledge_inbox\projects\2510\calderwood_primary_school\docs\tendering\volume-3-standards-and-specifications-doe-standards\3.01 Commissioning Package\Thumbs.db,Thumbs.db,.db,14848,2026-07-27 11:34:39,2025-10-23 23:45:26,Standards,High,knowledge/sources/standards/
DOC-00728,knowledge_inbox\projects\2510\calderwood_primary_school\docs\tendering\volume-3-standards-and-specifications-doe-standards\3.02 Consultant Scope of Service\SINSW-ARCHITECT-The Services.pdf,SINSW-ARCHITECT-The Services.pdf,.pdf,906439,2026-07-27 11:34:39,2025-09-30 09:51:51,Standards,High,knowledge/sources/standards/
DOC-00729,knowledge_inbox\projects\2510\calderwood_primary_school\docs\tendering\volume-3-standards-and-specifications-doe-standards\3.02 Consultant Scope of Service\SINSW-CIVIL & STRUCTURAL-The Services.pdf,SINSW-CIVIL & STRUCTURAL-The Services.pdf,.pdf,754695,2026-07-27 11:34:39,2025-09-30 09:51:51,Standards,High,knowledge/sources/standards/
DOC-00730,knowledge_inbox\projects\2510\calderwood_primary_school\docs\tendering\volume-3-standards-and-specifications-doe-standards\3.02 Consultant Scope of Service\SINSW-FFE-ICT Procurement Group Description.pdf,SINSW-FFE-ICT Procurement Group Description.pdf,.pdf,932972,2026-07-27 11:34:39,2025-09-30 09:51:51,Standards,High,knowledge/sources/standards/
DOC-00731,knowledge_inbox\projects\2510\calderwood_primary_school\docs\tendering\volume-3-standards-and-specifications-doe-standards\3.02 Consultant Scope of Service\SINSW-HYDRAULIC & FIRE-The Services.pdf,SINSW-HYDRAULIC & FIRE-The Services.pdf,.pdf,11917076,2026-07-27 11:34:40,2025-09-30 09:51:51,Standards,High,knowledge/sources/standards/
DOC-00732,knowledge_inbox\projects\2510\calderwood_primary_school\docs\tendering\volume-3-standards-and-specifications-doe-standards\3.02 Consultant Scope of Service\SINSW-Mech & Elec & ESD & Acoustic-The Services.pdf,SINSW-Mech & Elec & ESD & Acoustic-The Services.pdf,.pdf,7188076,2026-07-27 11:34:40,2025-09-30 09:51:51,Standards,High,knowledge/sources/standards/
DOC-00733,knowledge_inbox\projects\2510\calderwood_primary_school\docs\tendering\volume-3-standards-and-specifications-doe-standards\3.02 Consultant Scope of Service\Thumbs.db,Thumbs.db,.db,28160,2026-07-27 11:34:40,2025-10-13 10:45:42,Standards,High,knowledge/sources/standards/
DOC-00734,knowledge_inbox\projects\2510\calderwood_primary_school\docs\tendering\volume-3-standards-and-specifications-doe-standards\3.03 Digital Engineering\XXX-SINSW-XX-XX-IE-K-0001.xlsx,XXX-SINSW-XX-XX-IE-K-0001.xlsx,.xlsx,23742,2026-07-27 11:34:40,2025-09-30 09:51:51,Standards,High,knowledge/sources/standards/
DOC-00735,knowledge_inbox\projects\2510\calderwood_primary_school\docs\tendering\volume-3-standards-and-specifications-doe-standards\3.03 Digital Engineering\XXX-SINSW-XX-XX-IE-K-0002.xlsx,XXX-SINSW-XX-XX-IE-K-0002.xlsx,.xlsx,107822,2026-07-27 11:34:40,2025-09-30 09:51:51,Standards,High,knowledge/sources/standards/
DOC-00736,knowledge_inbox\projects\2510\calderwood_primary_school\docs\tendering\volume-3-standards-and-specifications-doe-standards\3.03 Digital Engineering\XXX-SINSW-XX-XX-IE-K-0003.xlsx,XXX-SINSW-XX-XX-IE-K-0003.xlsx,.xlsx,89234,2026-07-27 11:34:40,2025-09-30 09:51:51,Standards,High,knowledge/sources/standards/
DOC-00737,knowledge_inbox\projects\2510\calderwood_primary_school\docs\tendering\volume-3-standards-and-specifications-doe-standards\3.06 APIC and Training\Aboriginal Participation in Construction Policy.pdf,Aboriginal Participation in Construction Policy.pdf,.pdf,139954,2026-07-27 11:34:40,2025-09-30 09:51:55,Standards,High,knowledge/sources/standards/
DOC-00738,knowledge_inbox\projects\2510\calderwood_primary_school\docs\tendering\volume-3-standards-and-specifications-doe-standards\3.06 APIC and Training\TEMPLATE - Aboriginal Participation in Construction (APIC) Monthly Reporting Template.DOCX,TEMPLATE - Aboriginal Participation in Construction (APIC) Monthly Reporting Template.DOCX,.docx,60370,2026-07-27 11:34:40,2025-09-30 09:51:55,Standards,High,knowledge/sources/standards/
DOC-00739,knowledge_inbox\projects\2510\calderwood_primary_school\docs\tendering\volume-3-standards-and-specifications-doe-standards\3.06 APIC and Training\TEMPLATE - Apprenticeship and Traineeship Monthly Reporting Template.DOCX,TEMPLATE - Apprenticeship and Traineeship Monthly Reporting Template.DOCX,.docx,38709,2026-07-27 11:34:40,2025-09-30 09:51:55,Standards,High,knowledge/sources/standards/
DOC-00740,"knowledge_inbox\projects\2510\calderwood_primary_school\docs\tendering\volume-3-standards-and-specifications-doe-standards\3.07 WHS, SiD and AMP\Construction Contractor Safety Management.pdf",Construction Contractor Safety Management.pdf,.pdf,529885,2026-07-27 11:34:40,2025-09-30 09:51:55,Standards,High,knowledge/sources/standards/
DOC-00741,"knowledge_inbox\projects\2510\calderwood_primary_school\docs\tendering\volume-3-standards-and-specifications-doe-standards\3.07 WHS, SiD and AMP\Operational WHS Consultation in MCW.pdf",Operational WHS Consultation in MCW.pdf,.pdf,137757,2026-07-27 11:34:40,2025-09-30 09:51:55,Standards,High,knowledge/sources/standards/
DOC-00742,"knowledge_inbox\projects\2510\calderwood_primary_school\docs\tendering\volume-3-standards-and-specifications-doe-standards\3.07 WHS, SiD and AMP\SINSW CL-001 Pre-Start WHSMP Review Checklist_V02_30-Mar-22.docx",SINSW CL-001 Pre-Start WHSMP Review Checklist_V02_30-Mar-22.docx,.docx,131013,2026-07-27 11:34:40,2025-09-30 09:51:55,Standards,High,knowledge/sources/standards/
DOC-00743,"knowledge_inbox\projects\2510\calderwood_primary_school\docs\tendering\volume-3-standards-and-specifications-doe-standards\3.07 WHS, SiD and AMP\SINSW WHS Contractor Reporting Framework.pdf",SINSW WHS Contractor Reporting Framework.pdf,.pdf,72969,2026-07-27 11:34:40,2025-09-30 09:51:55,Standards,High,knowledge/sources/standards/
DOC-00744,"knowledge_inbox\projects\2510\calderwood_primary_school\docs\tendering\volume-3-standards-and-specifications-doe-standards\3.07 WHS, SiD and AMP\SINSW WHS Incident Classification Matrix.pdf",SINSW WHS Incident Classification Matrix.pdf,.pdf,69729,2026-07-27 11:34:40,2025-09-30 09:51:55,Standards,High,knowledge/sources/standards/
DOC-00745,"knowledge_inbox\projects\2510\calderwood_primary_school\docs\tendering\volume-3-standards-and-specifications-doe-standards\3.07 WHS, SiD and AMP\SINSW WHS Monthly Report Template_V03_Feb2023.xlsx",SINSW WHS Monthly Report Template_V03_Feb2023.xlsx,.xlsx,371254,2026-07-27 11:34:40,2025-09-30 09:51:55,Standards,High,knowledge/sources/standards/
DOC-00746,knowledge_inbox\projects\2510\calderwood_primary_school\docs\tendering\volume-3-standards-and-specifications-doe-standards\3.08 ICT and Security\CAL - AV Standards for Hall and Gym.pdf,CAL - AV Standards for Hall and Gym.pdf,.pdf,1135422,2026-07-27 11:34:41,2025-09-30 09:51:55,Standards,High,knowledge/sources/standards/
DOC-00747,knowledge_inbox\projects\2510\calderwood_primary_school\docs\tendering\volume-3-standards-and-specifications-doe-standards\3.08 ICT and Security\CAL - AV Standards for SLD.pdf,CAL - AV Standards for SLD.pdf,.pdf,561856,2026-07-27 11:34:41,2025-09-30 09:51:55,Standards,High,knowledge/sources/standards/
DOC-00748,knowledge_inbox\projects\2510\calderwood_primary_school\docs\tendering\volume-3-standards-and-specifications-doe-standards\3.08 ICT and Security\CAL - Design Checklist - Comms.pdf,CAL - Design Checklist - Comms.pdf,.pdf,485858,2026-07-27 11:34:41,2025-09-30 09:51:55,Standards,High,knowledge/sources/standards/
DOC-00749,knowledge_inbox\projects\2510\calderwood_primary_school\docs\tendering\volume-3-standards-and-specifications-doe-standards\3.08 ICT and Security\CAL - ICT Requirement.pdf,CAL - ICT Requirement.pdf,.pdf,170137,2026-07-27 11:34:41,2025-09-30 09:51:55,Standards,High,knowledge/sources/standards/
DOC-00750,knowledge_inbox\projects\2510\calderwood_primary_school\docs\tendering\volume-3-standards-and-specifications-doe-standards\3.08 ICT and Security\CAL - Structured Cabling Systems.pdf,CAL - Structured Cabling Systems.pdf,.pdf,1585317,2026-07-27 11:34:41,2025-09-30 09:51:55,Standards,High,knowledge/sources/standards/
DOC-00751,knowledge_inbox\projects\2510\calderwood_primary_school\docs\tendering\volume-3-standards-and-specifications-doe-standards\3.08 ICT and Security\Thumbs.db,Thumbs.db,.db,12288,2026-07-27 11:34:41,2025-10-21 21:47:17,Standards,High,knowledge/sources/standards/
DOC-00752,knowledge_inbox\projects\2510\calderwood_primary_school\docs\tendering\volume-3-standards-and-specifications-doe-standards\3.09 Comms and Engagement\Community Engagement.pdf,Community Engagement.pdf,.pdf,255644,2026-07-27 11:34:41,2025-09-30 09:51:56,Standards,High,knowledge/sources/standards/
DOC-00753,knowledge_inbox\projects\2510\calderwood_primary_school\docs\tendering\volume-3-standards-and-specifications-doe-standards\3.09 Comms and Engagement\Complaints & Interaction Management Process.pdf,Complaints & Interaction Management Process.pdf,.pdf,1027169,2026-07-27 11:34:41,2025-09-30 09:51:56,Standards,High,knowledge/sources/standards/
DOC-00754,knowledge_inbox\projects\2510\calderwood_primary_school\docs\tendering\volume-3-standards-and-specifications-doe-standards\3.09 Comms and Engagement\Notification process and timing MO.pdf,Notification process and timing MO.pdf,.pdf,160652,2026-07-27 11:34:41,2025-09-30 09:51:56,Standards,High,knowledge/sources/standards/
DOC-00755,knowledge_inbox\projects\2510\calderwood_primary_school\docs\tendering\volume-3-standards-and-specifications-doe-standards\3.09 Comms and Engagement\Notifications and Complaints Protocols.pdf,Notifications and Complaints Protocols.pdf,.pdf,359516,2026-07-27 11:34:41,2025-09-30 09:51:56,Standards,High,knowledge/sources/standards/
DOC-00756,knowledge_inbox\projects\2510\calderwood_primary_school\docs\tendering\volume-3-standards-and-specifications-doe-standards\SINSW08089-25 - Volume 3 - Standards and Specifications (DoE Standards)\3.04 Miscellaneous\CAL - DEXP.pdf,CAL - DEXP.pdf,.pdf,7713019,2026-07-27 11:34:41,2025-09-30 09:51:51,Standards,High,knowledge/sources/standards/
DOC-00757,knowledge_inbox\projects\2510\calderwood_primary_school\docs\tendering\volume-3-standards-and-specifications-doe-standards\SINSW08089-25 - Volume 3 - Standards and Specifications (DoE Standards)\3.04 Miscellaneous\CAL - Workflow Process Maps.pdf,CAL - Workflow Process Maps.pdf,.pdf,5512238,2026-07-27 11:34:41,2025-09-30 09:51:51,Standards,High,knowledge/sources/standards/
DOC-00758,knowledge_inbox\projects\2510\calderwood_primary_school\docs\tendering\volume-3-standards-and-specifications-doe-standards\SINSW08089-25 - Volume 3 - Standards and Specifications (DoE Standards)\3.04 Miscellaneous\Thumbs.db,Thumbs.db,.db,7680,2026-07-27 11:34:41,2025-10-16 21:39:44,Standards,High,knowledge/sources/standards/
DOC-00759,knowledge_inbox\projects\2510\calderwood_primary_school\docs\tendering\volume-3-standards-and-specifications-doe-standards\SINSW08089-25 - Volume 3 - Standards and Specifications (DoE Standards)\3.05 Patternbook\237225-B01.pdf,237225-B01.pdf,.pdf,2155022,2026-07-27 11:34:41,2025-09-30 09:51:51,Standards,High,knowledge/sources/standards/
DOC-00760,knowledge_inbox\projects\2510\calderwood_primary_school\docs\tendering\volume-3-standards-and-specifications-doe-standards\SINSW08089-25 - Volume 3 - Standards and Specifications (DoE Standards)\3.05 Patternbook\EFSG_Preschool_Design_Brief.pdf,EFSG_Preschool_Design_Brief.pdf,.pdf,23168399,2026-07-27 11:34:42,2025-09-30 09:51:52,Standards,High,knowledge/sources/standards/
DOC-00761,knowledge_inbox\projects\2510\calderwood_primary_school\docs\tendering\volume-3-standards-and-specifications-doe-standards\SINSW08089-25 - Volume 3 - Standards and Specifications (DoE Standards)\3.05 Patternbook\PAT-SINSW-GLS-HS-DR-A-0001.pdf,PAT-SINSW-GLS-HS-DR-A-0001.pdf,.pdf,494557,2026-07-27 11:34:42,2025-09-30 09:51:52,Standards,High,knowledge/sources/standards/
DOC-00762,knowledge_inbox\projects\2510\calderwood_primary_school\docs\tendering\volume-3-standards-and-specifications-doe-standards\SINSW08089-25 - Volume 3 - Standards and Specifications (DoE Standards)\3.05 Patternbook\PAT-SINSW-GLS-HS-DR-A-0010.pdf,PAT-SINSW-GLS-HS-DR-A-0010.pdf,.pdf,1060500,2026-07-27 11:34:42,2025-09-30 09:51:52,Standards,High,knowledge/sources/standards/
DOC-00763,knowledge_inbox\projects\2510\calderwood_primary_school\docs\tendering\volume-3-standards-and-specifications-doe-standards\SINSW08089-25 - Volume 3 - Standards and Specifications (DoE Standards)\3.05 Patternbook\PAT-SINSW-GLS-HS-DR-A-0020.pdf,PAT-SINSW-GLS-HS-DR-A-0020.pdf,.pdf,273706,2026-07-27 11:34:42,2025-09-30 09:51:52,Standards,High,knowledge/sources/standards/
DOC-00764,knowledge_inbox\projects\2510\calderwood_primary_school\docs\tendering\volume-3-standards-and-specifications-doe-standards\SINSW08089-25 - Volume 3 - Standards and Specifications (DoE Standards)\3.05 Patternbook\PAT-SINSW-GLS-HS-DR-A-0111.pdf,PAT-SINSW-GLS-HS-DR-A-0111.pdf,.pdf,421819,2026-07-27 11:34:42,2025-09-30 09:51:52,Standards,High,knowledge/sources/standards/
DOC-00765,knowledge_inbox\projects\2510\calderwood_primary_school\docs\tendering\volume-3-standards-and-specifications-doe-standards\SINSW08089-25 - Volume 3 - Standards and Specifications (DoE Standards)\3.05 Patternbook\PAT-SINSW-GLS-HS-DR-A-0131.pdf,PAT-SINSW-GLS-HS-DR-A-0131.pdf,.pdf,700677,2026-07-27 11:34:42,2025-09-30 09:51:52,Standards,High,knowledge/sources/standards/
DOC-00766,knowledge_inbox\projects\2510\calderwood_primary_school\docs\tendering\volume-3-standards-and-specifications-doe-standards\SINSW08089-25 - Volume 3 - Standards and Specifications (DoE Standards)\3.05 Patternbook\PAT-SINSW-GLS-HS-DR-A-0311.pdf,PAT-SINSW-GLS-HS-DR-A-0311.pdf,.pdf,420346,2026-07-27 11:34:42,2025-09-30 09:51:52,Standards,High,knowledge/sources/standards/
DOC-00767,knowledge_inbox\projects\2510\calderwood_primary_school\docs\tendering\volume-3-standards-and-specifications-doe-standards\SINSW08089-25 - Volume 3 - Standards and Specifications (DoE Standards)\3.05 Patternbook\PAT-SINSW-GLS-HS-DR-A-0331.pdf,PAT-SINSW-GLS-HS-DR-A-0331.pdf,.pdf,874101,2026-07-27 11:34:42,2025-09-30 09:51:52,Standards,High,knowledge/sources/standards/
DOC-00768,knowledge_inbox\projects\2510\calderwood_primary_school\docs\tendering\volume-3-standards-and-specifications-doe-standards\SINSW08089-25 - Volume 3 - Standards and Specifications (DoE Standards)\3.05 Patternbook\PAT-SINSW-GLS-HS-DR-A-0511.pdf,PAT-SINSW-GLS-HS-DR-A-0511.pdf,.pdf,417881,2026-07-27 11:34:42,2025-09-30 09:51:52,Standards,High,knowledge/sources/standards/
DOC-00769,knowledge_inbox\projects\2510\calderwood_primary_school\docs\tendering\volume-3-standards-and-specifications-doe-standards\SINSW08089-25 - Volume 3 - Standards and Specifications (DoE Standards)\3.05 Patternbook\PAT-SINSW-GLS-HS-DR-A-0531.pdf,PAT-SINSW-GLS-HS-DR-A-0531.pdf,.pdf,481640,2026-07-27 11:34:42,2025-09-30 09:51:52,Standards,High,knowledge/sources/standards/
DOC-00770,knowledge_inbox\projects\2510\calderwood_primary_school\docs\tendering\volume-3-standards-and-specifications-doe-standards\SINSW08089-25 - Volume 3 - Standards and Specifications (DoE Standards)\3.05 Patternbook\PAT-SINSW-SLU-HS-DR-A-1201.pdf,PAT-SINSW-SLU-HS-DR-A-1201.pdf,.pdf,662980,2026-07-27 11:34:42,2025-09-30 09:51:53,Standards,High,knowledge/sources/standards/
DOC-00771,knowledge_inbox\projects\2510\calderwood_primary_school\docs\tendering\volume-3-standards-and-specifications-doe-standards\SINSW08089-25 - Volume 3 - Standards and Specifications (DoE Standards)\3.05 Patternbook\PAT-SINSW-SLU-HS-DR-A-1202.pdf,PAT-SINSW-SLU-HS-DR-A-1202.pdf,.pdf,494257,2026-07-27 11:34:42,2025-09-30 09:51:53,Standards,High,knowledge/sources/standards/
DOC-00772,knowledge_inbox\projects\2510\calderwood_primary_school\docs\tendering\volume-3-standards-and-specifications-doe-standards\SINSW08089-25 - Volume 3 - Standards and Specifications (DoE Standards)\3.05 Patternbook\PAT-SINSW-SLU-HS-DR-A-1203.pdf,PAT-SINSW-SLU-HS-DR-A-1203.pdf,.pdf,463651,2026-07-27 11:34:42,2025-09-30 09:51:53,Standards,High,knowledge/sources/standards/
DOC-00773,knowledge_inbox\projects\2510\calderwood_primary_school\docs\tendering\volume-3-standards-and-specifications-doe-standards\SINSW08089-25 - Volume 3 - Standards and Specifications (DoE Standards)\3.05 Patternbook\PAT-SINSW-SLU-HS-DR-A-1204.pdf,PAT-SINSW-SLU-HS-DR-A-1204.pdf,.pdf,466256,2026-07-27 11:34:42,2025-09-30 09:51:53,Standards,High,knowledge/sources/standards/
DOC-00774,knowledge_inbox\projects\2510\calderwood_primary_school\docs\tendering\volume-3-standards-and-specifications-doe-standards\SINSW08089-25 - Volume 3 - Standards and Specifications (DoE Standards)\3.05 Patternbook\PAT-SINSW-SLU-HS-DR-A-1205.pdf,PAT-SINSW-SLU-HS-DR-A-1205.pdf,.pdf,464955,2026-07-27 11:34:43,2025-09-30 09:51:53,Standards,High,knowledge/sources/standards/
DOC-00775,knowledge_inbox\projects\2510\calderwood_primary_school\docs\tendering\volume-3-standards-and-specifications-doe-standards\SINSW08089-25 - Volume 3 - Standards and Specifications (DoE Standards)\3.05 Patternbook\PAT-SINSW-SLU-HS-DR-A-1206.pdf,PAT-SINSW-SLU-HS-DR-A-1206.pdf,.pdf,340025,2026-07-27 11:34:43,2025-09-30 09:51:53,Standards,High,knowledge/sources/standards/
DOC-00776,knowledge_inbox\projects\2510\calderwood_primary_school\docs\tendering\volume-3-standards-and-specifications-doe-standards\SINSW08089-25 - Volume 3 - Standards and Specifications (DoE Standards)\3.05 Patternbook\PAT-SINSW-SLU-HS-DR-A-1207.pdf,PAT-SINSW-SLU-HS-DR-A-1207.pdf,.pdf,463145,2026-07-27 11:34:43,2025-09-30 09:51:53,Standards,High,knowledge/sources/standards/
DOC-00777,knowledge_inbox\projects\2510\calderwood_primary_school\docs\tendering\volume-3-standards-and-specifications-doe-standards\SINSW08089-25 - Volume 3 - Standards and Specifications (DoE Standards)\3.05 Patternbook\PAT-SINSW-SLU-HS-DR-A-1210.pdf,PAT-SINSW-SLU-HS-DR-A-1210.pdf,.pdf,464031,2026-07-27 11:34:43,2025-09-30 09:51:53,Standards,High,knowledge/sources/standards/
DOC-00778,knowledge_inbox\projects\2510\calderwood_primary_school\docs\tendering\volume-3-standards-and-specifications-doe-standards\SINSW08089-25 - Volume 3 - Standards and Specifications (DoE Standards)\3.05 Patternbook\PAT-SINSW-SLU-HS-DR-A-1218.pdf,PAT-SINSW-SLU-HS-DR-A-1218.pdf,.pdf,462301,2026-07-27 11:34:43,2025-09-30 09:51:53,Standards,High,knowledge/sources/standards/
DOC-00779,knowledge_inbox\projects\2510\calderwood_primary_school\docs\tendering\volume-3-standards-and-specifications-doe-standards\SINSW08089-25 - Volume 3 - Standards and Specifications (DoE Standards)\3.05 Patternbook\PAT-SINSW-SLU-HS-DR-A-1219.pdf,PAT-SINSW-SLU-HS-DR-A-1219.pdf,.pdf,462308,2026-07-27 11:34:43,2025-09-30 09:51:53,Standards,High,knowledge/sources/standards/
DOC-00780,knowledge_inbox\projects\2510\calderwood_primary_school\docs\tendering\volume-3-standards-and-specifications-doe-standards\SINSW08089-25 - Volume 3 - Standards and Specifications (DoE Standards)\3.05 Patternbook\PAT-SINSW-SLU-HS-DR-A-1223.pdf,PAT-SINSW-SLU-HS-DR-A-1223.pdf,.pdf,403096,2026-07-27 11:34:43,2025-09-30 09:51:53,Standards,High,knowledge/sources/standards/
DOC-00781,knowledge_inbox\projects\2510\calderwood_primary_school\docs\tendering\volume-3-standards-and-specifications-doe-standards\SINSW08089-25 - Volume 3 - Standards and Specifications (DoE Standards)\3.05 Patternbook\PAT-SINSW-SLU-HS-DR-A-1224.pdf,PAT-SINSW-SLU-HS-DR-A-1224.pdf,.pdf,681441,2026-07-27 11:34:43,2025-09-30 09:51:53,Standards,High,knowledge/sources/standards/
DOC-00782,knowledge_inbox\projects\2510\calderwood_primary_school\docs\tendering\volume-3-standards-and-specifications-doe-standards\SINSW08089-25 - Volume 3 - Standards and Specifications (DoE Standards)\3.05 Patternbook\PAT-SINSW-SLU-HS-DR-A-1225.pdf,PAT-SINSW-SLU-HS-DR-A-1225.pdf,.pdf,254466,2026-07-27 11:34:43,2025-09-30 09:51:53,Standards,High,knowledge/sources/standards/
DOC-00783,knowledge_inbox\projects\2510\calderwood_primary_school\docs\tendering\volume-3-standards-and-specifications-doe-standards\SINSW08089-25 - Volume 3 - Standards and Specifications (DoE Standards)\3.05 Patternbook\PAT-SINSW-SLU-HS-DR-A-1227.pdf,PAT-SINSW-SLU-HS-DR-A-1227.pdf,.pdf,1103295,2026-07-27 11:34:43,2025-09-30 09:51:53,Standards,High,knowledge/sources/standards/
DOC-00784,knowledge_inbox\projects\2510\calderwood_primary_school\docs\tendering\volume-3-standards-and-specifications-doe-standards\SINSW08089-25 - Volume 3 - Standards and Specifications (DoE Standards)\3.05 Patternbook\PAT-SINSW-SLU-HS-DR-A-1230.pdf,PAT-SINSW-SLU-HS-DR-A-1230.pdf,.pdf,760787,2026-07-27 11:34:43,2025-09-30 09:51:53,Standards,High,knowledge/sources/standards/
DOC-00785,knowledge_inbox\projects\2510\calderwood_primary_school\docs\tendering\volume-3-standards-and-specifications-doe-standards\SINSW08089-25 - Volume 3 - Standards and Specifications (DoE Standards)\3.05 Patternbook\PAT-SINSW-SLU-HS-DR-A-1238.pdf,PAT-SINSW-SLU-HS-DR-A-1238.pdf,.pdf,680079,2026-07-27 11:34:43,2025-09-30 09:51:53,Standards,High,knowledge/sources/standards/
DOC-00786,knowledge_inbox\projects\2510\calderwood_primary_school\docs\tendering\volume-3-standards-and-specifications-doe-standards\SINSW08089-25 - Volume 3 - Standards and Specifications (DoE Standards)\3.05 Patternbook\PAT-SINSW-SLU-HS-DR-A-1239.pdf,PAT-SINSW-SLU-HS-DR-A-1239.pdf,.pdf,721179,2026-07-27 11:34:43,2025-09-30 09:51:53,Standards,High,knowledge/sources/standards/
DOC-00787,knowledge_inbox\projects\2510\calderwood_primary_school\docs\tendering\volume-3-standards-and-specifications-doe-standards\SINSW08089-25 - Volume 3 - Standards and Specifications (DoE Standards)\3.05 Patternbook\PAT-SINSW-ZZ-ZZ-DR-A-5001.pdf,PAT-SINSW-ZZ-ZZ-DR-A-5001.pdf,.pdf,78565,2026-07-27 11:34:43,2025-09-30 09:51:53,Standards,High,knowledge/sources/standards/
DOC-00788,knowledge_inbox\projects\2510\calderwood_primary_school\docs\tendering\volume-3-standards-and-specifications-doe-standards\SINSW08089-25 - Volume 3 - Standards and Specifications (DoE Standards)\3.05 Patternbook\PAT-SINSW-ZZ-ZZ-DR-A-5002.pdf,PAT-SINSW-ZZ-ZZ-DR-A-5002.pdf,.pdf,164755,2026-07-27 11:34:43,2025-09-30 09:51:53,Standards,High,knowledge/sources/standards/
DOC-00789,knowledge_inbox\projects\2510\calderwood_primary_school\docs\tendering\volume-3-standards-and-specifications-doe-standards\SINSW08089-25 - Volume 3 - Standards and Specifications (DoE Standards)\3.05 Patternbook\Patternbook Vol 1 - Rev 2.pdf,Patternbook Vol 1 - Rev 2.pdf,.pdf,1426558,2026-07-27 11:34:43,2025-09-30 09:51:53,Standards,High,knowledge/sources/standards/
DOC-00790,knowledge_inbox\projects\2510\calderwood_primary_school\docs\tendering\volume-3-standards-and-specifications-doe-standards\SINSW08089-25 - Volume 3 - Standards and Specifications (DoE Standards)\3.05 Patternbook\Patternbook Vol 2 - Rev 6.pdf,Patternbook Vol 2 - Rev 6.pdf,.pdf,33303371,2026-07-27 11:34:43,2025-09-30 09:51:54,Standards,High,knowledge/sources/standards/
DOC-00791,knowledge_inbox\projects\2510\calderwood_primary_school\docs\tendering\volume-3-standards-and-specifications-doe-standards\SINSW08089-25 - Volume 3 - Standards and Specifications (DoE Standards)\3.05 Patternbook\Thumbs.db,Thumbs.db,.db,27136,2026-07-27 11:34:44,2025-10-16 09:42:36,Standards,High,knowledge/sources/standards/
DOC-00792,knowledge_inbox\projects\2510\calderwood_primary_school\earthwork\1 Existing Elevation.PNG,1 Existing Elevation.PNG,.png,85257,2026-07-27 11:32:40,2025-10-16 23:38:55,Projects,High,knowledge/sources/projects/
DOC-00793,knowledge_inbox\projects\2510\calderwood_primary_school\earthwork\2 Design Elevation.PNG,2 Design Elevation.PNG,.png,210297,2026-07-27 11:32:40,2025-10-16 23:39:28,Projects,High,knowledge/sources/projects/
DOC-00794,knowledge_inbox\projects\2510\calderwood_primary_school\earthwork\3 Subgrade Elevation.PNG,3 Subgrade Elevation.PNG,.png,230820,2026-07-27 11:32:40,2025-10-16 23:39:54,Projects,High,knowledge/sources/projects/
DOC-00795,knowledge_inbox\projects\2510\calderwood_primary_school\earthwork\Calderwood Earthworks.BAK,Calderwood Earthworks.BAK,.bak,1799585,2026-07-27 11:32:40,2025-10-16 23:39:11,Projects,High,knowledge/sources/projects/
DOC-00796,knowledge_inbox\projects\2510\calderwood_primary_school\earthwork\Calderwood Earthworks.esw,Calderwood Earthworks.esw,.esw,1799585,2026-07-27 11:32:40,2025-10-16 23:43:05,Projects,High,knowledge/sources/projects/
DOC-00797,knowledge_inbox\projects\2510\calderwood_primary_school\earthwork\Calderwood Earthworks.xlsx,Calderwood Earthworks.xlsx,.xlsx,14579,2026-07-27 11:32:40,2025-10-16 22:45:41,Projects,High,knowledge/sources/projects/
DOC-00798,knowledge_inbox\projects\2510\calderwood_primary_school\export\Calderwood Primary School Masterfile - 20102025.xlsx,Calderwood Primary School Masterfile - 20102025.xlsx,.xlsx,644676,2026-07-27 11:32:53,2025-10-20 13:46:41,Projects,High,knowledge/sources/projects/
DOC-00799,knowledge_inbox\projects\2510\calderwood_primary_school\export\CWPS Masterfile - 20102025 Cubit9.CBX,CWPS Masterfile - 20102025 Cubit9.CBX,.cbx,362525187,2026-07-27 11:32:53,2025-10-21 09:20:03,Projects,High,knowledge/sources/projects/
DOC-00800,knowledge_inbox\projects\2510\calderwood_primary_school\export\CWPS Masterfile - 20102025..CBX,CWPS Masterfile - 20102025..CBX,.cbx,362429230,2026-07-27 11:32:57,2025-10-20 13:45:15,Projects,High,knowledge/sources/projects/
DOC-00801,knowledge_inbox\projects\2510\calderwood_primary_school\queries\Calderwood Primary School Queries 02102025 (SUBMITTED).docx,Calderwood Primary School Queries 02102025 (SUBMITTED).docx,.docx,495372,2026-07-27 11:33:36,2025-10-02 23:50:24,Projects,High,knowledge/sources/projects/
DOC-00802,knowledge_inbox\projects\2510\calderwood_primary_school\queries\Calderwood Primary School Queries 03102025 (SUBMITTED).docx,Calderwood Primary School Queries 03102025 (SUBMITTED).docx,.docx,229731,2026-07-27 11:33:36,2025-10-03 22:24:41,Projects,High,knowledge/sources/projects/
DOC-00803,knowledge_inbox\projects\2510\calderwood_primary_school\queries\Calderwood Primary School Queries 07102025 (SUBMITTED).docx,Calderwood Primary School Queries 07102025 (SUBMITTED).docx,.docx,222148,2026-07-27 11:33:36,2025-10-07 18:28:00,Projects,High,knowledge/sources/projects/
DOC-00804,knowledge_inbox\projects\2510\calderwood_primary_school\queries\Calderwood Primary School Queries 10102025 (SUBMITTED).docx,Calderwood Primary School Queries 10102025 (SUBMITTED).docx,.docx,388342,2026-07-27 11:33:36,2025-10-10 21:16:55,Projects,High,knowledge/sources/projects/
DOC-00805,knowledge_inbox\projects\2510\calderwood_primary_school\queries\Calderwood Primary School Queries 14102025 (SUBMITTED).docx,Calderwood Primary School Queries 14102025 (SUBMITTED).docx,.docx,579464,2026-07-27 11:33:36,2025-10-14 12:30:01,Projects,High,knowledge/sources/projects/
DOC-00806,knowledge_inbox\projects\2510\calderwood_primary_school\queries\Calderwood Primary School Queries 16102025 (SUBMITTED).docx,Calderwood Primary School Queries 16102025 (SUBMITTED).docx,.docx,333318,2026-07-27 11:33:36,2025-10-16 08:48:48,Projects,High,knowledge/sources/projects/
DOC-00807,knowledge_inbox\projects\2510\calderwood_primary_school\setup\Calderwood Primary School Door and Window Set-Up Template.xlsx,Calderwood Primary School Door and Window Set-Up Template.xlsx,.xlsx,1393096,2026-07-27 11:33:31,2025-10-10 14:57:55,Projects,High,knowledge/sources/projects/
DOC-00808,knowledge_inbox\projects\2510\calderwood_primary_school\setup\Calderwood Primary School Elemental Checklist.xlsx,Calderwood Primary School Elemental Checklist.xlsx,.xlsx,116297,2026-07-27 11:33:31,2025-09-30 10:05:32,Projects,High,knowledge/sources/projects/
DOC-00809,knowledge_inbox\projects\2510\calderwood_primary_school\setup\Calderwood Primary School Excel to CostX Workbook.xlsx,Calderwood Primary School Excel to CostX Workbook.xlsx,.xlsx,22648,2026-07-27 11:33:31,2024-11-13 08:31:21,Projects,High,knowledge/sources/projects/
DOC-00810,knowledge_inbox\projects\2510\calderwood_primary_school\setup\Calderwood Primary School FFE Description Set Up.xlsx,Calderwood Primary School FFE Description Set Up.xlsx,.xlsx,29431864,2026-07-27 11:33:31,2025-10-15 23:09:01,Projects,High,knowledge/sources/projects/
DOC-00811,knowledge_inbox\projects\2510\calderwood_primary_school\setup\Calderwood Primary School Items to Check.xlsx,Calderwood Primary School Items to Check.xlsx,.xlsx,15614,2026-07-27 11:33:31,2024-12-05 22:31:14,Projects,High,knowledge/sources/projects/
DOC-00812,knowledge_inbox\projects\2510\calderwood_primary_school\setup\Calderwood Primary School Joinery Setup.xlsx,Calderwood Primary School Joinery Setup.xlsx,.xlsx,57095,2026-07-27 11:33:31,2025-10-15 23:31:05,Projects,High,knowledge/sources/projects/
DOC-00813,knowledge_inbox\projects\2510\calderwood_primary_school\setup\Calderwood Primary School Window Set-Up.xlsx,Calderwood Primary School Window Set-Up.xlsx,.xlsx,1410668,2026-07-27 11:33:31,2025-10-13 23:47:29,Projects,High,knowledge/sources/projects/
DOC-00814,knowledge_inbox\projects\2510\calderwood_primary_school\setup\Structural Steel Program 09012024.xlsx,Structural Steel Program 09012024.xlsx,.xlsx,662997,2026-07-27 11:33:31,2025-10-15 16:38:38,Projects,High,knowledge/sources/projects/
DOC-00815,knowledge_inbox\projects\2510\canberra_theatre\bulkcheck\Canberra Theatre Bulk Check.xlsx,Canberra Theatre Bulk Check.xlsx,.xlsx,112865,2026-07-27 12:16:37,2025-10-28 19:07:18,Projects,High,knowledge/sources/projects/
DOC-00816,knowledge_inbox\projects\2510\canberra_theatre\checklist\Canberra Theatre Checklist.xlsx,Canberra Theatre Checklist.xlsx,.xlsx,1367748,2026-07-27 12:16:40,2025-10-28 23:34:42,Projects,High,knowledge/sources/projects/
DOC-00817,knowledge_inbox\projects\2510\canberra_theatre\docs\0. Architectural Combined without specs.pdf,0. Architectural Combined without specs.pdf,.pdf,345263245,2026-07-27 12:17:08,2025-10-22 13:50:12,Projects,High,knowledge/sources/projects/
DOC-00818,knowledge_inbox\projects\2510\canberra_theatre\docs\0. Architectural Finishes Schedule.pdf,0. Architectural Finishes Schedule.pdf,.pdf,418946,2026-07-27 12:17:11,2025-10-14 14:22:01,Projects,High,knowledge/sources/projects/
DOC-00819,knowledge_inbox\projects\2510\canberra_theatre\docs\0. Fixtures And Equipment Report Schedule.pdf,0. Fixtures And Equipment Report Schedule.pdf,.pdf,412034,2026-07-27 12:17:11,2025-10-14 14:22:01,Projects,High,knowledge/sources/projects/
DOC-00820,knowledge_inbox\projects\2510\canberra_theatre\docs\0. Landscape Combined.pdf,0. Landscape Combined.pdf,.pdf,38745343,2026-07-27 12:17:11,2025-10-27 11:57:52,Projects,High,knowledge/sources/projects/
DOC-00821,knowledge_inbox\projects\2510\canberra_theatre\docs\0. Structural Combined.pdf,0. Structural Combined.pdf,.pdf,45425449,2026-07-27 12:17:12,2025-10-20 06:51:38,Projects,High,knowledge/sources/projects/
DOC-00822,"knowledge_inbox\projects\2510\canberra_theatre\docs\report\CTR ECI - TS 02 - Definitions, Abbreviations and Acronyms_04.pdf","CTR ECI - TS 02 - Definitions, Abbreviations and Acronyms_04.pdf",.pdf,306817,2026-07-27 12:17:52,2025-10-14 14:21:12,Projects,High,knowledge/sources/projects/
DOC-00823,knowledge_inbox\projects\2510\canberra_theatre\docs\report\CTR ECI - TS 10 - Structural and Geotechnical Engineering_04.pdf,CTR ECI - TS 10 - Structural and Geotechnical Engineering_04.pdf,.pdf,406327,2026-07-27 12:17:48,2025-10-14 14:21:12,Projects,High,knowledge/sources/projects/
DOC-00824,knowledge_inbox\projects\2510\canberra_theatre\docs\report\CTR ECI - TS 12 - Environmentally Sustainable Design_04.pdf,CTR ECI - TS 12 - Environmentally Sustainable Design_04.pdf,.pdf,355379,2026-07-27 12:18:15,2025-10-14 14:21:12,Projects,High,knowledge/sources/projects/
DOC-00825,knowledge_inbox\projects\2510\canberra_theatre\docs\report\CTR ECI - TS 15 - Civil Works and Drainage_05.pdf,CTR ECI - TS 15 - Civil Works and Drainage_05.pdf,.pdf,357909,2026-07-27 12:17:46,2025-10-14 14:21:13,Projects,High,knowledge/sources/projects/
DOC-00826,knowledge_inbox\projects\2510\canberra_theatre\docs\report\CTR ECI - TS 23 - Acoustics_05.pdf,CTR ECI - TS 23 - Acoustics_05.pdf,.pdf,2167318,2026-07-27 12:18:02,2025-10-14 14:21:13,Projects,High,knowledge/sources/projects/
DOC-00827,knowledge_inbox\projects\2510\canberra_theatre\docs\report\CTR ECI - TS 46 - Earthworks_04.pdf,CTR ECI - TS 46 - Earthworks_04.pdf,.pdf,409494,2026-07-27 12:18:06,2025-10-14 14:21:13,Projects,High,knowledge/sources/projects/
DOC-00828,knowledge_inbox\projects\2510\canberra_theatre\docs\tendering\CTR 50%_Exec Summary.pdf,CTR 50%_Exec Summary.pdf,.pdf,70722,2026-07-27 12:17:23,2025-10-14 14:21:11,Projects,High,knowledge/sources/projects/
DOC-00829,knowledge_inbox\projects\2510\canberra_theatre\docs\tendering\CTR ECI - Project Brief (Reference Brief).pdf,CTR ECI - Project Brief (Reference Brief).pdf,.pdf,987273,2026-07-27 12:17:55,2025-10-14 14:21:12,Projects,High,knowledge/sources/projects/
DOC-00830,knowledge_inbox\projects\2510\canberra_theatre\export\Canberra Theatre - Masterfile 28102025.CBX,Canberra Theatre - Masterfile 28102025.CBX,.cbx,238994227,2026-07-27 12:16:31,2025-10-28 21:49:47,Projects,High,knowledge/sources/projects/
DOC-00831,knowledge_inbox\projects\2510\canberra_theatre\export\Canberra Theatre - Masterfile 28102025.exf,Canberra Theatre - Masterfile 28102025.exf,.exf,301062,2026-07-27 12:16:31,2025-10-28 21:51:38,Projects,High,knowledge/sources/projects/
DOC-00832,knowledge_inbox\projects\2510\canberra_theatre\export\Canberra Theatre - Masterfile 28102025.xlsx,Canberra Theatre - Masterfile 28102025.xlsx,.xlsx,215966,2026-07-27 12:16:31,2025-10-28 21:50:09,Projects,High,knowledge/sources/projects/
DOC-00833,knowledge_inbox\projects\2510\canberra_theatre\queries\Canberra Theatre Queries 17102025 (SUBMITTED).docx,Canberra Theatre Queries 17102025 (SUBMITTED).docx,.docx,167736,2026-07-27 12:16:48,2025-10-17 14:33:42,Projects,High,knowledge/sources/projects/
DOC-00834,knowledge_inbox\projects\2510\canberra_theatre\queries\Canberra Theatre Queries 22102025 (SUBMITTED).docx,Canberra Theatre Queries 22102025 (SUBMITTED).docx,.docx,417231,2026-07-27 12:16:48,2025-10-22 21:29:07,Projects,High,knowledge/sources/projects/
DOC-00835,knowledge_inbox\projects\2510\canberra_theatre\queries\Canberra Theatre Queries 23102025 (SUBMITTED).docx,Canberra Theatre Queries 23102025 (SUBMITTED).docx,.docx,353854,2026-07-27 12:16:48,2025-10-23 23:45:41,Projects,High,knowledge/sources/projects/
DOC-00836,knowledge_inbox\projects\2510\canberra_theatre\queries\Canberra Theatre Queries 27102025 (SUBMITTED).docx,Canberra Theatre Queries 27102025 (SUBMITTED).docx,.docx,253040,2026-07-27 12:16:48,2025-10-28 00:59:55,Projects,High,knowledge/sources/projects/
DOC-00837,knowledge_inbox\projects\2510\canberra_theatre\setup\Canberra Theatre Door and Window Set-Up.xlsx,Canberra Theatre Door and Window Set-Up.xlsx,.xlsx,1388337,2026-07-27 12:16:44,2025-05-29 07:54:50,Projects,High,knowledge/sources/projects/
DOC-00838,knowledge_inbox\projects\2510\canberra_theatre\setup\Canberra Theatre Elemental Checklist.xlsx,Canberra Theatre Elemental Checklist.xlsx,.xlsx,116289,2026-07-27 12:16:44,2025-10-14 14:30:55,Projects,High,knowledge/sources/projects/
DOC-00839,knowledge_inbox\projects\2510\canberra_theatre\setup\Canberra Theatre Excel to CostX Workbook.xlsx,Canberra Theatre Excel to CostX Workbook.xlsx,.xlsx,22648,2026-07-27 12:16:44,2024-11-13 08:31:21,Projects,High,knowledge/sources/projects/
DOC-00840,knowledge_inbox\projects\2510\canberra_theatre\setup\Canberra Theatre FFE Description Set Up.xlsx,Canberra Theatre FFE Description Set Up.xlsx,.xlsx,569537,2026-07-27 12:16:44,2025-10-27 20:11:59,Projects,High,knowledge/sources/projects/
DOC-00841,knowledge_inbox\projects\2510\canberra_theatre\setup\Canberra Theatre Items to Check.xlsx,Canberra Theatre Items to Check.xlsx,.xlsx,15681,2026-07-27 12:16:44,2025-10-28 18:27:04,Projects,High,knowledge/sources/projects/
DOC-00842,knowledge_inbox\projects\2510\canberra_theatre\setup\Canberra Theatre Joinery Setup.xlsx,Canberra Theatre Joinery Setup.xlsx,.xlsx,60385,2026-07-27 12:16:44,2025-10-27 22:55:50,Projects,High,knowledge/sources/projects/
DOC-00843,knowledge_inbox\projects\2510\canberra_theatre\setup\Copy of Canberra Theatre Bulk Check (Wall Types).xlsx,Copy of Canberra Theatre Bulk Check (Wall Types).xlsx,.xlsx,112892,2026-07-27 12:16:44,2025-10-28 18:19:51,Projects,High,knowledge/sources/projects/
DOC-00844,knowledge_inbox\projects\2510\canberra_theatre\setup\Structural Steel Program 09012024.xlsx,Structural Steel Program 09012024.xlsx,.xlsx,648473,2026-07-27 12:16:44,2024-08-16 08:06:49,Projects,High,knowledge/sources/projects/
DOC-00845,knowledge_inbox\projects\2510\manly_gymnastics_center\bulkcheck\MWGC Bulk Check.xlsx,MWGC Bulk Check.xlsx,.xlsx,84911,2026-07-27 12:19:05,2025-11-03 14:55:55,Projects,High,knowledge/sources/projects/
DOC-00846,knowledge_inbox\projects\2510\manly_gymnastics_center\checklist\MWGC Checklist.xlsx,MWGC Checklist.xlsx,.xlsx,1104898,2026-07-27 12:19:07,2025-11-04 14:54:58,Projects,High,knowledge/sources/projects/
DOC-00847,knowledge_inbox\projects\2510\manly_gymnastics_center\docs\0. Architectural Combined.pdf,0. Architectural Combined.pdf,.pdf,44787828,2026-07-27 12:19:18,2025-10-27 09:16:28,Projects,High,knowledge/sources/projects/
DOC-00848,knowledge_inbox\projects\2510\manly_gymnastics_center\docs\0. Civil Combined.pdf,0. Civil Combined.pdf,.pdf,9672308,2026-07-27 12:19:19,2025-10-28 21:00:04,Projects,High,knowledge/sources/projects/
DOC-00849,knowledge_inbox\projects\2510\manly_gymnastics_center\docs\0. Landscape Combined.pdf,0. Landscape Combined.pdf,.pdf,54338071,2026-07-27 12:19:19,2025-10-28 15:00:29,Projects,High,knowledge/sources/projects/
DOC-00850,knowledge_inbox\projects\2510\manly_gymnastics_center\docs\0. Schedule Combined.pdf,0. Schedule Combined.pdf,.pdf,3012560,2026-07-27 12:19:19,2025-10-27 08:10:56,Projects,High,knowledge/sources/projects/
DOC-00851,knowledge_inbox\projects\2510\manly_gymnastics_center\docs\0. Structural Combined.pdf,0. Structural Combined.pdf,.pdf,10339154,2026-07-27 12:19:19,2025-10-28 21:21:17,Projects,High,knowledge/sources/projects/
DOC-00852,knowledge_inbox\projects\2510\manly_gymnastics_center\docs\report\Report_-_Acoustic.pdf,Report_-_Acoustic.pdf,.pdf,2090888,2026-07-27 12:20:03,2025-10-15 13:40:11,Projects,High,knowledge/sources/projects/
DOC-00853,knowledge_inbox\projects\2510\manly_gymnastics_center\docs\report\Report_-_Addendum_1_-_Hazardous_Building_Materials_Report.pdf,Report_-_Addendum_1_-_Hazardous_Building_Materials_Report.pdf,.pdf,1011172,2026-07-27 12:20:04,2025-10-15 13:40:11,Projects,High,knowledge/sources/projects/
DOC-00854,knowledge_inbox\projects\2510\manly_gymnastics_center\docs\report\Report_-_Addendum_to_Statement_of_Environmental_Effects.pdf,Report_-_Addendum_to_Statement_of_Environmental_Effects.pdf,.pdf,364661,2026-07-27 12:20:04,2025-10-15 13:40:11,Projects,High,knowledge/sources/projects/
DOC-00855,knowledge_inbox\projects\2510\manly_gymnastics_center\docs\report\Report_-_Arboricultural.pdf,Report_-_Arboricultural.pdf,.pdf,4414732,2026-07-27 12:20:04,2025-10-15 13:40:11,Projects,High,knowledge/sources/projects/
DOC-00856,knowledge_inbox\projects\2510\manly_gymnastics_center\docs\report\Report_-_BCA_Compliance.pdf,Report_-_BCA_Compliance.pdf,.pdf,5673920,2026-07-27 12:20:04,2025-10-15 13:40:11,Projects,High,knowledge/sources/projects/
DOC-00857,knowledge_inbox\projects\2510\manly_gymnastics_center\docs\report\Report_-_Construction_and_Demolition_Waste_Management_Plan.pdf,Report_-_Construction_and_Demolition_Waste_Management_Plan.pdf,.pdf,2069355,2026-07-27 12:20:04,2025-10-15 13:40:11,Projects,High,knowledge/sources/projects/
DOC-00858,knowledge_inbox\projects\2510\manly_gymnastics_center\docs\report\Report_-_Fire_Safety_Schedule.pdf,Report_-_Fire_Safety_Schedule.pdf,.pdf,140601,2026-07-27 12:20:04,2025-10-15 13:40:11,Projects,High,knowledge/sources/projects/
DOC-00859,knowledge_inbox\projects\2510\manly_gymnastics_center\docs\report\Report_-_Flood.pdf,Report_-_Flood.pdf,.pdf,17978146,2026-07-27 12:20:04,2025-10-15 13:40:12,Projects,High,knowledge/sources/projects/
DOC-00860,knowledge_inbox\projects\2510\manly_gymnastics_center\docs\report\Report_-_Geotechnical.pdf,Report_-_Geotechnical.pdf,.pdf,3746267,2026-07-27 12:20:05,2025-10-15 13:40:12,Projects,High,knowledge/sources/projects/
DOC-00861,knowledge_inbox\projects\2510\manly_gymnastics_center\docs\report\Report_-_Plan_of_Management_-_Amended.pdf,Report_-_Plan_of_Management_-_Amended.pdf,.pdf,89794,2026-07-27 12:20:03,2025-10-15 13:40:12,Projects,High,knowledge/sources/projects/
DOC-00862,knowledge_inbox\projects\2510\manly_gymnastics_center\docs\report\Report_-_Preliminary_Site_Investigation.pdf,Report_-_Preliminary_Site_Investigation.pdf,.pdf,14862647,2026-07-27 12:20:03,2025-10-15 13:40:13,Projects,High,knowledge/sources/projects/
DOC-00863,knowledge_inbox\projects\2510\manly_gymnastics_center\docs\report\Report_-_Response_to_Engineering_Referral.pdf,Report_-_Response_to_Engineering_Referral.pdf,.pdf,1877865,2026-07-27 12:20:03,2025-10-15 13:40:13,Projects,High,knowledge/sources/projects/
DOC-00864,knowledge_inbox\projects\2510\manly_gymnastics_center\docs\report\Report_-_Schedule_of_Finishes.pdf,Report_-_Schedule_of_Finishes.pdf,.pdf,1251658,2026-07-27 12:20:03,2025-10-15 13:40:13,Projects,High,knowledge/sources/projects/
DOC-00865,knowledge_inbox\projects\2510\manly_gymnastics_center\docs\report\Report_-_Section_J_Assessment.pdf,Report_-_Section_J_Assessment.pdf,.pdf,1917148,2026-07-27 12:20:03,2025-10-15 13:40:13,Projects,High,knowledge/sources/projects/
DOC-00866,knowledge_inbox\projects\2510\manly_gymnastics_center\docs\report\Report_-_Statement_of_Environmental_Effects.pdf,Report_-_Statement_of_Environmental_Effects.pdf,.pdf,2853727,2026-07-27 12:20:03,2025-10-15 13:40:13,Projects,High,knowledge/sources/projects/
DOC-00867,knowledge_inbox\projects\2510\manly_gymnastics_center\docs\report\Report_-_Sustainability.pdf,Report_-_Sustainability.pdf,.pdf,5499416,2026-07-27 12:20:03,2025-10-15 13:40:13,Projects,High,knowledge/sources/projects/
DOC-00868,knowledge_inbox\projects\2510\manly_gymnastics_center\docs\report\Report_-_Traffic_and_Parking.pdf,Report_-_Traffic_and_Parking.pdf,.pdf,2082874,2026-07-27 12:20:03,2025-10-15 13:40:13,Projects,High,knowledge/sources/projects/
DOC-00869,knowledge_inbox\projects\2510\manly_gymnastics_center\docs\report\Report_-_Waste_Management.pdf,Report_-_Waste_Management.pdf,.pdf,290364,2026-07-27 12:20:03,2025-10-15 13:40:13,Projects,High,knowledge/sources/projects/
DOC-00870,knowledge_inbox\projects\2510\manly_gymnastics_center\docs\tendering\250301-01 CC1 Checklist.pdf,250301-01 CC1 Checklist.pdf,.pdf,396031,2026-07-27 12:20:15,2025-10-15 13:40:28,Projects,High,knowledge/sources/projects/
DOC-00871,knowledge_inbox\projects\2510\manly_gymnastics_center\docs\tendering\251014 MWGC - Tender Document List.pdf,251014 MWGC - Tender Document List.pdf,.pdf,250252,2026-07-27 12:20:11,2025-10-15 13:40:08,Projects,High,knowledge/sources/projects/
DOC-00872,knowledge_inbox\projects\2510\manly_gymnastics_center\earthwork\Mt Druitt Earthworks.BAK,Mt Druitt Earthworks.BAK,.bak,1672845,2026-07-27 12:18:48,2025-11-06 17:06:10,Projects,High,knowledge/sources/projects/
DOC-00873,knowledge_inbox\projects\2510\manly_gymnastics_center\earthwork\MWGC - Earthwork.BAK,MWGC - Earthwork.BAK,.bak,243120,2026-07-27 12:18:48,2025-10-31 08:58:02,Projects,High,knowledge/sources/projects/
DOC-00874,knowledge_inbox\projects\2510\manly_gymnastics_center\earthwork\MWGC - Earthwork.esw,MWGC - Earthwork.esw,.esw,355484,2026-07-27 12:18:48,2025-10-31 08:58:55,Projects,High,knowledge/sources/projects/
DOC-00875,knowledge_inbox\projects\2510\manly_gymnastics_center\export\Manly Warringah Gymnastics Centre - Masterfile 04112025.CBX,Manly Warringah Gymnastics Centre - Masterfile 04112025.CBX,.cbx,122891024,2026-07-27 12:18:57,2025-11-04 09:06:47,Projects,High,knowledge/sources/projects/
DOC-00876,knowledge_inbox\projects\2510\manly_gymnastics_center\export\Manly Warringah Gymnastics Centre - Masterfile 04112025.xlsx,Manly Warringah Gymnastics Centre - Masterfile 04112025.xlsx,.xlsx,174387,2026-07-27 12:18:59,2025-11-04 09:05:06,Projects,High,knowledge/sources/projects/
DOC-00877,knowledge_inbox\projects\2510\manly_gymnastics_center\export\CostX\Manly Warringah Masterfile 04112025.exf,Manly Warringah Masterfile 04112025.exf,.exf,264650,2026-07-27 12:18:57,2025-11-05 09:11:33,Projects,High,knowledge/sources/projects/
DOC-00878,knowledge_inbox\projects\2510\manly_gymnastics_center\queries\MWGC Queries 03112025 (SUBMITTED).docx,MWGC Queries 03112025 (SUBMITTED).docx,.docx,433711,2026-07-27 12:19:28,2025-11-03 12:55:27,Projects,High,knowledge/sources/projects/
DOC-00879,knowledge_inbox\projects\2510\manly_gymnastics_center\queries\MWGC Queries 27102025 (SUBMITTED).docx,MWGC Queries 27102025 (SUBMITTED).docx,.docx,167531,2026-07-27 12:19:28,2025-10-27 14:07:20,Projects,High,knowledge/sources/projects/
DOC-00880,knowledge_inbox\projects\2510\manly_gymnastics_center\queries\MWGC Queries 29102025 (SUBMITTED).docx,MWGC Queries 29102025 (SUBMITTED).docx,.docx,315799,2026-07-27 12:19:28,2025-10-29 14:10:51,Projects,High,knowledge/sources/projects/
DOC-00881,knowledge_inbox\projects\2510\manly_gymnastics_center\queries\MWGC Queries 30102025 (SUBMITTED).docx,MWGC Queries 30102025 (SUBMITTED).docx,.docx,526235,2026-07-27 12:19:28,2025-10-31 00:02:13,Projects,High,knowledge/sources/projects/
DOC-00882,knowledge_inbox\projects\2510\manly_gymnastics_center\setup\MWGC Door and Window Set-Up.xlsx,MWGC Door and Window Set-Up.xlsx,.xlsx,1391314,2026-07-27 12:19:10,2025-10-24 15:00:37,Projects,High,knowledge/sources/projects/
DOC-00883,knowledge_inbox\projects\2510\manly_gymnastics_center\setup\MWGC Elemental Checklist.xlsx,MWGC Elemental Checklist.xlsx,.xlsx,116299,2026-07-27 12:19:11,2025-10-15 13:48:36,Projects,High,knowledge/sources/projects/
DOC-00884,knowledge_inbox\projects\2510\manly_gymnastics_center\setup\MWGC Excel to CostX Workbook.xlsx,MWGC Excel to CostX Workbook.xlsx,.xlsx,22648,2026-07-27 12:19:11,2024-11-13 08:31:21,Projects,High,knowledge/sources/projects/
DOC-00885,knowledge_inbox\projects\2510\manly_gymnastics_center\setup\MWGC FFE Description Set Up.xlsx,MWGC FFE Description Set Up.xlsx,.xlsx,33886,2026-07-27 12:19:11,2025-10-28 09:39:43,Projects,High,knowledge/sources/projects/
DOC-00886,knowledge_inbox\projects\2510\manly_gymnastics_center\setup\MWGC Items to Check.xlsx,MWGC Items to Check.xlsx,.xlsx,15614,2026-07-27 12:19:11,2024-12-05 22:31:14,Projects,High,knowledge/sources/projects/
DOC-00887,knowledge_inbox\projects\2510\manly_gymnastics_center\setup\MWGC Joinery Setup.xlsx,MWGC Joinery Setup.xlsx,.xlsx,65529,2026-07-27 12:19:11,2025-10-31 00:23:21,Projects,High,knowledge/sources/projects/
DOC-00888,knowledge_inbox\projects\2510\manly_gymnastics_center\setup\MWGC Window Set-Up.xlsx,MWGC Window Set-Up.xlsx,.xlsx,1415042,2026-07-27 12:19:11,2025-10-30 18:40:08,Projects,High,knowledge/sources/projects/
DOC-00889,knowledge_inbox\projects\2510\manly_gymnastics_center\setup\Structural Steel Program 09012024.xlsx,Structural Steel Program 09012024.xlsx,.xlsx,648473,2026-07-27 12:19:11,2024-08-16 08:06:49,Projects,High,knowledge/sources/projects/
DOC-00890,knowledge_inbox\projects\2511\glebe_student_accomodation\bulkcheck\Glebe Student Accommodation Bulk Check.xlsx,Glebe Student Accommodation Bulk Check.xlsx,.xlsx,151935,2026-07-27 11:17:19,2025-12-11 07:38:09,Projects,High,knowledge/sources/projects/
DOC-00891,knowledge_inbox\projects\2511\glebe_student_accomodation\checklist\Glebe Student Accommodation Checklist.xlsx,Glebe Student Accommodation Checklist.xlsx,.xlsx,2172766,2026-07-27 11:17:21,2025-12-04 14:49:51,Projects,High,knowledge/sources/projects/
DOC-00892,knowledge_inbox\projects\2511\glebe_student_accomodation\docs\0. Architectural Combined.pdf,0. Architectural Combined.pdf,.pdf,245407324,2026-07-27 11:17:11,2025-11-21 07:07:31,Projects,High,knowledge/sources/projects/
DOC-00893,knowledge_inbox\projects\2511\glebe_student_accomodation\docs\0. Civil Combined.pdf,0. Civil Combined.pdf,.pdf,16357929,2026-07-27 11:17:14,2025-12-04 11:36:50,Projects,High,knowledge/sources/projects/
DOC-00894,knowledge_inbox\projects\2511\glebe_student_accomodation\docs\0. Demarcation UGF Updated.pdf,0. Demarcation UGF Updated.pdf,.pdf,114385538,2026-07-27 11:17:14,2025-11-26 15:24:15,Projects,High,knowledge/sources/projects/
DOC-00895,knowledge_inbox\projects\2511\glebe_student_accomodation\docs\0. Demarcation.pdf,0. Demarcation.pdf,.pdf,114388865,2026-07-27 11:17:15,2025-11-26 13:26:19,Projects,High,knowledge/sources/projects/
DOC-00896,knowledge_inbox\projects\2511\glebe_student_accomodation\docs\0. Landscape Combined.pdf,0. Landscape Combined.pdf,.pdf,35196445,2026-07-27 11:17:16,2025-11-07 20:09:01,Projects,High,knowledge/sources/projects/
DOC-00897,knowledge_inbox\projects\2511\glebe_student_accomodation\docs\0. Queries Combined.pdf,0. Queries Combined.pdf,.pdf,1553740,2026-07-27 11:17:17,2025-12-04 12:24:20,Projects,High,knowledge/sources/projects/
DOC-00898,knowledge_inbox\projects\2511\glebe_student_accomodation\docs\0. Schedule Combined.pdf,0. Schedule Combined.pdf,.pdf,43867880,2026-07-27 11:17:17,2025-11-07 20:09:23,Projects,High,knowledge/sources/projects/
DOC-00899,knowledge_inbox\projects\2511\glebe_student_accomodation\docs\0. Structural Combined.pdf,0. Structural Combined.pdf,.pdf,39654938,2026-07-27 11:17:17,2025-11-07 20:08:59,Projects,High,knowledge/sources/projects/
DOC-00900,knowledge_inbox\projects\2511\glebe_student_accomodation\docs\report\Geotech Report.PDF,Geotech Report.PDF,.pdf,7076633,2026-07-27 11:17:53,2025-11-07 20:09:17,Projects,High,knowledge/sources/projects/
DOC-00901,knowledge_inbox\projects\2511\glebe_student_accomodation\docs\report\Stage 1_PSI Report.PDF,Stage 1_PSI Report.PDF,.pdf,15569879,2026-07-27 11:20:12,2025-11-07 20:09:17,Projects,High,knowledge/sources/projects/
DOC-00902,knowledge_inbox\projects\2511\glebe_student_accomodation\docs\report\WAY_25.05.30_Aspire_NABERS_Water_3.0.pdf,WAY_25.05.30_Aspire_NABERS_Water_3.0.pdf,.pdf,405943,2026-07-27 11:18:09,2025-11-07 20:09:16,Projects,High,knowledge/sources/projects/
DOC-00903,knowledge_inbox\projects\2511\glebe_student_accomodation\docs\report\WAY_25.06.30_Aspire_NABERS_Energy_Report_2.0.pdf,WAY_25.06.30_Aspire_NABERS_Energy_Report_2.0.pdf,.pdf,827649,2026-07-27 11:18:09,2025-11-07 20:09:16,Projects,High,knowledge/sources/projects/
DOC-00904,knowledge_inbox\projects\2511\glebe_student_accomodation\docs\report\WAY_25.09.11_BM+G_BCA Report_R1.1.pdf,WAY_25.09.11_BM+G_BCA Report_R1.1.pdf,.pdf,2246467,2026-07-27 11:18:16,2025-11-07 20:09:16,Projects,High,knowledge/sources/projects/
DOC-00905,knowledge_inbox\projects\2511\glebe_student_accomodation\docs\report\WAY_25.09.15_DRM_Hazmat Survey Rept.pdf,WAY_25.09.15_DRM_Hazmat Survey Rept.pdf,.pdf,8675043,2026-07-27 11:20:12,2025-11-07 20:09:17,Projects,High,knowledge/sources/projects/
DOC-00906,knowledge_inbox\projects\2511\glebe_student_accomodation\docs\report\WAY_25.11.02_Areta_Ground Level Monitoring.pdf,WAY_25.11.02_Areta_Ground Level Monitoring.pdf,.pdf,790912,2026-07-27 11:17:53,2025-11-07 20:09:17,Projects,High,knowledge/sources/projects/
DOC-00907,knowledge_inbox\projects\2511\glebe_student_accomodation\docs\report\WAY_25.11.05_SLR_Acoustic Specification Report.pdf,WAY_25.11.05_SLR_Acoustic Specification Report.pdf,.pdf,16275998,2026-07-27 11:18:00,2025-11-07 20:09:15,Projects,High,knowledge/sources/projects/
DOC-00908,knowledge_inbox\projects\2511\glebe_student_accomodation\docs\report\WAY_25.11.07_Aspire_J1V3_Report_3.0.pdf,WAY_25.11.07_Aspire_J1V3_Report_3.0.pdf,.pdf,47228326,2026-07-27 11:18:09,2025-11-07 20:09:17,Projects,High,knowledge/sources/projects/
DOC-00909,knowledge_inbox\projects\2511\glebe_student_accomodation\docs\tendering\Glebe Student - Priced Schedules.pdf,Glebe Student - Priced Schedules.pdf,.pdf,254726,2026-07-27 11:18:28,2025-11-07 20:09:20,Projects,High,knowledge/sources/projects/
DOC-00910,knowledge_inbox\projects\2511\glebe_student_accomodation\earthwork\Glebe Earthwork.esw,Glebe Earthwork.esw,.esw,13388,2026-07-27 11:16:57,2025-11-25 08:36:24,Projects,High,knowledge/sources/projects/
DOC-00911,knowledge_inbox\projects\2511\glebe_student_accomodation\export\Glebe Student Acc. - GFA.xlsX,Glebe Student Acc. - GFA.xlsX,.xlsx,19735,2026-07-27 11:17:01,2025-12-05 15:38:06,Projects,High,knowledge/sources/projects/
DOC-00912,knowledge_inbox\projects\2511\glebe_student_accomodation\export\Glebe Student Acc. - Masterfile 04122025.exf,Glebe Student Acc. - Masterfile 04122025.exf,.exf,208319589,2026-07-27 11:17:01,2025-12-04 19:52:44,Projects,High,knowledge/sources/projects/
DOC-00913,knowledge_inbox\projects\2511\glebe_student_accomodation\export\Glebe Student Acc. - Masterfile 04122025.xlsX,Glebe Student Acc. - Masterfile 04122025.xlsX,.xlsx,346419,2026-07-27 11:17:03,2025-12-04 19:51:14,Projects,High,knowledge/sources/projects/
DOC-00914,knowledge_inbox\projects\2511\glebe_student_accomodation\queries\Glebe Student Accommodation Queries 02122025 (SUBMITTED).docx,Glebe Student Accommodation Queries 02122025 (SUBMITTED).docx,.docx,567998,2026-07-27 11:17:36,2025-12-02 18:00:10,Projects,High,knowledge/sources/projects/
DOC-00915,knowledge_inbox\projects\2511\glebe_student_accomodation\queries\Glebe Student Accommodation Queries 04122025 (SUBMITTED).docx,Glebe Student Accommodation Queries 04122025 (SUBMITTED).docx,.docx,168671,2026-07-27 11:17:36,2025-12-04 12:36:56,Projects,High,knowledge/sources/projects/
DOC-00916,knowledge_inbox\projects\2511\glebe_student_accomodation\queries\Glebe Student Accommodation Queries 21112025 (SUBMITTED).docx,Glebe Student Accommodation Queries 21112025 (SUBMITTED).docx,.docx,399897,2026-07-27 11:17:36,2025-11-21 14:08:14,Projects,High,knowledge/sources/projects/
DOC-00917,knowledge_inbox\projects\2511\glebe_student_accomodation\queries\Glebe Student Accommodation Queries 24112025 (SUBMITTED).docx,Glebe Student Accommodation Queries 24112025 (SUBMITTED).docx,.docx,1420438,2026-07-27 11:17:36,2025-11-24 21:41:20,Projects,High,knowledge/sources/projects/
DOC-00918,knowledge_inbox\projects\2511\glebe_student_accomodation\queries\Glebe Student Accommodation Queries 25112025 (SUBMITTED).docx,Glebe Student Accommodation Queries 25112025 (SUBMITTED).docx,.docx,488520,2026-07-27 11:17:36,2025-11-28 15:13:27,Projects,High,knowledge/sources/projects/
DOC-00919,knowledge_inbox\projects\2511\glebe_student_accomodation\queries\Glebe Student Accommodation Queries 28012026.docx,Glebe Student Accommodation Queries 28012026.docx,.docx,547629,2026-07-27 11:17:36,2026-01-28 11:16:27,Projects,High,knowledge/sources/projects/
DOC-00920,knowledge_inbox\projects\2511\glebe_student_accomodation\queries\Glebe Student Accommodation Queries 28112025 (SUBMITTED).docx,Glebe Student Accommodation Queries 28112025 (SUBMITTED).docx,.docx,246161,2026-07-27 11:17:36,2025-11-28 15:14:09,Projects,High,knowledge/sources/projects/
DOC-00921,knowledge_inbox\projects\2511\glebe_student_accomodation\setup\Glebe Student Accommodation Door and Window Set-Up.xlsx,Glebe Student Accommodation Door and Window Set-Up.xlsx,.xlsx,1388337,2026-07-27 11:17:24,2025-05-29 07:54:50,Projects,High,knowledge/sources/projects/
DOC-00922,knowledge_inbox\projects\2511\glebe_student_accomodation\setup\Glebe Student Accommodation Door Set-Up.xlsx,Glebe Student Accommodation Door Set-Up.xlsx,.xlsx,1448270,2026-07-27 11:17:24,2025-12-01 23:26:24,Projects,High,knowledge/sources/projects/
DOC-00923,knowledge_inbox\projects\2511\glebe_student_accomodation\setup\Glebe Student Accommodation Elemental Checklist.xlsx,Glebe Student Accommodation Elemental Checklist.xlsx,.xlsx,116221,2026-07-27 11:17:24,2025-07-25 08:42:52,Projects,High,knowledge/sources/projects/
DOC-00924,knowledge_inbox\projects\2511\glebe_student_accomodation\setup\Glebe Student Accommodation Excel to CostX Workbook.xlsx,Glebe Student Accommodation Excel to CostX Workbook.xlsx,.xlsx,22648,2026-07-27 11:17:24,2024-11-13 08:31:21,Projects,High,knowledge/sources/projects/
DOC-00925,knowledge_inbox\projects\2511\glebe_student_accomodation\setup\Glebe Student Accommodation FFE Description Set Up.xlsx,Glebe Student Accommodation FFE Description Set Up.xlsx,.xlsx,40309,2026-07-27 11:17:24,2025-11-26 22:48:47,Projects,High,knowledge/sources/projects/
DOC-00926,knowledge_inbox\projects\2511\glebe_student_accomodation\setup\Glebe Student Accommodation Items to Check.xlsx,Glebe Student Accommodation Items to Check.xlsx,.xlsx,15614,2026-07-27 11:17:24,2024-12-05 22:31:14,Projects,High,knowledge/sources/projects/
DOC-00927,knowledge_inbox\projects\2511\glebe_student_accomodation\setup\Glebe Student Accommodation Joinery Setup.xlsx,Glebe Student Accommodation Joinery Setup.xlsx,.xlsx,18409,2026-07-27 11:17:24,2025-12-01 23:44:26,Projects,High,knowledge/sources/projects/
DOC-00928,knowledge_inbox\projects\2511\glebe_student_accomodation\setup\Glebe Student Accomodation Windows Setup.xlsx,Glebe Student Accomodation Windows Setup.xlsx,.xlsx,171446,2026-07-27 11:17:24,2025-11-26 14:55:22,Projects,High,knowledge/sources/projects/
DOC-00929,knowledge_inbox\projects\2511\glebe_student_accomodation\setup\Structural Steel Program 09012024.xlsx,Structural Steel Program 09012024.xlsx,.xlsx,648473,2026-07-27 11:17:24,2024-08-16 08:06:49,Projects,High,knowledge/sources/projects/
DOC-00930,knowledge_inbox\projects\2511\mapletree\bulkcheck\Mapletree Bulk Check.xlsx,Mapletree Bulk Check.xlsx,.xlsx,85840,2026-07-27 11:26:22,2025-11-24 18:27:57,Projects,High,knowledge/sources/projects/
DOC-00931,knowledge_inbox\projects\2511\mapletree\checklist\Mapletree Checklist.xlsx,Mapletree Checklist.xlsx,.xlsx,2356299,2026-07-27 11:26:25,2025-12-01 14:50:00,Projects,High,knowledge/sources/projects/
DOC-00932,knowledge_inbox\projects\2511\mapletree\docs\0. Architectural Combined.pdf,0. Architectural Combined.pdf,.pdf,61136086,2026-07-27 11:26:32,2025-11-12 15:19:57,Projects,High,knowledge/sources/projects/
DOC-00933,knowledge_inbox\projects\2511\mapletree\docs\0. Civil Combined.pdf,0. Civil Combined.pdf,.pdf,77898793,2026-07-27 11:26:33,2025-11-14 14:27:55,Projects,High,knowledge/sources/projects/
DOC-00934,knowledge_inbox\projects\2511\mapletree\docs\0. FFE Schedule Combined.pdf,0. FFE Schedule Combined.pdf,.pdf,1564562,2026-07-27 11:26:33,2025-11-07 12:46:29,Projects,High,knowledge/sources/projects/
DOC-00935,knowledge_inbox\projects\2511\mapletree\docs\0. Landscape Combined.pdf,0. Landscape Combined.pdf,.pdf,15522224,2026-07-27 11:26:33,2025-11-17 21:53:37,Projects,High,knowledge/sources/projects/
DOC-00936,knowledge_inbox\projects\2511\mapletree\docs\0. Schedules Combined.pdf,0. Schedules Combined.pdf,.pdf,2164313,2026-07-27 11:26:34,2025-11-14 12:56:20,Projects,High,knowledge/sources/projects/
DOC-00937,knowledge_inbox\projects\2511\mapletree\docs\0. Structural Combined.pdf,0. Structural Combined.pdf,.pdf,24231998,2026-07-27 11:26:34,2025-11-13 08:04:33,Projects,High,knowledge/sources/projects/
DOC-00938,knowledge_inbox\projects\2511\mapletree\docs\250053 - PROJECT BEANO - MAIN WORKS TENDER 2.pdf,250053 - PROJECT BEANO - MAIN WORKS TENDER 2.pdf,.pdf,947006,2026-07-27 11:26:46,2025-11-07 12:46:30,Projects,High,knowledge/sources/projects/
DOC-00939,knowledge_inbox\projects\2511\mapletree\docs\250053 - PROJECT BEANO - MAIN WORKS TENDER 3.pdf,250053 - PROJECT BEANO - MAIN WORKS TENDER 3.pdf,.pdf,1042301,2026-07-27 11:26:46,2025-11-07 12:46:30,Projects,High,knowledge/sources/projects/
DOC-00940,knowledge_inbox\projects\2511\mapletree\docs\Part K 8.2.1 - Civil Principals Project Requirements.pdf,Part K 8.2.1 - Civil Principals Project Requirements.pdf,.pdf,573514,2026-07-27 11:27:19,2025-11-07 12:46:24,Projects,High,knowledge/sources/projects/
DOC-00941,knowledge_inbox\projects\2511\mapletree\docs\Part K 8.2.2 - Construction Certificate Checklist - Early Works.PDF,Part K 8.2.2 - Construction Certificate Checklist - Early Works.PDF,.pdf,170229,2026-07-27 11:27:19,2025-11-07 12:46:24,Projects,High,knowledge/sources/projects/
DOC-00942,knowledge_inbox\projects\2511\mapletree\docs\Part K. 8.2 - Civil Engineer Early Works Package.PDF,Part K. 8.2 - Civil Engineer Early Works Package.PDF,.pdf,41792572,2026-07-27 11:27:19,2025-11-07 12:46:25,Projects,High,knowledge/sources/projects/
DOC-00943,knowledge_inbox\projects\2511\mapletree\docs\report\E36713PT2rpt6-DGI Eastern Creek.pdf,E36713PT2rpt6-DGI Eastern Creek.pdf,.pdf,27210632,2026-07-27 11:27:37,2025-11-07 12:46:28,Projects,High,knowledge/sources/projects/
DOC-00944,knowledge_inbox\projects\2511\mapletree\docs\report\E36713PT2rpt7-RAP Eastern Creek.pdf,E36713PT2rpt7-RAP Eastern Creek.pdf,.pdf,48406463,2026-07-27 11:27:37,2025-11-07 12:46:29,Projects,High,knowledge/sources/projects/
DOC-00945,knowledge_inbox\projects\2511\mapletree\docs\report\Eastern Creek HHRA_Rev A.pdf,Eastern Creek HHRA_Rev A.pdf,.pdf,16831769,2026-07-27 11:27:37,2025-11-07 12:46:29,Projects,High,knowledge/sources/projects/
DOC-00946,knowledge_inbox\projects\2511\mapletree\docs\report\Eastern Creek_Kangaroo_GEO_Compressed.pdf,Eastern Creek_Kangaroo_GEO_Compressed.pdf,.pdf,5863665,2026-07-27 11:27:30,2025-11-07 12:46:28,Projects,High,knowledge/sources/projects/
DOC-00947,knowledge_inbox\projects\2511\mapletree\docs\report\LTS_Survey_25 Kangaroo Ave Mod.pdf,LTS_Survey_25 Kangaroo Ave Mod.pdf,.pdf,2820075,2026-07-27 11:27:25,2025-11-07 12:46:28,Projects,High,knowledge/sources/projects/
DOC-00948,"knowledge_inbox\projects\2511\mapletree\docs\tendering\20241126 Post Tender Clarification No.1 – Additional Questionnaire on Sustainability, Safety and QAQC.pdf","20241126 Post Tender Clarification No.1 – Additional Questionnaire on Sustainability, Safety and QAQC.pdf",.pdf,193731,2026-07-27 11:26:56,2025-11-07 12:46:29,Projects,High,knowledge/sources/projects/
DOC-00949,knowledge_inbox\projects\2511\mapletree\docs\tendering\AS4902 DC Contract (23.10.25).pdf,AS4902 DC Contract (23.10.25).pdf,.pdf,1517426,2026-07-27 11:27:06,2025-11-07 12:46:18,Projects,High,knowledge/sources/projects/
DOC-00950,knowledge_inbox\projects\2511\mapletree\docs\tendering\FOT - Form of Tender.pdf,FOT - Form of Tender.pdf,.pdf,244308,2026-07-27 11:27:01,2025-11-07 12:46:18,Projects,High,knowledge/sources/projects/
DOC-00951,knowledge_inbox\projects\2511\mapletree\docs\tendering\Letter of Invitation to Tender_Project Beano (Hindmarsh).pdf,Letter of Invitation to Tender_Project Beano (Hindmarsh).pdf,.pdf,4389757,2026-07-27 11:27:10,2025-11-07 12:46:19,Projects,High,knowledge/sources/projects/
DOC-00952,knowledge_inbox\projects\2511\mapletree\earthwork\1. Early Works Elevation.PNG,1. Early Works Elevation.PNG,.png,110263,2026-07-27 11:25:57,2025-11-24 18:20:36,Projects,High,knowledge/sources/projects/
DOC-00953,knowledge_inbox\projects\2511\mapletree\earthwork\2. Stripped Elevation.PNG,2. Stripped Elevation.PNG,.png,109589,2026-07-27 11:25:57,2025-11-24 18:20:53,Projects,High,knowledge/sources/projects/
DOC-00954,knowledge_inbox\projects\2511\mapletree\earthwork\3. Design Elevation.PNG,3. Design Elevation.PNG,.png,184301,2026-07-27 11:25:57,2025-11-24 18:21:10,Projects,High,knowledge/sources/projects/
DOC-00955,knowledge_inbox\projects\2511\mapletree\earthwork\Maple Tree Earthwork Final.BAK,Maple Tree Earthwork Final.BAK,.bak,5583113,2026-07-27 11:25:57,2025-11-24 18:21:32,Projects,High,knowledge/sources/projects/
DOC-00956,knowledge_inbox\projects\2511\mapletree\earthwork\Maple Tree Earthwork Final.esw,Maple Tree Earthwork Final.esw,.esw,5583113,2026-07-27 11:25:56,2025-11-24 18:47:55,Projects,High,knowledge/sources/projects/
DOC-00957,knowledge_inbox\projects\2511\mapletree\earthwork\Maple Tree Earthwork Final.xlsx,Maple Tree Earthwork Final.xlsx,.xlsx,9973,2026-07-27 11:25:56,2025-11-24 18:38:37,Projects,High,knowledge/sources/projects/
DOC-00958,knowledge_inbox\projects\2511\mapletree\earthwork\Maple Tree Earthwork.BAK,Maple Tree Earthwork.BAK,.bak,11589947,2026-07-27 11:25:57,2025-11-21 20:10:08,Projects,High,knowledge/sources/projects/
DOC-00959,knowledge_inbox\projects\2511\mapletree\earthwork\Maple Tree Earthwork.esw,Maple Tree Earthwork.esw,.esw,432,2026-07-27 11:25:57,2025-11-24 16:10:44,Projects,High,knowledge/sources/projects/
DOC-00960,knowledge_inbox\projects\2511\mapletree\earthwork\Maple Tree Earthwork.xlsx,Maple Tree Earthwork.xlsx,.xlsx,9761,2026-07-27 11:25:57,2025-11-21 20:19:43,Projects,High,knowledge/sources/projects/
DOC-00961,knowledge_inbox\projects\2511\mapletree\export\1. Early Works Elevation.PNG,1. Early Works Elevation.PNG,.png,110263,2026-07-27 11:26:09,2025-11-24 18:20:36,Projects,High,knowledge/sources/projects/
DOC-00962,knowledge_inbox\projects\2511\mapletree\export\2. Stripped Elevation.PNG,2. Stripped Elevation.PNG,.png,109589,2026-07-27 11:26:09,2025-11-24 18:20:53,Projects,High,knowledge/sources/projects/
DOC-00963,knowledge_inbox\projects\2511\mapletree\export\3. Design Elevation.PNG,3. Design Elevation.PNG,.png,184301,2026-07-27 11:26:09,2025-11-24 18:21:10,Projects,High,knowledge/sources/projects/
DOC-00964,knowledge_inbox\projects\2511\mapletree\export\Maple Tree - Addendum 02122025.xlsX,Maple Tree - Addendum 02122025.xlsX,.xlsx,11699,2026-07-27 11:26:02,2025-12-02 15:59:36,Projects,High,knowledge/sources/projects/
DOC-00965,knowledge_inbox\projects\2511\mapletree\export\Maple Tree - Masterfile 24112025.xlsX,Maple Tree - Masterfile 24112025.xlsX,.xlsx,119372,2026-07-27 11:26:09,2025-11-24 18:37:38,Projects,High,knowledge/sources/projects/
DOC-00966,knowledge_inbox\projects\2511\mapletree\export\Maple Tree - Masterifle 24112025 Viewer.exf,Maple Tree - Masterifle 24112025 Viewer.exf,.exf,53532154,2026-07-27 11:26:09,2025-11-25 08:17:36,Projects,High,knowledge/sources/projects/
DOC-00967,knowledge_inbox\projects\2511\mapletree\export\Maple Tree - Masterifle 24112025.exf,Maple Tree - Masterifle 24112025.exf,.exf,53531923,2026-07-27 11:26:09,2025-11-25 08:16:39,Projects,High,knowledge/sources/projects/
DOC-00968,knowledge_inbox\projects\2511\mapletree\export\Maple Tree Earthwork Final.xlsx,Maple Tree Earthwork Final.xlsx,.xlsx,9973,2026-07-27 11:26:10,2025-11-24 18:38:37,Projects,High,knowledge/sources/projects/
DOC-00969,knowledge_inbox\projects\2511\mapletree\export\Mapletree - Addendum 02122025.exf,Mapletree - Addendum 02122025.exf,.exf,67738013,2026-07-27 11:26:02,2025-12-02 15:59:04,Projects,High,knowledge/sources/projects/
DOC-00970,knowledge_inbox\projects\2511\mapletree\setup\Maple Tree Joinery Setup.xlsx,Maple Tree Joinery Setup.xlsx,.xlsx,25088,2026-07-27 11:26:17,2025-11-21 14:28:46,Projects,High,knowledge/sources/projects/
DOC-00971,knowledge_inbox\projects\2511\mapletree\setup\Mapletree  Windows Setup.xlsx,Mapletree  Windows Setup.xlsx,.xlsx,160784,2026-07-27 11:26:20,2025-11-17 16:39:53,Projects,High,knowledge/sources/projects/
DOC-00972,knowledge_inbox\projects\2511\mapletree\setup\Mapletree Door and Window Set-Up.xlsx,Mapletree Door and Window Set-Up.xlsx,.xlsx,1388337,2026-07-27 11:26:27,2025-05-29 07:54:50,Projects,High,knowledge/sources/projects/
DOC-00973,knowledge_inbox\projects\2511\mapletree\setup\Mapletree Door Set-Up.xlsx,Mapletree Door Set-Up.xlsx,.xlsx,1394989,2026-07-27 11:26:27,2025-11-19 17:35:27,Projects,High,knowledge/sources/projects/
DOC-00974,knowledge_inbox\projects\2511\mapletree\setup\Mapletree Elemental Checklist.xlsx,Mapletree Elemental Checklist.xlsx,.xlsx,116273,2026-07-27 11:26:27,2025-11-07 12:52:35,Projects,High,knowledge/sources/projects/
DOC-00975,knowledge_inbox\projects\2511\mapletree\setup\Mapletree Excel to CostX Workbook.xlsx,Mapletree Excel to CostX Workbook.xlsx,.xlsx,22648,2026-07-27 11:26:27,2024-11-13 08:31:21,Projects,High,knowledge/sources/projects/
DOC-00976,knowledge_inbox\projects\2511\mapletree\setup\Mapletree FFE Description Set Up.xlsx,Mapletree FFE Description Set Up.xlsx,.xlsx,36631,2026-07-27 11:26:27,2025-11-17 20:22:15,Projects,High,knowledge/sources/projects/
DOC-00977,knowledge_inbox\projects\2511\mapletree\setup\Mapletree Items to Check.xlsx,Mapletree Items to Check.xlsx,.xlsx,15614,2026-07-27 11:26:27,2024-12-05 22:31:14,Projects,High,knowledge/sources/projects/
DOC-00978,knowledge_inbox\projects\2511\mapletree\setup\Mapletree Window Set-Up.xlsx,Mapletree Window Set-Up.xlsx,.xlsx,1395416,2026-07-27 11:26:27,2025-11-18 20:33:45,Projects,High,knowledge/sources/projects/
DOC-00979,knowledge_inbox\projects\2511\mapletree\setup\Structural Steel Program 09012024.xlsx,Structural Steel Program 09012024.xlsx,.xlsx,655186,2026-07-27 11:26:27,2025-11-20 15:38:04,Projects,High,knowledge/sources/projects/
DOC-00980,knowledge_inbox\projects\2511\mount_druitt\bulkcheck\Mt Druitt Bulk Check.xlsx,Mt Druitt Bulk Check.xlsx,.xlsx,109152,2026-07-27 11:28:25,2025-11-07 19:59:04,Projects,High,knowledge/sources/projects/
DOC-00981,knowledge_inbox\projects\2511\mount_druitt\checklist\Mt Druitt Checklist.xlsx,Mt Druitt Checklist.xlsx,.xlsx,1150486,2026-07-27 11:28:27,2025-11-10 23:54:25,Projects,High,knowledge/sources/projects/
DOC-00982,knowledge_inbox\projects\2511\mount_druitt\docs\0. Architectural As-Built.pdf,0. Architectural As-Built.pdf,.pdf,19018770,2026-07-27 11:28:37,2025-11-04 14:43:56,Projects,High,knowledge/sources/projects/
DOC-00983,knowledge_inbox\projects\2511\mount_druitt\docs\0. Architectural Combined (NEW).pdf,0. Architectural Combined (NEW).pdf,.pdf,75768088,2026-07-27 11:28:37,2025-10-27 10:11:09,Projects,High,knowledge/sources/projects/
DOC-00984,knowledge_inbox\projects\2511\mount_druitt\docs\0. Civil Combined.pdf,0. Civil Combined.pdf,.pdf,28201324,2026-07-27 11:28:38,2025-10-27 10:11:14,Projects,High,knowledge/sources/projects/
DOC-00985,knowledge_inbox\projects\2511\mount_druitt\docs\0. Kitchen - Equipment Schedule.pdf,0. Kitchen - Equipment Schedule.pdf,.pdf,389187,2026-07-27 11:28:38,2025-10-30 08:08:13,Projects,High,knowledge/sources/projects/
DOC-00986,knowledge_inbox\projects\2511\mount_druitt\docs\0. Landscape Combined.pdf,0. Landscape Combined.pdf,.pdf,22723892,2026-07-27 11:28:39,2025-10-30 08:08:13,Projects,High,knowledge/sources/projects/
DOC-00987,knowledge_inbox\projects\2511\mount_druitt\docs\0. Schedule Combined.pdf,0. Schedule Combined.pdf,.pdf,1513888,2026-07-27 11:28:39,2025-10-27 10:11:09,Projects,High,knowledge/sources/projects/
DOC-00988,knowledge_inbox\projects\2511\mount_druitt\docs\0. Structural Combined.pdf,0. Structural Combined.pdf,.pdf,15300338,2026-07-27 11:28:39,2025-10-30 14:05:00,Projects,High,knowledge/sources/projects/
DOC-00989,knowledge_inbox\projects\2511\mount_druitt\docs\report\R_Accessibility_S240709_Access_Compliance_Report_(RevD)_250502.pdf,R_Accessibility_S240709_Access_Compliance_Report_(RevD)_250502.pdf,.pdf,421472,2026-07-27 11:29:30,2025-10-27 10:11:03,Projects,High,knowledge/sources/projects/
DOC-00990,knowledge_inbox\projects\2511\mount_druitt\docs\report\R_Acoustic_9_Ayres_Gr.pdf,R_Acoustic_9_Ayres_Gr.pdf,.pdf,5382526,2026-07-27 11:29:34,2025-10-27 10:11:03,Projects,High,knowledge/sources/projects/
DOC-00991,knowledge_inbox\projects\2511\mount_druitt\docs\report\R_BCA Compliance_S240709_Schematic_Design_Report_(RevB)_250502.pdf,R_BCA Compliance_S240709_Schematic_Design_Report_(RevB)_250502.pdf,.pdf,519960,2026-07-27 11:29:30,2025-10-27 10:11:03,Projects,High,knowledge/sources/projects/
DOC-00992,knowledge_inbox\projects\2511\mount_druitt\docs\report\R_Detailed_Site_Investigation_9_Ayres_Gr.pdf,R_Detailed_Site_Investigation_9_Ayres_Gr.pdf,.pdf,52804004,2026-07-27 11:29:41,2025-10-27 10:11:03,Projects,High,knowledge/sources/projects/
DOC-00993,knowledge_inbox\projects\2511\mount_druitt\docs\report\R_Salinity_9_Ayres_Gr.pdf,R_Salinity_9_Ayres_Gr.pdf,.pdf,11576807,2026-07-27 11:29:41,2025-10-27 10:11:03,Projects,High,knowledge/sources/projects/
DOC-00994,knowledge_inbox\projects\2511\mount_druitt\docs\report\Signage_9_Ayres_Gr.pdf,Signage_9_Ayres_Gr.pdf,.pdf,4518172,2026-07-27 11:29:48,2025-10-27 10:11:03,Projects,High,knowledge/sources/projects/
DOC-00995,knowledge_inbox\projects\2511\mount_druitt\docs\tendering\251023 Mt Druitt Hub - Principal's Project Requirements (PPR) - Final.pdf,251023 Mt Druitt Hub - Principal's Project Requirements (PPR) - Final.pdf,.pdf,1146435,2026-07-27 11:29:19,2025-10-27 10:11:09,Projects,High,knowledge/sources/projects/
DOC-00996,knowledge_inbox\projects\2511\mount_druitt\docs\tendering\part-i--dbyd-surveys-link.pdf,part-i--dbyd-surveys-link.pdf,.pdf,63775,2026-07-27 11:29:09,2025-10-27 10:10:59,Projects,High,knowledge/sources/projects/
DOC-00997,knowledge_inbox\projects\2511\mount_druitt\docs\tendering\part-n---wilga256---fully-executed-funding-deed.pdf,part-n---wilga256---fully-executed-funding-deed.pdf,.pdf,589760,2026-07-27 11:29:09,2025-10-27 10:10:59,Projects,High,knowledge/sources/projects/
DOC-00998,knowledge_inbox\projects\2511\mount_druitt\docs\tendering\part-o---bcc-whs051-5-contractor-whs-code-of-conduct.pdf,part-o---bcc-whs051-5-contractor-whs-code-of-conduct.pdf,.pdf,1556108,2026-07-27 11:29:09,2025-10-27 10:10:59,Projects,High,knowledge/sources/projects/
DOC-00999,knowledge_inbox\projects\2511\mount_druitt\docs\tendering\section-a---request-for-tender-rft---mt-druitt-hub---final.pdf,section-a---request-for-tender-rft---mt-druitt-hub---final.pdf,.pdf,973910,2026-07-27 11:29:09,2025-10-27 10:10:59,Projects,High,knowledge/sources/projects/
DOC-01000,knowledge_inbox\projects\2511\mount_druitt\docs\tendering\section-b---conditions-of-tender-160.pdf,section-b---conditions-of-tender-160.pdf,.pdf,228008,2026-07-27 11:29:10,2025-10-27 10:10:59,Projects,High,knowledge/sources/projects/
DOC-01001,knowledge_inbox\projects\2511\mount_druitt\docs\tendering\section-c---returnable-schedules---mount-druitt-hub---final.pdf,section-c---returnable-schedules---mount-druitt-hub---final.pdf,.pdf,550481,2026-07-27 11:29:10,2025-10-27 10:11:00,Projects,High,knowledge/sources/projects/
DOC-01002,knowledge_inbox\projects\2511\mount_druitt\docs\tendering\1. RFIs Received\Correspondence recieved 1.pdf,Correspondence recieved 1.pdf,.pdf,106896,2026-07-27 11:29:54,2025-10-27 10:11:04,Projects,High,knowledge/sources/projects/
DOC-01003,knowledge_inbox\projects\2511\mount_druitt\docs\tendering\1. RFIs Received\Correspondence recieved 2.pdf,Correspondence recieved 2.pdf,.pdf,124438,2026-07-27 11:29:54,2025-10-27 10:11:04,Projects,High,knowledge/sources/projects/
DOC-01004,knowledge_inbox\projects\2511\mount_druitt\docs\tendering\1. RFIs Received\Social Planning RFI and comments.pdf,Social Planning RFI and comments.pdf,.pdf,331809,2026-07-27 11:29:54,2025-10-27 10:11:04,Projects,High,knowledge/sources/projects/
DOC-01005,knowledge_inbox\projects\2511\mount_druitt\docs\tendering\2. Design Team Response (Internal)\24NL099 Reply Letter.pdf,24NL099 Reply Letter.pdf,.pdf,708769,2026-07-27 11:29:54,2025-10-27 10:11:04,Projects,High,knowledge/sources/projects/
DOC-01006,knowledge_inbox\projects\2511\mount_druitt\docs\tendering\3. Formal Response Issued To Council\Cityscape RFI response 250813.pdf,Cityscape RFI response 250813.pdf,.pdf,297561,2026-07-27 11:29:54,2025-10-27 10:11:04,Projects,High,knowledge/sources/projects/
DOC-01007,knowledge_inbox\projects\2511\mount_druitt\earthwork\1 Existing Elevation.PNG,1 Existing Elevation.PNG,.png,82507,2026-07-27 11:28:05,2025-11-10 19:54:56,Projects,High,knowledge/sources/projects/
DOC-01008,knowledge_inbox\projects\2511\mount_druitt\earthwork\2 Design Elevation.PNG,2 Design Elevation.PNG,.png,112519,2026-07-27 11:28:05,2025-11-10 19:55:33,Projects,High,knowledge/sources/projects/
DOC-01009,knowledge_inbox\projects\2511\mount_druitt\earthwork\3 Subgrade Elevation.PNG,3 Subgrade Elevation.PNG,.png,101984,2026-07-27 11:28:05,2025-11-10 19:56:08,Projects,High,knowledge/sources/projects/
DOC-01010,knowledge_inbox\projects\2511\mount_druitt\earthwork\Mt Druitt Earthworks.BAK,Mt Druitt Earthworks.BAK,.bak,1672918,2026-07-27 11:28:05,2025-11-10 19:56:25,Projects,High,knowledge/sources/projects/
DOC-01011,knowledge_inbox\projects\2511\mount_druitt\earthwork\Mt Druitt Earthworks.esw,Mt Druitt Earthworks.esw,.esw,1672943,2026-07-27 11:28:05,2025-11-14 19:56:17,Projects,High,knowledge/sources/projects/
DOC-01012,knowledge_inbox\projects\2511\mount_druitt\earthwork\Mt Druitt Earthworks.xlsx,Mt Druitt Earthworks.xlsx,.xlsx,12920,2026-07-27 11:28:05,2025-11-10 19:56:40,Projects,High,knowledge/sources/projects/
DOC-01013,knowledge_inbox\projects\2511\mount_druitt\export\1 Existing Elevation.PNG,1 Existing Elevation.PNG,.png,82507,2026-07-27 11:28:10,2025-11-10 19:54:56,Projects,High,knowledge/sources/projects/
DOC-01014,knowledge_inbox\projects\2511\mount_druitt\export\2 Design Elevation.PNG,2 Design Elevation.PNG,.png,112519,2026-07-27 11:28:10,2025-11-10 19:55:33,Projects,High,knowledge/sources/projects/
DOC-01015,knowledge_inbox\projects\2511\mount_druitt\export\3 Subgrade Elevation.PNG,3 Subgrade Elevation.PNG,.png,101984,2026-07-27 11:28:10,2025-11-10 19:56:08,Projects,High,knowledge/sources/projects/
DOC-01016,knowledge_inbox\projects\2511\mount_druitt\export\Mount Druitt Hub - 12112025 (Detailed Excavation).CBX,Mount Druitt Hub - 12112025 (Detailed Excavation).CBX,.cbx,2011003,2026-07-27 11:28:10,2025-11-12 13:18:22,Projects,High,knowledge/sources/projects/
DOC-01017,knowledge_inbox\projects\2511\mount_druitt\export\Mount Druitt Hub - 12112025 (Detailed Excavation).xlsx,Mount Druitt Hub - 12112025 (Detailed Excavation).xlsx,.xlsx,18345,2026-07-27 11:28:10,2025-11-12 13:24:24,Projects,High,knowledge/sources/projects/
DOC-01018,knowledge_inbox\projects\2511\mount_druitt\export\Mount Druitt Hub - Masterfile 10112025.CBX,Mount Druitt Hub - Masterfile 10112025.CBX,.cbx,322369510,2026-07-27 11:28:10,2025-11-10 20:06:55,Projects,High,knowledge/sources/projects/
DOC-01019,knowledge_inbox\projects\2511\mount_druitt\export\Mount Druitt Hub - Masterfile 10112025.xlsx,Mount Druitt Hub - Masterfile 10112025.xlsx,.xlsx,309294,2026-07-27 11:28:13,2025-11-10 20:10:39,Projects,High,knowledge/sources/projects/
DOC-01020,knowledge_inbox\projects\2511\mount_druitt\export\Mt Druitt Earthworks.xlsx,Mt Druitt Earthworks.xlsx,.xlsx,12920,2026-07-27 11:28:13,2025-11-10 19:56:40,Projects,High,knowledge/sources/projects/
DOC-01021,knowledge_inbox\projects\2511\mount_druitt\queries\JRQS Queries Template 06112025 (SUBMITTED).docx,JRQS Queries Template 06112025 (SUBMITTED).docx,.docx,246657,2026-07-27 11:28:20,2025-11-06 12:18:14,Projects,High,knowledge/sources/projects/
DOC-01022,knowledge_inbox\projects\2511\mount_druitt\queries\Mount Druitt Queries 03112025 (SUBMITTED).docx,Mount Druitt Queries 03112025 (SUBMITTED).docx,.docx,167510,2026-07-27 11:28:21,2025-11-03 15:48:57,Projects,High,knowledge/sources/projects/
DOC-01023,knowledge_inbox\projects\2511\mount_druitt\queries\Mount Druitt Queries 04112025 (SUBMITTED).docx,Mount Druitt Queries 04112025 (SUBMITTED).docx,.docx,235010,2026-07-27 11:28:21,2025-11-04 08:43:02,Projects,High,knowledge/sources/projects/
DOC-01024,knowledge_inbox\projects\2511\mount_druitt\queries\Mount Druitt Queries 07112025 (SUBMITTED).docx,Mount Druitt Queries 07112025 (SUBMITTED).docx,.docx,1427497,2026-07-27 11:28:21,2025-11-07 16:21:20,Projects,High,knowledge/sources/projects/
DOC-01025,knowledge_inbox\projects\2511\mount_druitt\setup\Mt Druitt Door and Window Set-Up.xlsx,Mt Druitt Door and Window Set-Up.xlsx,.xlsx,1395219,2026-07-27 11:28:30,2025-10-31 14:59:18,Projects,High,knowledge/sources/projects/
DOC-01026,knowledge_inbox\projects\2511\mount_druitt\setup\Mt Druitt Elemental Checklist.xlsx,Mt Druitt Elemental Checklist.xlsx,.xlsx,116287,2026-07-27 11:28:30,2025-10-27 10:16:31,Projects,High,knowledge/sources/projects/
DOC-01027,knowledge_inbox\projects\2511\mount_druitt\setup\Mt Druitt Excel to CostX Workbook.xlsx,Mt Druitt Excel to CostX Workbook.xlsx,.xlsx,22648,2026-07-27 11:28:30,2024-11-13 08:31:21,Projects,High,knowledge/sources/projects/
DOC-01028,knowledge_inbox\projects\2511\mount_druitt\setup\Mt Druitt FFE Description Set Up.xlsx,Mt Druitt FFE Description Set Up.xlsx,.xlsx,1145464,2026-07-27 11:28:30,2025-11-05 23:12:11,Projects,High,knowledge/sources/projects/
DOC-01029,knowledge_inbox\projects\2511\mount_druitt\setup\Mt Druitt Items to Check.xlsx,Mt Druitt Items to Check.xlsx,.xlsx,15687,2026-07-27 11:28:30,2025-11-05 18:19:25,Projects,High,knowledge/sources/projects/
DOC-01030,knowledge_inbox\projects\2511\mount_druitt\setup\Mt Druitt Joinery Setup.xlsx,Mt Druitt Joinery Setup.xlsx,.xlsx,24028,2026-07-27 11:28:30,2025-11-04 16:37:04,Projects,High,knowledge/sources/projects/
DOC-01031,knowledge_inbox\projects\2511\mount_druitt\setup\Mt Druitt Window Set-Up.xlsx,Mt Druitt Window Set-Up.xlsx,.xlsx,1399897,2026-07-27 11:28:30,2025-11-04 15:17:47,Projects,High,knowledge/sources/projects/
DOC-01032,knowledge_inbox\projects\2511\mount_druitt\setup\Structural Steel Program 09012024.xlsx,Structural Steel Program 09012024.xlsx,.xlsx,648589,2026-07-27 11:28:30,2025-11-04 15:00:30,Projects,High,knowledge/sources/projects/
DOC-01033,knowledge_inbox\projects\2511\university_of_sydney\bulkcheck\University of Sydney Bulk Check.xlsx,University of Sydney Bulk Check.xlsx,.xlsx,104506,2026-07-27 11:24:16,2025-12-15 22:38:57,Projects,High,knowledge/sources/projects/
DOC-01034,knowledge_inbox\projects\2511\university_of_sydney\checklist\University of Sydney Checklist.xlsx,University of Sydney Checklist.xlsx,.xlsx,3042494,2026-07-27 11:24:22,2025-12-15 14:48:39,Projects,High,knowledge/sources/projects/
DOC-01035,knowledge_inbox\projects\2511\university_of_sydney\docs\0. Architectural Combined.pdf,0. Architectural Combined.pdf,.pdf,158959784,2026-07-27 11:24:33,2025-11-14 15:46:16,Projects,High,knowledge/sources/projects/
DOC-01036,knowledge_inbox\projects\2511\university_of_sydney\docs\0. Civil Combined.pdf,0. Civil Combined.pdf,.pdf,41072194,2026-07-27 11:24:34,2025-12-08 09:27:23,Projects,High,knowledge/sources/projects/
DOC-01037,knowledge_inbox\projects\2511\university_of_sydney\docs\0. Landscape Combined.pdf,0. Landscape Combined.pdf,.pdf,57384202,2026-07-27 11:24:35,2025-11-14 15:46:09,Projects,High,knowledge/sources/projects/
DOC-01038,knowledge_inbox\projects\2511\university_of_sydney\docs\0. Queries Markup.pdf,0. Queries Markup.pdf,.pdf,1077182,2026-07-27 11:24:35,2025-12-15 09:51:50,Projects,High,knowledge/sources/projects/
DOC-01039,knowledge_inbox\projects\2511\university_of_sydney\docs\0. Schedule Combined.pdf,0. Schedule Combined.pdf,.pdf,398539,2026-07-27 11:24:35,2025-12-02 13:11:56,Projects,High,knowledge/sources/projects/
DOC-01040,knowledge_inbox\projects\2511\university_of_sydney\docs\0. Structural Combined.pdf,0. Structural Combined.pdf,.pdf,20432432,2026-07-27 11:24:35,2025-11-21 23:16:14,Projects,High,knowledge/sources/projects/
DOC-01041,knowledge_inbox\projects\2511\university_of_sydney\docs\tendering\Attachment 01 - A01 Ross St Tender Briefing Minutes and Presentation.pdf,Attachment 01 - A01 Ross St Tender Briefing Minutes and Presentation.pdf,.pdf,20525811,2026-07-27 11:25:16,2025-12-15 09:28:36,Projects,High,knowledge/sources/projects/
DOC-01042,knowledge_inbox\projects\2511\university_of_sydney\docs\tendering\Attachment 02 - Annexure Part G - Ross St D&C AS4902.pdf,Attachment 02 - Annexure Part G - Ross St D&C AS4902.pdf,.pdf,1873492,2026-07-27 11:25:26,2025-12-15 09:28:36,Projects,High,knowledge/sources/projects/
DOC-01043,knowledge_inbox\projects\2511\university_of_sydney\docs\tendering\Attachment 3 - B1.3 Schedule of Draft Conditions and Responsibility Matrix V2.pdf,Attachment 3 - B1.3 Schedule of Draft Conditions and Responsibility Matrix V2.pdf,.pdf,399518,2026-07-27 11:25:26,2025-12-15 09:28:36,Projects,High,knowledge/sources/projects/
DOC-01044,knowledge_inbox\projects\2511\university_of_sydney\docs\tendering\Tender Addendum 01.pdf,Tender Addendum 01.pdf,.pdf,235559,2026-07-27 11:25:26,2025-12-15 09:28:36,Projects,High,knowledge/sources/projects/
DOC-01045,knowledge_inbox\projects\2511\university_of_sydney\earthwork\1. Existing Elevation.PNG,1. Existing Elevation.PNG,.png,87010,2026-07-27 11:23:57,2025-12-15 11:41:21,Projects,High,knowledge/sources/projects/
DOC-01046,knowledge_inbox\projects\2511\university_of_sydney\earthwork\2. Design Elevation.PNG,2. Design Elevation.PNG,.png,117018,2026-07-27 11:23:57,2025-12-15 11:42:32,Projects,High,knowledge/sources/projects/
DOC-01047,knowledge_inbox\projects\2511\university_of_sydney\earthwork\3. Subgrade Elevation.PNG,3. Subgrade Elevation.PNG,.png,124126,2026-07-27 11:23:57,2025-12-15 11:43:19,Projects,High,knowledge/sources/projects/
DOC-01048,knowledge_inbox\projects\2511\university_of_sydney\earthwork\UOS - Earthworks.BAK,UOS - Earthworks.BAK,.bak,5039890,2026-07-27 11:23:57,2025-12-15 13:48:55,Projects,High,knowledge/sources/projects/
DOC-01049,knowledge_inbox\projects\2511\university_of_sydney\earthwork\UOS - Earthworks.esw,UOS - Earthworks.esw,.esw,5054907,2026-07-27 11:23:57,2025-12-15 13:53:22,Projects,High,knowledge/sources/projects/
DOC-01050,knowledge_inbox\projects\2511\university_of_sydney\earthwork\UOS - Earthworks.xlsx,UOS - Earthworks.xlsx,.xlsx,20936,2026-07-27 11:23:57,2025-12-15 13:52:37,Projects,High,knowledge/sources/projects/
DOC-01051,knowledge_inbox\projects\2511\university_of_sydney\export\1. Existing Elevation.PNG,1. Existing Elevation.PNG,.png,87010,2026-07-27 11:24:10,2025-12-15 11:41:21,Projects,High,knowledge/sources/projects/
DOC-01052,knowledge_inbox\projects\2511\university_of_sydney\export\2. Design Elevation.PNG,2. Design Elevation.PNG,.png,117018,2026-07-27 11:24:08,2025-12-15 11:42:32,Projects,High,knowledge/sources/projects/
DOC-01053,knowledge_inbox\projects\2511\university_of_sydney\export\3. Subgrade Elevation.PNG,3. Subgrade Elevation.PNG,.png,124126,2026-07-27 11:24:08,2025-12-15 11:43:19,Projects,High,knowledge/sources/projects/
DOC-01054,knowledge_inbox\projects\2511\university_of_sydney\export\University of Sydney - Masterfile 15122025.exf,University of Sydney - Masterfile 15122025.exf,.exf,190057427,2026-07-27 11:24:08,2025-12-15 21:37:02,Projects,High,knowledge/sources/projects/
DOC-01055,knowledge_inbox\projects\2511\university_of_sydney\export\University of Sydney - Masterfile 15122025.xlsX,University of Sydney - Masterfile 15122025.xlsX,.xlsx,175923,2026-07-27 11:24:10,2025-12-15 21:32:50,Projects,High,knowledge/sources/projects/
DOC-01056,knowledge_inbox\projects\2511\university_of_sydney\export\University of Sydney 15122025.CBX,University of Sydney 15122025.CBX,.cbx,705433,2026-07-27 11:24:10,2025-12-18 07:59:53,Projects,High,knowledge/sources/projects/
DOC-01057,knowledge_inbox\projects\2511\university_of_sydney\export\UOS - Earthworks.xlsx,UOS - Earthworks.xlsx,.xlsx,20936,2026-07-27 11:24:10,2025-12-15 13:52:37,Projects,High,knowledge/sources/projects/
DOC-01058,knowledge_inbox\projects\2511\university_of_sydney\export\UOS 15122025.E0X,UOS 15122025.E0X,.e0x,298401,2026-07-27 11:24:10,2025-12-17 08:19:34,Projects,High,knowledge/sources/projects/
DOC-01059,knowledge_inbox\projects\2511\university_of_sydney\setup\University of Sydney Door and Window Set-Up.xlsx,University of Sydney Door and Window Set-Up.xlsx,.xlsx,1409753,2026-07-27 11:24:25,2025-12-08 18:15:51,Projects,High,knowledge/sources/projects/
DOC-01060,knowledge_inbox\projects\2511\university_of_sydney\setup\University of Sydney Elemental Checklist.xlsx,University of Sydney Elemental Checklist.xlsx,.xlsx,116221,2026-07-27 11:24:25,2025-07-25 08:42:52,Projects,High,knowledge/sources/projects/
DOC-01061,knowledge_inbox\projects\2511\university_of_sydney\setup\University of Sydney Excel to CostX Workbook.xlsx,University of Sydney Excel to CostX Workbook.xlsx,.xlsx,22648,2026-07-27 11:24:25,2024-11-13 08:31:21,Projects,High,knowledge/sources/projects/
DOC-01062,knowledge_inbox\projects\2511\university_of_sydney\setup\University of Sydney FFE Description Set Up.xlsx,University of Sydney FFE Description Set Up.xlsx,.xlsx,26619,2026-07-27 11:24:25,2025-03-03 15:18:23,Projects,High,knowledge/sources/projects/
DOC-01063,knowledge_inbox\projects\2511\university_of_sydney\setup\University of Sydney Items to Check.xlsx,University of Sydney Items to Check.xlsx,.xlsx,15614,2026-07-27 11:24:25,2024-12-05 22:31:14,Projects,High,knowledge/sources/projects/
DOC-01064,knowledge_inbox\projects\2511\university_of_sydney\setup\University of Sydney Joinery Setup.xlsx,University of Sydney Joinery Setup.xlsx,.xlsx,29359,2026-07-27 11:24:25,2024-08-16 08:12:42,Projects,High,knowledge/sources/projects/
DOC-01065,knowledge_inbox\projects\2511\university_of_sydney\setup\University of Sydney Window Set-Up.xlsx,University of Sydney Window Set-Up.xlsx,.xlsx,1397414,2026-07-27 11:24:25,2025-12-05 15:04:01,Projects,High,knowledge/sources/projects/
DOC-01066,knowledge_inbox\projects\2511\woolworth_tamworth_south\bulkcheck\Woolworths Tamworth South Bulk Check for Supermarket.xlsx,Woolworths Tamworth South Bulk Check for Supermarket.xlsx,.xlsx,84879,2026-07-27 11:21:54,2025-11-18 23:23:38,Projects,High,knowledge/sources/projects/
DOC-01067,knowledge_inbox\projects\2511\woolworth_tamworth_south\bulkcheck\Woolworths Tamworth South Bulk Check.xlsx,Woolworths Tamworth South Bulk Check.xlsx,.xlsx,55233,2026-07-27 11:21:54,2025-11-14 20:17:21,Projects,High,knowledge/sources/projects/
DOC-01068,knowledge_inbox\projects\2511\woolworth_tamworth_south\checklist\Woolworths Tamworth South Checklist.xlsx,Woolworths Tamworth South Checklist.xlsx,.xlsx,119166,2026-07-27 11:21:58,2025-11-19 23:48:02,Projects,High,knowledge/sources/projects/
DOC-01069,knowledge_inbox\projects\2511\woolworth_tamworth_south\docs\0. Architectural Combined (NEW).pdf,0. Architectural Combined (NEW).pdf,.pdf,67662485,2026-07-27 11:22:15,2025-11-07 17:19:51,Projects,High,knowledge/sources/projects/
DOC-01070,knowledge_inbox\projects\2511\woolworth_tamworth_south\docs\0. Architectural Combined.pdf,0. Architectural Combined.pdf,.pdf,70131392,2026-07-27 11:22:16,2025-11-05 18:27:13,Projects,High,knowledge/sources/projects/
DOC-01071,knowledge_inbox\projects\2511\woolworth_tamworth_south\docs\0. Civil Works Combined.pdf,0. Civil Works Combined.pdf,.pdf,15111877,2026-07-27 11:22:17,2025-11-10 07:25:34,Projects,High,knowledge/sources/projects/
DOC-01072,knowledge_inbox\projects\2511\woolworth_tamworth_south\docs\0. Landscape Combined.pdf,0. Landscape Combined.pdf,.pdf,12059465,2026-07-27 11:22:17,2025-11-06 15:15:51,Projects,High,knowledge/sources/projects/
DOC-01073,knowledge_inbox\projects\2511\woolworth_tamworth_south\docs\0. Schedule Combined.pdf,0. Schedule Combined.pdf,.pdf,1334289,2026-07-27 11:22:17,2025-11-06 15:57:03,Projects,High,knowledge/sources/projects/
DOC-01074,knowledge_inbox\projects\2511\woolworth_tamworth_south\docs\0. Structural Combined.pdf,0. Structural Combined.pdf,.pdf,12864654,2026-07-27 11:22:17,2025-11-11 14:30:56,Projects,High,knowledge/sources/projects/
DOC-01075,knowledge_inbox\projects\2511\woolworth_tamworth_south\docs\BWS\0. BWS Architectural Combined.pdf,0. BWS Architectural Combined.pdf,.pdf,2034962,2026-07-27 11:22:14,2025-11-07 17:55:55,Projects,High,knowledge/sources/projects/
DOC-01076,knowledge_inbox\projects\2511\woolworth_tamworth_south\docs\BWS\0. BWS Schedule Combined.pdf,0. BWS Schedule Combined.pdf,.pdf,7333728,2026-07-27 11:22:14,2025-11-07 17:58:44,Projects,High,knowledge/sources/projects/
DOC-01077,knowledge_inbox\projects\2511\woolworth_tamworth_south\docs\report\2024 12 10 Acoustic Impact Report FINAL.pdf,2024 12 10 Acoustic Impact Report FINAL.pdf,.pdf,5962467,2026-07-27 11:23:23,2025-11-06 12:58:10,Projects,High,knowledge/sources/projects/
DOC-01078,knowledge_inbox\projects\2511\woolworth_tamworth_south\docs\report\240363-DET-001-A.pdf,240363-DET-001-A.pdf,.pdf,2303538,2026-07-27 11:23:10,2025-10-27 16:40:56,Projects,High,knowledge/sources/projects/
DOC-01079,knowledge_inbox\projects\2511\woolworth_tamworth_south\docs\report\240880-01BCA1(Draft).pdf,240880-01BCA1(Draft).pdf,.pdf,998623,2026-07-27 11:22:52,2025-10-27 16:41:07,Projects,High,knowledge/sources/projects/
DOC-01080,knowledge_inbox\projects\2511\woolworth_tamworth_south\docs\report\240880-01BCA1.pdf,240880-01BCA1.pdf,.pdf,893313,2026-07-27 11:23:38,2025-11-06 12:58:16,Projects,High,knowledge/sources/projects/
DOC-01081,knowledge_inbox\projects\2511\woolworth_tamworth_south\docs\report\240880_01ARDR_WoolworthsTamworthSouth_AccessReport_rev01.pdf,240880_01ARDR_WoolworthsTamworthSouth_AccessReport_rev01.pdf,.pdf,12062555,2026-07-27 11:22:47,2025-10-27 16:41:07,Projects,High,knowledge/sources/projects/
DOC-01082,knowledge_inbox\projects\2511\woolworth_tamworth_south\docs\report\25068D Rev B.pdf,25068D Rev B.pdf,.pdf,1534921,2026-07-27 11:22:59,2025-10-27 16:41:07,Projects,High,knowledge/sources/projects/
DOC-01083,knowledge_inbox\projects\2511\woolworth_tamworth_south\docs\report\251813_SUR (A)_Section J DTS _Woolworths Tamworth.pdf,251813_SUR (A)_Section J DTS _Woolworths Tamworth.pdf,.pdf,9292334,2026-07-27 11:23:38,2025-11-06 12:58:17,Projects,High,knowledge/sources/projects/
DOC-01084,knowledge_inbox\projects\2511\woolworth_tamworth_south\docs\report\RGS34764.1 - AB (1).pdf,RGS34764.1 - AB (1).pdf,.pdf,1604090,2026-07-27 11:22:35,2025-10-27 16:41:07,Projects,High,knowledge/sources/projects/
DOC-01085,knowledge_inbox\projects\2511\woolworth_tamworth_south\docs\report\SYD3168 Woolworths Tamworth South - Mechanical Register.pdf,SYD3168 Woolworths Tamworth South - Mechanical Register.pdf,.pdf,148972,2026-07-27 11:23:23,2025-11-06 12:58:11,Projects,High,knowledge/sources/projects/
DOC-01086,knowledge_inbox\projects\2511\woolworth_tamworth_south\docs\report\SYD3168-ME601[T2].pdf,SYD3168-ME601[T2].pdf,.pdf,633091,2026-07-27 11:23:23,2025-11-06 12:58:11,Projects,High,knowledge/sources/projects/
DOC-01087,knowledge_inbox\projects\2511\woolworth_tamworth_south\docs\report\SYD3168-ME602[T2].pdf,SYD3168-ME602[T2].pdf,.pdf,570229,2026-07-27 11:23:23,2025-11-06 12:58:12,Projects,High,knowledge/sources/projects/
DOC-01088,knowledge_inbox\projects\2511\woolworth_tamworth_south\docs\report\Tamworth South - Tender Addendum #2.pdf,Tamworth South - Tender Addendum #2.pdf,.pdf,612415,2026-07-27 11:23:23,2025-11-06 12:58:12,Projects,High,knowledge/sources/projects/
DOC-01089,knowledge_inbox\projects\2511\woolworth_tamworth_south\docs\report\Tamworth South - Tender Addendum #4.pdf,Tamworth South - Tender Addendum #4.pdf,.pdf,684712,2026-07-27 11:23:38,2025-11-06 12:58:17,Projects,High,knowledge/sources/projects/
DOC-01090,knowledge_inbox\projects\2511\woolworth_tamworth_south\docs\report\WW Tamworth South _ Tender RFI Register Rev 1 251101.pdf,WW Tamworth South _ Tender RFI Register Rev 1 251101.pdf,.pdf,72005,2026-07-27 11:23:23,2025-11-06 12:58:12,Projects,High,knowledge/sources/projects/
DOC-01091,knowledge_inbox\projects\2511\woolworth_tamworth_south\docs\SUPERMARKET\0. Supermarket Architectural Combined.pdf,0. Supermarket Architectural Combined.pdf,.pdf,98722546,2026-07-27 11:22:14,2025-11-07 18:08:17,Projects,High,knowledge/sources/projects/
DOC-01092,knowledge_inbox\projects\2511\woolworth_tamworth_south\docs\SUPERMARKET\0. Supermarket Schedule Combined.pdf,0. Supermarket Schedule Combined.pdf,.pdf,6452390,2026-07-27 11:22:15,2025-11-07 18:37:32,Projects,High,knowledge/sources/projects/
DOC-01093,knowledge_inbox\projects\2511\woolworth_tamworth_south\docs\tendering\Tamworth South - Tender Addendum #1.pdf,Tamworth South - Tender Addendum #1.pdf,.pdf,692474,2026-07-27 11:23:30,2025-11-06 12:58:09,Projects,High,knowledge/sources/projects/
DOC-01094,knowledge_inbox\projects\2511\woolworth_tamworth_south\earthwork\1. Existing Elevation.PNG,1. Existing Elevation.PNG,.png,264514,2026-07-27 11:20:56,2025-11-14 16:20:50,Projects,High,knowledge/sources/projects/
DOC-01095,knowledge_inbox\projects\2511\woolworth_tamworth_south\earthwork\2. Elevation Design.PNG,2. Elevation Design.PNG,.png,271191,2026-07-27 11:20:56,2025-11-14 16:06:09,Projects,High,knowledge/sources/projects/
DOC-01096,knowledge_inbox\projects\2511\woolworth_tamworth_south\earthwork\Woolworth Tamworth Bulk Earthworks.esw,Woolworth Tamworth Bulk Earthworks.esw,.esw,1226277,2026-07-27 11:20:56,2025-11-14 16:15:38,Projects,High,knowledge/sources/projects/
DOC-01097,knowledge_inbox\projects\2511\woolworth_tamworth_south\earthwork\Woolworth Tamworth Bulk Earthworks.xlsx,Woolworth Tamworth Bulk Earthworks.xlsx,.xlsx,9955,2026-07-27 11:20:56,2025-11-12 18:00:35,Projects,High,knowledge/sources/projects/
DOC-01098,knowledge_inbox\projects\2511\woolworth_tamworth_south\earthwork\Woolworth Tamworth Earthworks.esw,Woolworth Tamworth Earthworks.esw,.esw,2682060,2026-07-27 11:20:56,2025-11-14 19:27:52,Projects,High,knowledge/sources/projects/
DOC-01099,knowledge_inbox\projects\2511\woolworth_tamworth_south\export\Woolworth Tamworth South - Addendum 20112025.xlsX,Woolworth Tamworth South - Addendum 20112025.xlsX,.xlsx,11174,2026-07-27 11:21:03,2025-11-20 11:58:00,Projects,High,knowledge/sources/projects/
DOC-01100,knowledge_inbox\projects\2511\woolworth_tamworth_south\export\Woolworths Tamworh South - Addendum 201125.exf,Woolworths Tamworh South - Addendum 201125.exf,.exf,48151058,2026-07-27 11:21:03,2025-11-20 12:01:21,Projects,High,knowledge/sources/projects/
DOC-01101,knowledge_inbox\projects\2511\woolworth_tamworth_south\queries\Woolworth Queries 16122025.xlsx,Woolworth Queries 16122025.xlsx,.xlsx,626220,2026-07-27 11:22:07,2025-12-16 18:05:02,Projects,High,knowledge/sources/projects/
DOC-01102,knowledge_inbox\projects\2511\woolworth_tamworth_south\queries\Woolworths Tamworth South Queries 07112025 (SUBMITTED).docx,Woolworths Tamworth South Queries 07112025 (SUBMITTED).docx,.docx,167724,2026-07-27 11:22:07,2025-11-07 22:49:27,Projects,High,knowledge/sources/projects/
DOC-01103,knowledge_inbox\projects\2511\woolworth_tamworth_south\queries\Woolworths Tamworth South Queries 13112025 (SUBMITTED).docx,Woolworths Tamworth South Queries 13112025 (SUBMITTED).docx,.docx,232524,2026-07-27 11:22:07,2025-11-13 09:12:38,Projects,High,knowledge/sources/projects/
DOC-01104,knowledge_inbox\projects\2511\woolworth_tamworth_south\setup\Woolworths Tamworth South Door and Window Set-Up.xlsx,Woolworths Tamworth South Door and Window Set-Up.xlsx,.xlsx,1412414,2026-07-27 11:22:00,2025-11-11 21:56:30,Projects,High,knowledge/sources/projects/
DOC-01105,knowledge_inbox\projects\2511\woolworth_tamworth_south\setup\Woolworths Tamworth South Elemental Checklist.xlsx,Woolworths Tamworth South Elemental Checklist.xlsx,.xlsx,116221,2026-07-27 11:22:00,2025-07-25 08:42:52,Projects,High,knowledge/sources/projects/
DOC-01106,knowledge_inbox\projects\2511\woolworth_tamworth_south\setup\Woolworths Tamworth South Excel to CostX Workbook.xlsx,Woolworths Tamworth South Excel to CostX Workbook.xlsx,.xlsx,22648,2026-07-27 11:22:00,2024-11-13 08:31:21,Projects,High,knowledge/sources/projects/
DOC-01107,knowledge_inbox\projects\2511\woolworth_tamworth_south\setup\Woolworths Tamworth South FFE Description Set Up.xlsx,Woolworths Tamworth South FFE Description Set Up.xlsx,.xlsx,39309,2026-07-27 11:22:00,2025-11-08 00:01:55,Projects,High,knowledge/sources/projects/
DOC-01108,knowledge_inbox\projects\2511\woolworth_tamworth_south\setup\Woolworths Tamworth South Items to Check.xlsx,Woolworths Tamworth South Items to Check.xlsx,.xlsx,15614,2026-07-27 11:22:00,2024-12-05 22:31:14,Projects,High,knowledge/sources/projects/
DOC-01109,knowledge_inbox\projects\2511\woolworth_tamworth_south\setup\Woolworths Tamworth South Joinery Setup.xlsx,Woolworths Tamworth South Joinery Setup.xlsx,.xlsx,29359,2026-07-27 11:22:00,2024-08-16 08:12:42,Projects,High,knowledge/sources/projects/
DOC-01110,knowledge_inbox\projects\2512\sgch_village\bulkcheck\SGCH Village Bulk Check.xlsx,SGCH Village Bulk Check.xlsx,.xlsx,85472,2026-07-27 11:15:45,2024-06-17 21:03:00,Projects,High,knowledge/sources/projects/
DOC-01111,knowledge_inbox\projects\2512\sgch_village\checklist\SGCH Village Checklist.xlsx,SGCH Village Checklist.xlsx,.xlsx,597684,2026-07-27 11:15:48,2026-02-04 14:49:12,Projects,High,knowledge/sources/projects/
DOC-01112,knowledge_inbox\projects\2512\sgch_village\docs\0. Architectural Combined.pdf,0. Architectural Combined.pdf,.pdf,159249846,2026-07-27 11:16:18,2025-12-17 12:47:57,Projects,High,knowledge/sources/projects/
DOC-01113,knowledge_inbox\projects\2512\sgch_village\docs\0. Structural Combined Updated Reviewed.pdf,0. Structural Combined Updated Reviewed.pdf,.pdf,46142816,2026-07-27 11:16:20,2026-02-10 11:27:45,Projects,High,knowledge/sources/projects/
DOC-01114,knowledge_inbox\projects\2512\sgch_village\docs\0. Structural Combined Updated.pdf,0. Structural Combined Updated.pdf,.pdf,46139994,2026-07-27 11:16:18,2026-02-09 17:04:34,Projects,High,knowledge/sources/projects/
DOC-01115,knowledge_inbox\projects\2512\sgch_village\docs\0. Structural Combined.pdf,0. Structural Combined.pdf,.pdf,42470814,2026-07-27 11:16:18,2025-12-18 18:58:38,Projects,High,knowledge/sources/projects/
DOC-01116,knowledge_inbox\projects\2512\sgch_village\export\SGCH Village Masterfile - 30012026.exf,SGCH Village Masterfile - 30012026.exf,.exf,13491377,2026-07-27 11:15:40,2026-02-10 14:57:14,Projects,High,knowledge/sources/projects/
DOC-01117,knowledge_inbox\projects\2512\sgch_village\export\SGCH Village Masterfile - 30012026.xlsX,SGCH Village Masterfile - 30012026.xlsX,.xlsx,82212,2026-07-27 11:15:40,2026-04-20 17:46:46,Projects,High,knowledge/sources/projects/
DOC-01118,knowledge_inbox\projects\2512\sgch_village\queries\SGCH Village 16122025 (SUBMITTED).docx,SGCH Village 16122025 (SUBMITTED).docx,.docx,404730,2026-07-27 11:15:56,2025-12-16 09:05:21,Projects,High,knowledge/sources/projects/
DOC-01119,knowledge_inbox\projects\2512\sgch_village\queries\SGCH Village 17122025 (SUBMITTED).docx,SGCH Village 17122025 (SUBMITTED).docx,.docx,444326,2026-07-27 11:15:56,2025-12-17 20:39:15,Projects,High,knowledge/sources/projects/
DOC-01120,knowledge_inbox\projects\2512\sgch_village\setup\SGCH Village Door and Window Set-Up.xlsx,SGCH Village Door and Window Set-Up.xlsx,.xlsx,1388337,2026-07-27 11:15:51,2025-05-29 07:54:50,Projects,High,knowledge/sources/projects/
DOC-01121,knowledge_inbox\projects\2512\sgch_village\setup\SGCH Village Elemental Checklist.xlsx,SGCH Village Elemental Checklist.xlsx,.xlsx,116251,2026-07-27 11:15:51,2025-08-25 12:17:38,Projects,High,knowledge/sources/projects/
DOC-01122,knowledge_inbox\projects\2512\sgch_village\setup\SGCH Village Excel to CostX Workbook.xlsx,SGCH Village Excel to CostX Workbook.xlsx,.xlsx,22648,2026-07-27 11:15:51,2024-11-13 08:31:21,Projects,High,knowledge/sources/projects/
DOC-01123,knowledge_inbox\projects\2512\sgch_village\setup\SGCH Village FFE Description Set Up.xlsx,SGCH Village FFE Description Set Up.xlsx,.xlsx,26619,2026-07-27 11:15:51,2025-03-03 15:18:23,Projects,High,knowledge/sources/projects/
DOC-01124,knowledge_inbox\projects\2512\sgch_village\setup\SGCH Village Items to Check.xlsx,SGCH Village Items to Check.xlsx,.xlsx,15614,2026-07-27 11:15:51,2024-12-05 22:31:14,Projects,High,knowledge/sources/projects/
DOC-01125,knowledge_inbox\projects\2512\sgch_village\setup\SGCH Village Joinery Setup.xlsx,SGCH Village Joinery Setup.xlsx,.xlsx,29359,2026-07-27 11:15:51,2024-08-16 08:12:42,Projects,High,knowledge/sources/projects/
DOC-01126,knowledge_inbox\projects\2512\sgch_village\setup\Structural Steel Program 09012024.xlsx,Structural Steel Program 09012024.xlsx,.xlsx,648473,2026-07-27 11:15:51,2024-08-16 08:06:49,Projects,High,knowledge/sources/projects/
DOC-01127,knowledge_inbox\projects\2601\buildcorp_wollongong\bulkcheck\Buildcorp Wollongong Bulk Check.xlsx,Buildcorp Wollongong Bulk Check.xlsx,.xlsx,144454,2026-07-27 11:10:25,2026-02-10 12:00:24,Projects,High,knowledge/sources/projects/
DOC-01128,knowledge_inbox\projects\2601\buildcorp_wollongong\checklist\Buildcorp Wollongong Checklist.xlsx,Buildcorp Wollongong Checklist.xlsx,.xlsx,6101259,2026-07-27 11:10:28,2026-02-10 14:49:17,Projects,High,knowledge/sources/projects/
DOC-01129,knowledge_inbox\projects\2601\buildcorp_wollongong\docs\0. Architectural Combined.pdf,0. Architectural Combined.pdf,.pdf,108903752,2026-07-27 11:10:31,2026-01-12 08:03:38,Projects,High,knowledge/sources/projects/
DOC-01130,knowledge_inbox\projects\2601\buildcorp_wollongong\docs\0. Finishes & FFE Schedule.pdf,0. Finishes & FFE Schedule.pdf,.pdf,932184,2026-07-27 11:10:32,2026-01-12 06:07:07,Projects,High,knowledge/sources/projects/
DOC-01131,knowledge_inbox\projects\2601\buildcorp_wollongong\export\BP - Internal Wall Finish.exf,BP - Internal Wall Finish.exf,.exf,100231566,2026-07-27 11:10:16,2026-01-21 15:02:19,Projects,High,knowledge/sources/projects/
DOC-01132,knowledge_inbox\projects\2601\buildcorp_wollongong\export\BW -  Floor Finish.exf,BW -  Floor Finish.exf,.exf,19085227,2026-07-27 11:10:17,2026-01-30 10:21:52,Projects,High,knowledge/sources/projects/
DOC-01133,knowledge_inbox\projects\2601\buildcorp_wollongong\export\BW - Doors.exf,BW - Doors.exf,.exf,17940714,2026-07-27 11:10:17,2026-01-28 14:54:11,Projects,High,knowledge/sources/projects/
DOC-01134,knowledge_inbox\projects\2601\buildcorp_wollongong\export\BW - FFE.exf,BW - FFE.exf,.exf,11031578,2026-07-27 11:10:18,2026-01-27 10:10:32,Projects,High,knowledge/sources/projects/
DOC-01135,knowledge_inbox\projects\2601\buildcorp_wollongong\export\BW - Internal Wall Finish.exf,BW - Internal Wall Finish.exf,.exf,101150276,2026-07-27 11:10:18,2026-02-05 14:52:29,Projects,High,knowledge/sources/projects/
DOC-01136,knowledge_inbox\projects\2601\buildcorp_wollongong\export\BW - Joinery.exf,BW - Joinery.exf,.exf,13473461,2026-07-27 11:10:19,2026-01-29 13:47:59,Projects,High,knowledge/sources/projects/
DOC-01137,knowledge_inbox\projects\2601\buildcorp_wollongong\export\BW - Metalworks.exf,BW - Metalworks.exf,.exf,100037089,2026-07-27 11:10:19,2026-07-27 10:34:27,Projects,High,knowledge/sources/projects/
DOC-01138,knowledge_inbox\projects\2601\buildcorp_wollongong\export\BW - Wall Types.exf,BW - Wall Types.exf,.exf,13005005,2026-07-27 11:10:20,2026-01-29 14:53:21,Projects,High,knowledge/sources/projects/
DOC-01139,knowledge_inbox\projects\2601\buildcorp_wollongong\queries\Buildcorp Wollongong Queries 06022026.docx,Buildcorp Wollongong Queries 06022026.docx,.docx,169986,2026-07-27 11:10:39,2026-02-06 12:18:59,Projects,High,knowledge/sources/projects/
DOC-01140,knowledge_inbox\projects\2601\buildcorp_wollongong\queries\Buildcorp Wollongong Queries 13012026 (SUBMITTED).docx,Buildcorp Wollongong Queries 13012026 (SUBMITTED).docx,.docx,170108,2026-07-27 11:10:40,2026-01-13 17:40:33,Projects,High,knowledge/sources/projects/
DOC-01141,knowledge_inbox\projects\2601\buildcorp_wollongong\queries\Buildcorp Wollongong Queries 27012026 (SUBMITTED).docx,Buildcorp Wollongong Queries 27012026 (SUBMITTED).docx,.docx,170121,2026-07-27 11:10:40,2026-01-27 13:46:02,Projects,High,knowledge/sources/projects/
DOC-01142,knowledge_inbox\projects\2601\buildcorp_wollongong\queries\Buildcorp Wollongong Queries 28012026 (SUBMITTED).docx,Buildcorp Wollongong Queries 28012026 (SUBMITTED).docx,.docx,170470,2026-07-27 11:10:39,2026-01-28 09:00:04,Projects,High,knowledge/sources/projects/
DOC-01143,knowledge_inbox\projects\2601\buildcorp_wollongong\setup\Buildcorp Wollongong Door and Window Set-Up.xlsx,Buildcorp Wollongong Door and Window Set-Up.xlsx,.xlsx,1388337,2026-07-27 11:10:22,2025-05-29 07:54:50,Projects,High,knowledge/sources/projects/
DOC-01144,knowledge_inbox\projects\2601\buildcorp_wollongong\setup\Buildcorp Wollongong Elemental Checklist.xlsx,Buildcorp Wollongong Elemental Checklist.xlsx,.xlsx,116290,2026-07-27 11:10:22,2026-01-12 06:20:55,Projects,High,knowledge/sources/projects/
DOC-01145,knowledge_inbox\projects\2601\buildcorp_wollongong\setup\Buildcorp Wollongong Excel to CostX Workbook.xlsx,Buildcorp Wollongong Excel to CostX Workbook.xlsx,.xlsx,22648,2026-07-27 11:10:22,2024-11-13 08:31:21,Projects,High,knowledge/sources/projects/
DOC-01146,knowledge_inbox\projects\2601\buildcorp_wollongong\setup\Buildcorp Wollongong FFE Description Set Up.xlsx,Buildcorp Wollongong FFE Description Set Up.xlsx,.xlsx,26619,2026-07-27 11:10:22,2025-03-03 15:18:23,Projects,High,knowledge/sources/projects/
DOC-01147,knowledge_inbox\projects\2601\buildcorp_wollongong\setup\Buildcorp Wollongong Items to Check.xlsx,Buildcorp Wollongong Items to Check.xlsx,.xlsx,15614,2026-07-27 11:10:22,2024-12-05 22:31:14,Projects,High,knowledge/sources/projects/
DOC-01148,knowledge_inbox\projects\2601\buildcorp_wollongong\setup\Buildcorp Wollongong Joinery Setup.xlsx,Buildcorp Wollongong Joinery Setup.xlsx,.xlsx,26904,2026-07-27 11:10:22,2026-01-29 12:29:09,Projects,High,knowledge/sources/projects/
DOC-01149,knowledge_inbox\projects\2601\buildcorp_wollongong\setup\Structural Steel Program.xlsx,Structural Steel Program.xlsx,.xlsx,648473,2026-07-27 11:10:22,2024-08-16 08:06:49,Projects,High,knowledge/sources/projects/
DOC-01150,knowledge_inbox\projects\2601\quaker_hill_building\bulkcheck\Quakers Hill Building Bulk Check.xlsx,Quakers Hill Building Bulk Check.xlsx,.xlsx,146631,2026-07-27 11:11:19,2026-03-02 13:09:28,Projects,High,knowledge/sources/projects/
DOC-01151,knowledge_inbox\projects\2601\quaker_hill_building\checklist\0. Annexure A - Structural Combined.pdf,0. Annexure A - Structural Combined.pdf,.pdf,15266425,2026-07-27 11:11:38,2026-02-24 12:17:00,Projects,High,knowledge/sources/projects/
DOC-01152,knowledge_inbox\projects\2601\quaker_hill_building\checklist\0. Annexure B - Schedules Combined.pdf,0. Annexure B - Schedules Combined.pdf,.pdf,106678,2026-07-27 11:11:38,2026-02-24 12:09:23,Projects,High,knowledge/sources/projects/
DOC-01153,knowledge_inbox\projects\2601\quaker_hill_building\checklist\0. Architectural Combined 11032026.pdf,0. Architectural Combined 11032026.pdf,.pdf,163535476,2026-07-27 11:11:38,2026-03-25 07:48:50,Projects,High,knowledge/sources/projects/
DOC-01154,knowledge_inbox\projects\2601\quaker_hill_building\checklist\0. Civil Combined.pdf,0. Civil Combined.pdf,.pdf,87254413,2026-07-27 11:11:40,2026-01-20 11:08:21,Projects,High,knowledge/sources/projects/
DOC-01155,knowledge_inbox\projects\2601\quaker_hill_building\checklist\Quakers Hill Building Addendum Checklist.xlsx,Quakers Hill Building Addendum Checklist.xlsx,.xlsx,1098718,2026-07-27 11:11:17,2026-04-01 17:02:19,Projects,High,knowledge/sources/projects/
DOC-01156,knowledge_inbox\projects\2601\quaker_hill_building\checklist\Quakers Hill Building Checklist.xlsx,Quakers Hill Building Checklist.xlsx,.xlsx,1948643,2026-07-27 11:11:22,2026-03-06 18:56:17,Projects,High,knowledge/sources/projects/
DOC-01157,knowledge_inbox\projects\2601\quaker_hill_building\docs\0. Annexure A - Architectural Combined.pdf,0. Annexure A - Architectural Combined.pdf,.pdf,167049590,2026-07-27 11:11:49,2026-02-24 12:15:39,Projects,High,knowledge/sources/projects/
DOC-01158,knowledge_inbox\projects\2601\quaker_hill_building\docs\0. Annexure A - Structural Combined.pdf,0. Annexure A - Structural Combined.pdf,.pdf,15266425,2026-07-27 11:11:51,2026-02-24 12:17:00,Projects,High,knowledge/sources/projects/
DOC-01159,knowledge_inbox\projects\2601\quaker_hill_building\docs\0. Annexure B - Schedules Combined.pdf,0. Annexure B - Schedules Combined.pdf,.pdf,106678,2026-07-27 11:11:45,2026-02-24 12:09:23,Projects,High,knowledge/sources/projects/
DOC-01160,knowledge_inbox\projects\2601\quaker_hill_building\docs\0. Architectural Combined 11032026.pdf,0. Architectural Combined 11032026.pdf,.pdf,163535476,2026-07-27 11:11:45,2026-03-25 07:48:50,Projects,High,knowledge/sources/projects/
DOC-01161,knowledge_inbox\projects\2601\quaker_hill_building\docs\0. Civil Combined.pdf,0. Civil Combined.pdf,.pdf,87254413,2026-07-27 11:11:46,2026-01-20 11:08:21,Projects,High,knowledge/sources/projects/
DOC-01162,knowledge_inbox\projects\2601\quaker_hill_building\docs\0. Structural Combined 11032026.pdf,0. Structural Combined 11032026.pdf,.pdf,7564367,2026-07-27 11:11:49,2026-03-24 13:37:05,Projects,High,knowledge/sources/projects/
DOC-01163,knowledge_inbox\projects\2601\quaker_hill_building\docs\0. Structural Combined.pdf,0. Structural Combined.pdf,.pdf,11493026,2026-07-27 11:11:49,2026-01-20 11:08:22,Projects,High,knowledge/sources/projects/
DOC-01164,knowledge_inbox\projects\2601\quaker_hill_building\export\Quaker Hill - Masterfile 02042026.CBX,Quaker Hill - Masterfile 02042026.CBX,.cbx,68691322,2026-07-27 11:10:55,2026-04-02 13:46:20,Projects,High,knowledge/sources/projects/
DOC-01165,knowledge_inbox\projects\2601\quaker_hill_building\export\Quaker Hill - Masterfile 02042026.xlsx,Quaker Hill - Masterfile 02042026.xlsx,.xlsx,435500,2026-07-27 11:10:56,2026-04-02 14:04:49,Projects,High,knowledge/sources/projects/
DOC-01166,knowledge_inbox\projects\2601\quaker_hill_building\queries\Quakers Hill Queries 01042026.docx,Quakers Hill Queries 01042026.docx,.docx,536426,2026-07-27 11:11:10,2026-04-01 13:09:06,Projects,High,knowledge/sources/projects/
DOC-01167,knowledge_inbox\projects\2601\quaker_hill_building\setup\Quakers Hill Building Door and Window Set-Up.xlsx,Quakers Hill Building Door and Window Set-Up.xlsx,.xlsx,1388521,2026-07-27 11:11:28,2026-01-30 15:54:09,Projects,High,knowledge/sources/projects/
DOC-01168,knowledge_inbox\projects\2601\quaker_hill_building\setup\Quakers Hill Building Elemental Checklist.xlsx,Quakers Hill Building Elemental Checklist.xlsx,.xlsx,116265,2026-07-27 11:11:28,2026-01-20 09:30:50,Projects,High,knowledge/sources/projects/
DOC-01169,knowledge_inbox\projects\2601\quaker_hill_building\setup\Quakers Hill Building Excel to CostX Workbook.xlsx,Quakers Hill Building Excel to CostX Workbook.xlsx,.xlsx,22648,2026-07-27 11:11:28,2024-11-13 08:31:21,Projects,High,knowledge/sources/projects/
DOC-01170,knowledge_inbox\projects\2601\quaker_hill_building\setup\Quakers Hill Building FFE Description Set Up.xlsx,Quakers Hill Building FFE Description Set Up.xlsx,.xlsx,26619,2026-07-27 11:11:28,2025-03-03 15:18:23,Projects,High,knowledge/sources/projects/
DOC-01171,knowledge_inbox\projects\2601\quaker_hill_building\setup\Quakers Hill Building Items to Check.xlsx,Quakers Hill Building Items to Check.xlsx,.xlsx,15614,2026-07-27 11:11:28,2024-12-05 22:31:14,Projects,High,knowledge/sources/projects/
DOC-01172,knowledge_inbox\projects\2601\quaker_hill_building\setup\Quakers Hill Building Joinery Setup.xlsx,Quakers Hill Building Joinery Setup.xlsx,.xlsx,29359,2026-07-27 11:11:28,2024-08-16 08:12:42,Projects,High,knowledge/sources/projects/
DOC-01173,knowledge_inbox\projects\2601\quaker_hill_building\setup\Quakers Hill Building updated Checklist.xlsx,Quakers Hill Building updated Checklist.xlsx,.xlsx,45458,2026-07-27 11:11:28,2026-03-06 14:46:10,Projects,High,knowledge/sources/projects/
DOC-01174,knowledge_inbox\projects\2601\quaker_hill_building\setup\Remeasured - Quakers Hill Building Bulk Check.xlsx,Remeasured - Quakers Hill Building Bulk Check.xlsx,.xlsx,178488,2026-07-27 11:11:28,2026-03-31 14:10:47,Projects,High,knowledge/sources/projects/
DOC-01175,knowledge_inbox\projects\2601\quaker_hill_building\setup\Structural Steel Program 09012024.xlsx,Structural Steel Program 09012024.xlsx,.xlsx,662160,2026-07-27 11:11:28,2026-03-31 15:46:28,Projects,High,knowledge/sources/projects/
DOC-01176,knowledge_inbox\projects\2601\westmead_public_school\bulkcheck\Westmead Public School Bulk Check.xlsx,Westmead Public School Bulk Check.xlsx,.xlsx,87888,2026-07-27 11:13:31,2026-01-19 13:39:52,Projects,High,knowledge/sources/projects/
DOC-01177,knowledge_inbox\projects\2601\westmead_public_school\checklist\Westmead Public School Checklist for Addendum and Trade Schedule adjustment.xlsx,Westmead Public School Checklist for Addendum and Trade Schedule adjustment.xlsx,.xlsx,1861658,2026-07-27 11:13:35,2026-02-23 08:57:02,Projects,High,knowledge/sources/projects/
DOC-01178,"knowledge_inbox\projects\2601\westmead_public_school\checklist\Westmead Public School Checklist for January 13, 2026.xlsx","Westmead Public School Checklist for January 13, 2026.xlsx",.xlsx,1861761,2026-07-27 11:13:35,2026-01-20 17:11:32,Projects,High,knowledge/sources/projects/
DOC-01179,knowledge_inbox\projects\2601\westmead_public_school\checklist\Westmead Public School Checklist.xlsx,Westmead Public School Checklist.xlsx,.xlsx,1861067,2026-07-27 11:13:35,2025-12-15 22:00:28,Projects,High,knowledge/sources/projects/
DOC-01180,knowledge_inbox\projects\2601\westmead_public_school\client_boq\Westmead Public School - BOQ - Carpentry.xlsX,Westmead Public School - BOQ - Carpentry.xlsX,.xlsx,5632,2026-07-27 11:15:09,2026-01-28 12:00:30,Projects,High,knowledge/sources/projects/
DOC-01181,knowledge_inbox\projects\2601\westmead_public_school\client_boq\Westmead Public School - BOQ - Carpet & Vinyl flooring.xlsX,Westmead Public School - BOQ - Carpet & Vinyl flooring.xlsX,.xlsx,8044,2026-07-27 11:15:09,2026-01-28 12:00:30,Projects,High,knowledge/sources/projects/
DOC-01182,knowledge_inbox\projects\2601\westmead_public_school\client_boq\Westmead Public School - BOQ - Ceiling and partitioning.xlsX,Westmead Public School - BOQ - Ceiling and partitioning.xlsX,.xlsx,12757,2026-07-27 11:15:09,2026-01-28 12:00:30,Projects,High,knowledge/sources/projects/
DOC-01183,knowledge_inbox\projects\2601\westmead_public_school\client_boq\Westmead Public School - BOQ - Civil Stormwater.xlsX,Westmead Public School - BOQ - Civil Stormwater.xlsX,.xlsx,6915,2026-07-27 11:15:09,2026-01-28 12:00:30,Projects,High,knowledge/sources/projects/
DOC-01184,knowledge_inbox\projects\2601\westmead_public_school\client_boq\Westmead Public School - BOQ - Concrete works.xlsX,Westmead Public School - BOQ - Concrete works.xlsX,.xlsx,15722,2026-07-27 11:15:09,2026-01-28 12:00:30,Projects,High,knowledge/sources/projects/
DOC-01185,knowledge_inbox\projects\2601\westmead_public_school\client_boq\Westmead Public School - BOQ - Demolition.xlsX,Westmead Public School - BOQ - Demolition.xlsX,.xlsx,7392,2026-07-27 11:15:09,2026-01-28 12:00:30,Projects,High,knowledge/sources/projects/
DOC-01186,knowledge_inbox\projects\2601\westmead_public_school\client_boq\Westmead Public School - BOQ - Earthworks and Piling.xlsX,Westmead Public School - BOQ - Earthworks and Piling.xlsX,.xlsx,15682,2026-07-27 11:15:10,2026-01-28 12:00:30,Projects,High,knowledge/sources/projects/
DOC-01187,knowledge_inbox\projects\2601\westmead_public_school\client_boq\Westmead Public School - BOQ - External Works.xlsX,Westmead Public School - BOQ - External Works.xlsX,.xlsx,9311,2026-07-27 11:15:10,2026-01-28 12:00:30,Projects,High,knowledge/sources/projects/
DOC-01188,knowledge_inbox\projects\2601\westmead_public_school\client_boq\Westmead Public School - BOQ - Joinery.xlsX,Westmead Public School - BOQ - Joinery.xlsX,.xlsx,7260,2026-07-27 11:15:10,2026-01-28 12:00:30,Projects,High,knowledge/sources/projects/
DOC-01189,knowledge_inbox\projects\2601\westmead_public_school\client_boq\Westmead Public School - BOQ - Landscaping.xlsX,Westmead Public School - BOQ - Landscaping.xlsX,.xlsx,8405,2026-07-27 11:15:10,2026-01-28 12:00:30,Projects,High,knowledge/sources/projects/
DOC-01190,knowledge_inbox\projects\2601\westmead_public_school\client_boq\Westmead Public School - BOQ - Masonry.xlsX,Westmead Public School - BOQ - Masonry.xlsX,.xlsx,7328,2026-07-27 11:15:10,2026-01-28 12:00:30,Projects,High,knowledge/sources/projects/
DOC-01191,knowledge_inbox\projects\2601\westmead_public_school\client_boq\Westmead Public School - BOQ - Metal Roofing.xlsX,Westmead Public School - BOQ - Metal Roofing.xlsX,.xlsx,7440,2026-07-27 11:15:10,2026-01-28 12:00:30,Projects,High,knowledge/sources/projects/
DOC-01192,knowledge_inbox\projects\2601\westmead_public_school\client_boq\Westmead Public School - BOQ - Metalworks.xlsX,Westmead Public School - BOQ - Metalworks.xlsX,.xlsx,7020,2026-07-27 11:15:10,2026-01-28 12:00:30,Projects,High,knowledge/sources/projects/
DOC-01193,knowledge_inbox\projects\2601\westmead_public_school\client_boq\Westmead Public School - BOQ - Painting.xlsX,Westmead Public School - BOQ - Painting.xlsX,.xlsx,6289,2026-07-27 11:15:10,2026-01-28 12:00:30,Projects,High,knowledge/sources/projects/
DOC-01194,knowledge_inbox\projects\2601\westmead_public_school\client_boq\Westmead Public School - BOQ - Signage.xlsX,Westmead Public School - BOQ - Signage.xlsX,.xlsx,7512,2026-07-27 11:15:10,2026-01-28 12:00:30,Projects,High,knowledge/sources/projects/
DOC-01195,knowledge_inbox\projects\2601\westmead_public_school\client_boq\Westmead Public School - BOQ - Structural Steel.xlsX,Westmead Public School - BOQ - Structural Steel.xlsX,.xlsx,8608,2026-07-27 11:15:11,2026-01-28 12:00:30,Projects,High,knowledge/sources/projects/
DOC-01196,knowledge_inbox\projects\2601\westmead_public_school\client_boq\Westmead Public School - BOQ - Tiling and waterproofing.xlsX,Westmead Public School - BOQ - Tiling and waterproofing.xlsX,.xlsx,6437,2026-07-27 11:15:11,2026-01-28 12:00:30,Projects,High,knowledge/sources/projects/
DOC-01197,knowledge_inbox\projects\2601\westmead_public_school\client_boq\Westmead Public School - BOQ - Timber doors.xlsX,Westmead Public School - BOQ - Timber doors.xlsX,.xlsx,6992,2026-07-27 11:15:11,2026-01-28 12:00:30,Projects,High,knowledge/sources/projects/
DOC-01198,knowledge_inbox\projects\2601\westmead_public_school\client_boq\Westmead Public School - BOQ - Timber flooring.xlsX,Westmead Public School - BOQ - Timber flooring.xlsX,.xlsx,5898,2026-07-27 11:15:11,2026-01-28 12:00:30,Projects,High,knowledge/sources/projects/
DOC-01199,knowledge_inbox\projects\2601\westmead_public_school\client_boq\Westmead Public School - BOQ - Toilet Partition.xlsX,Westmead Public School - BOQ - Toilet Partition.xlsX,.xlsx,5801,2026-07-27 11:15:11,2026-01-28 12:00:30,Projects,High,knowledge/sources/projects/
DOC-01200,knowledge_inbox\projects\2601\westmead_public_school\docs\0. Architectural Combined.pdf,0. Architectural Combined.pdf,.pdf,102406418,2026-07-27 11:13:22,2026-01-12 20:23:10,Projects,High,knowledge/sources/projects/
DOC-01201,knowledge_inbox\projects\2601\westmead_public_school\docs\0. Civil Combined.pdf,0. Civil Combined.pdf,.pdf,6422725,2026-07-27 11:13:23,2026-01-16 09:29:42,Projects,High,knowledge/sources/projects/
DOC-01202,knowledge_inbox\projects\2601\westmead_public_school\docs\0. FFE Schedule.pdf,0. FFE Schedule.pdf,.pdf,3000237,2026-07-27 11:13:24,2026-01-28 12:00:30,Projects,High,knowledge/sources/projects/
DOC-01203,knowledge_inbox\projects\2601\westmead_public_school\docs\0. Landscape Combined.pdf,0. Landscape Combined.pdf,.pdf,9942806,2026-07-27 11:13:24,2025-12-15 13:43:07,Projects,High,knowledge/sources/projects/
DOC-01204,knowledge_inbox\projects\2601\westmead_public_school\docs\0. New Landscape Combined.pdf,0. New Landscape Combined.pdf,.pdf,3253738,2026-07-27 11:13:24,2026-01-28 12:00:28,Projects,High,knowledge/sources/projects/
DOC-01205,knowledge_inbox\projects\2601\westmead_public_school\docs\0. Selections Schedule.pdf,0. Selections Schedule.pdf,.pdf,1942286,2026-07-27 11:13:24,2026-01-28 12:00:30,Projects,High,knowledge/sources/projects/
DOC-01206,knowledge_inbox\projects\2601\westmead_public_school\docs\0. Structural Combined.pdf,0. Structural Combined.pdf,.pdf,7174993,2026-07-27 11:13:24,2026-01-13 06:24:03,Projects,High,knowledge/sources/projects/
DOC-01207,knowledge_inbox\projects\2601\westmead_public_school\docs\0. Windows Schedule.pdf,0. Windows Schedule.pdf,.pdf,2343814,2026-07-27 11:13:24,2026-01-28 12:00:30,Projects,High,knowledge/sources/projects/
DOC-01208,knowledge_inbox\projects\2601\westmead_public_school\docs\report\A01-07 Westmead PS REF - Access Report.pdf,A01-07 Westmead PS REF - Access Report.pdf,.pdf,815608,2026-07-27 11:14:24,2026-01-28 12:00:27,Projects,High,knowledge/sources/projects/
DOC-01209,knowledge_inbox\projects\2601\westmead_public_school\docs\report\A01-08 Westmead PS REF - Acoustic Assessment.pdf,A01-08 Westmead PS REF - Acoustic Assessment.pdf,.pdf,1989610,2026-07-27 11:14:24,2026-01-28 12:00:27,Projects,High,knowledge/sources/projects/
DOC-01210,knowledge_inbox\projects\2601\westmead_public_school\docs\report\A01-17 Westmead PS REF - Flood Impact Assessment.pdf,A01-17 Westmead PS REF - Flood Impact Assessment.pdf,.pdf,3083429,2026-07-27 11:14:41,2026-01-28 12:00:28,Projects,High,knowledge/sources/projects/
DOC-01211,knowledge_inbox\projects\2601\westmead_public_school\docs\report\A01-18 Westmead PS REF - Flora and Fauna Assessment.pdf,A01-18 Westmead PS REF - Flora and Fauna Assessment.pdf,.pdf,9257602,2026-07-27 11:14:41,2026-01-28 12:00:28,Projects,High,knowledge/sources/projects/
DOC-01212,knowledge_inbox\projects\2601\westmead_public_school\docs\report\A01-19 Westmead PS REF - Geotechnical Report.pdf,A01-19 Westmead PS REF - Geotechnical Report.pdf,.pdf,24970093,2026-07-27 11:14:14,2026-01-28 12:00:28,Projects,High,knowledge/sources/projects/
DOC-01213,knowledge_inbox\projects\2601\westmead_public_school\docs\report\A01-22 Westmead PS REF - Survey.pdf,A01-22 Westmead PS REF - Survey.pdf,.pdf,3077082,2026-07-27 11:14:18,2026-01-28 12:00:28,Projects,High,knowledge/sources/projects/
DOC-01214,knowledge_inbox\projects\2601\westmead_public_school\docs\tendering\A01-03 SI GC21 - Part D - Tab B - Principals Works Description Document_WPS - Rev 1.0.pdf,A01-03 SI GC21 - Part D - Tab B - Principals Works Description Document_WPS - Rev 1.0.pdf,.pdf,1227220,2026-07-27 11:14:47,2026-01-28 12:00:27,Projects,High,knowledge/sources/projects/
DOC-01215,knowledge_inbox\projects\2601\westmead_public_school\docs\tendering\A01-05 SYD25006 WPS_ESD Specification.pdf,A01-05 SYD25006 WPS_ESD Specification.pdf,.pdf,1973186,2026-07-27 11:14:50,2026-01-28 12:00:27,Projects,High,knowledge/sources/projects/
DOC-01216,knowledge_inbox\projects\2601\westmead_public_school\earthwork\1. Existing Elevations.PNG,1. Existing Elevations.PNG,.png,101942,2026-07-27 11:12:49,2026-02-20 15:11:15,Projects,High,knowledge/sources/projects/
DOC-01217,knowledge_inbox\projects\2601\westmead_public_school\earthwork\2. Design Elevations.PNG,2. Design Elevations.PNG,.png,164308,2026-07-27 11:12:49,2026-02-20 15:11:57,Projects,High,knowledge/sources/projects/
DOC-01218,knowledge_inbox\projects\2601\westmead_public_school\earthwork\3. Subgrade Elevations.PNG,3. Subgrade Elevations.PNG,.png,167682,2026-07-27 11:12:49,2026-02-20 15:12:28,Projects,High,knowledge/sources/projects/
DOC-01219,knowledge_inbox\projects\2601\westmead_public_school\earthwork\Westmead Earthwork 20022026.xlsx,Westmead Earthwork 20022026.xlsx,.xlsx,13264,2026-07-27 11:12:49,2026-02-20 15:15:13,Projects,High,knowledge/sources/projects/
DOC-01220,knowledge_inbox\projects\2601\westmead_public_school\earthwork\Westmead Earthwork.BAK,Westmead Earthwork.BAK,.bak,1087139,2026-07-27 11:12:49,2026-02-19 16:48:22,Projects,High,knowledge/sources/projects/
DOC-01221,knowledge_inbox\projects\2601\westmead_public_school\earthwork\Westmead Earthwork.esw,Westmead Earthwork.esw,.esw,1531691,2026-07-27 11:12:49,2026-02-20 15:14:55,Projects,High,knowledge/sources/projects/
DOC-01222,knowledge_inbox\projects\2601\westmead_public_school\export\Westmead Earthwork 20022026.xlsx,Westmead Earthwork 20022026.xlsx,.xlsx,13264,2026-07-27 11:13:04,2026-02-20 15:15:13,Projects,High,knowledge/sources/projects/
DOC-01223,knowledge_inbox\projects\2601\westmead_public_school\export\Westmead Public School - Masterfile 19012026.CBX,Westmead Public School - Masterfile 19012026.CBX,.cbx,131958181,2026-07-27 11:12:54,2026-01-19 16:47:19,Projects,High,knowledge/sources/projects/
DOC-01224,knowledge_inbox\projects\2601\westmead_public_school\export\Westmead Public School - Masterfile 19012026.xlsx,Westmead Public School - Masterfile 19012026.xlsx,.xlsx,181279,2026-07-27 11:12:55,2026-01-19 16:45:49,Projects,High,knowledge/sources/projects/
DOC-01225,knowledge_inbox\projects\2601\westmead_public_school\export\Westmead Public School - Masterfile 20022026.CBX,Westmead Public School - Masterfile 20022026.CBX,.cbx,132144354,2026-07-27 11:13:04,2026-02-20 15:24:11,Projects,High,knowledge/sources/projects/
DOC-01226,knowledge_inbox\projects\2601\westmead_public_school\export\Westmead Public School - Masterfile 20022026.xlsx,Westmead Public School - Masterfile 20022026.xlsx,.xlsx,332509,2026-07-27 11:13:06,2026-02-20 15:21:07,Projects,High,knowledge/sources/projects/
DOC-01227,knowledge_inbox\projects\2601\westmead_public_school\queries\Westmead Public School Queries 13012026 (SUBMITTED).docx,Westmead Public School Queries 13012026 (SUBMITTED).docx,.docx,503918,2026-07-27 11:13:16,2026-01-13 10:59:50,Projects,High,knowledge/sources/projects/
DOC-01228,knowledge_inbox\projects\2601\westmead_public_school\queries\Westmead Public School Queries 14012026 (SUBMITTED).docx,Westmead Public School Queries 14012026 (SUBMITTED).docx,.docx,808545,2026-07-27 11:13:16,2026-01-14 14:42:26,Projects,High,knowledge/sources/projects/
DOC-01229,knowledge_inbox\projects\2601\westmead_public_school\setup\Structural Steel Program 12012025.xlsx,Structural Steel Program 12012025.xlsx,.xlsx,648025,2026-07-27 11:13:48,2026-01-14 14:50:18,Projects,High,knowledge/sources/projects/
DOC-01230,knowledge_inbox\projects\2601\westmead_public_school\setup\Westmead Public School Door and Window Set-Up.xlsx,Westmead Public School Door and Window Set-Up.xlsx,.xlsx,1388337,2026-07-27 11:13:48,2025-05-29 07:54:50,Projects,High,knowledge/sources/projects/
DOC-01231,knowledge_inbox\projects\2601\westmead_public_school\setup\Westmead Public School Elemental Checklist.xlsx,Westmead Public School Elemental Checklist.xlsx,.xlsx,116221,2026-07-27 11:13:48,2025-07-25 08:42:52,Projects,High,knowledge/sources/projects/
DOC-01232,knowledge_inbox\projects\2601\westmead_public_school\setup\Westmead Public School Excel to CostX Workbook.xlsx,Westmead Public School Excel to CostX Workbook.xlsx,.xlsx,22648,2026-07-27 11:13:48,2024-11-13 08:31:21,Projects,High,knowledge/sources/projects/
DOC-01233,knowledge_inbox\projects\2601\westmead_public_school\setup\Westmead Public School FFE Description Set Up.xlsx,Westmead Public School FFE Description Set Up.xlsx,.xlsx,26619,2026-07-27 11:13:48,2025-03-03 15:18:23,Projects,High,knowledge/sources/projects/
DOC-01234,knowledge_inbox\projects\2601\westmead_public_school\setup\Westmead Public School Items to Check.xlsx,Westmead Public School Items to Check.xlsx,.xlsx,15614,2026-07-27 11:13:48,2024-12-05 22:31:14,Projects,High,knowledge/sources/projects/
DOC-01235,knowledge_inbox\projects\2601\westmead_public_school\setup\Westmead Public School Joinery Setup.xlsx,Westmead Public School Joinery Setup.xlsx,.xlsx,43145,2026-07-27 11:13:49,2026-01-15 14:23:50,Projects,High,knowledge/sources/projects/
DOC-01236,knowledge_inbox\projects\2602\eliza\bulkcheck\Eliza Bulk Check.xlsx,Eliza Bulk Check.xlsx,.xlsx,111689,2026-07-27 11:07:48,2026-02-12 22:55:14,Projects,High,knowledge/sources/projects/
DOC-01237,knowledge_inbox\projects\2602\eliza\checklist\Eliza Checklist.xlsx,Eliza Checklist.xlsx,.xlsx,707264,2026-07-27 11:07:50,2026-02-16 23:47:46,Projects,High,knowledge/sources/projects/
DOC-01238,knowledge_inbox\projects\2602\eliza\docs\0. Architectural Combined (2024) with BBQ Unit.pdf,0. Architectural Combined (2024) with BBQ Unit.pdf,.pdf,73700881,2026-07-27 11:07:59,2026-02-12 18:03:59,Projects,High,knowledge/sources/projects/
DOC-01239,knowledge_inbox\projects\2602\eliza\docs\0. Architectural Combined.pdf,0. Architectural Combined.pdf,.pdf,74428900,2026-07-27 11:07:59,2025-12-16 09:00:31,Projects,High,knowledge/sources/projects/
DOC-01240,knowledge_inbox\projects\2602\eliza\docs\0. Door Details 2026.pdf,0. Door Details 2026.pdf,.pdf,12117870,2026-07-27 11:08:00,2026-02-09 12:01:32,Projects,High,knowledge/sources/projects/
DOC-01241,knowledge_inbox\projects\2602\eliza\docs\0. FFE Schedule (2024).pdf,0. FFE Schedule (2024).pdf,.pdf,7551210,2026-07-27 11:08:00,2026-02-12 08:51:52,Projects,High,knowledge/sources/projects/
DOC-01242,knowledge_inbox\projects\2602\eliza\docs\0. FFE Schedule.pdf,0. FFE Schedule.pdf,.pdf,2573949,2026-07-27 11:08:00,2026-02-12 14:37:03,Projects,High,knowledge/sources/projects/
DOC-01243,knowledge_inbox\projects\2602\eliza\docs\0. Finishes Schedule (2024).pdf,0. Finishes Schedule (2024).pdf,.pdf,4049524,2026-07-27 11:08:00,2026-02-12 10:12:16,Projects,High,knowledge/sources/projects/
DOC-01244,knowledge_inbox\projects\2602\eliza\docs\0. Finishes Schedule.pdf,0. Finishes Schedule.pdf,.pdf,4800224,2026-07-27 11:08:01,2025-12-01 10:54:27,Projects,High,knowledge/sources/projects/
DOC-01245,knowledge_inbox\projects\2602\eliza\export\Eliza Residence - Masterfile 16022026.CBX,Eliza Residence - Masterfile 16022026.CBX,.cbx,502903892,2026-07-27 11:07:41,2026-02-16 16:47:38,Projects,High,knowledge/sources/projects/
DOC-01246,knowledge_inbox\projects\2602\eliza\export\Eliza Residence - Masterfile 16022026.xlsx,Eliza Residence - Masterfile 16022026.xlsx,.xlsx,259419,2026-07-27 11:07:46,2026-02-16 16:44:17,Projects,High,knowledge/sources/projects/
DOC-01247,knowledge_inbox\projects\2602\eliza\queries\Eliza Queries 10022026 (SUBMITTED).docx,Eliza Queries 10022026 (SUBMITTED).docx,.docx,359428,2026-07-27 11:07:35,2026-02-11 00:04:10,Projects,High,knowledge/sources/projects/
DOC-01248,knowledge_inbox\projects\2602\eliza\setup\Eliza Door and Window Set-Up.xlsx,Eliza Door and Window Set-Up.xlsx,.xlsx,1388337,2026-07-27 11:07:53,2025-05-29 07:54:50,Projects,High,knowledge/sources/projects/
DOC-01249,knowledge_inbox\projects\2602\eliza\setup\Eliza Elemental Checklist.xlsx,Eliza Elemental Checklist.xlsx,.xlsx,116225,2026-07-27 11:07:53,2025-12-01 10:57:16,Projects,High,knowledge/sources/projects/
DOC-01250,knowledge_inbox\projects\2602\eliza\setup\Eliza Excel to CostX Workbook.xlsx,Eliza Excel to CostX Workbook.xlsx,.xlsx,22648,2026-07-27 11:07:53,2024-11-13 08:31:21,Projects,High,knowledge/sources/projects/
DOC-01251,knowledge_inbox\projects\2602\eliza\setup\Eliza FFE Description Set Up.xlsx,Eliza FFE Description Set Up.xlsx,.xlsx,34973,2026-07-27 11:07:53,2026-01-30 14:57:07,Projects,High,knowledge/sources/projects/
DOC-01252,knowledge_inbox\projects\2602\eliza\setup\Eliza Items to Check.xlsx,Eliza Items to Check.xlsx,.xlsx,15614,2026-07-27 11:07:53,2024-12-05 22:31:14,Projects,High,knowledge/sources/projects/
DOC-01253,knowledge_inbox\projects\2602\eliza\setup\Eliza Joinery Setup - Kickboard.xlsx,Eliza Joinery Setup - Kickboard.xlsx,.xlsx,101466,2026-07-27 11:07:53,2026-02-13 10:13:13,Projects,High,knowledge/sources/projects/
DOC-01254,knowledge_inbox\projects\2602\eliza\setup\Eliza Joinery Setup.xlsx,Eliza Joinery Setup.xlsx,.xlsx,100240,2026-07-27 11:07:53,2026-02-13 15:02:30,Projects,High,knowledge/sources/projects/
DOC-01255,knowledge_inbox\projects\2602\eliza\setup\Structural Steel Program 09012024.xlsx,Structural Steel Program 09012024.xlsx,.xlsx,648473,2026-07-27 11:07:53,2024-08-16 08:06:49,Projects,High,knowledge/sources/projects/
DOC-01256,knowledge_inbox\projects\2602\monarch_place\bulkcheck\Monarch Place Bulk Check.xlsx,Monarch Place Bulk Check.xlsx,.xlsx,85472,2026-07-27 11:08:58,2024-06-17 21:03:00,Projects,High,knowledge/sources/projects/
DOC-01257,knowledge_inbox\projects\2602\monarch_place\checklist\Monarch Place Checklist 27022026.xlsx,Monarch Place Checklist 27022026.xlsx,.xlsx,2268017,2026-07-27 11:09:01,2026-04-02 14:52:41,Projects,High,knowledge/sources/projects/
DOC-01258,knowledge_inbox\projects\2602\monarch_place\checklist\Monarch Place Checklist.xlsx,Monarch Place Checklist.xlsx,.xlsx,2267815,2026-07-27 11:09:01,2026-02-25 16:15:09,Projects,High,knowledge/sources/projects/
DOC-01259,knowledge_inbox\projects\2602\monarch_place\docs\0. Electrical Combined NEW.pdf,0. Electrical Combined NEW.pdf,.pdf,56653505,2026-07-27 11:09:06,2026-02-27 10:59:57,Projects,High,knowledge/sources/projects/
DOC-01260,knowledge_inbox\projects\2602\monarch_place\docs\0. Fire Services Combined.pdf,0. Fire Services Combined.pdf,.pdf,41272590,2026-07-27 11:09:07,2026-03-16 12:08:10,Projects,High,knowledge/sources/projects/
DOC-01261,knowledge_inbox\projects\2602\monarch_place\docs\0. Hydraulics Combined New.pdf,0. Hydraulics Combined New.pdf,.pdf,42059673,2026-07-27 11:09:07,2026-02-27 10:29:01,Projects,High,knowledge/sources/projects/
DOC-01262,knowledge_inbox\projects\2602\monarch_place\docs\0. Mechanical Combined (25022026).pdf,0. Mechanical Combined (25022026).pdf,.pdf,22957327,2026-07-27 11:09:07,2026-03-11 12:50:46,Projects,High,knowledge/sources/projects/
DOC-01263,knowledge_inbox\projects\2602\monarch_place\docs\0. Structural Combined New.pdf,0. Structural Combined New.pdf,.pdf,44017087,2026-07-27 11:09:08,2026-03-17 17:42:58,Projects,High,knowledge/sources/projects/
DOC-01264,knowledge_inbox\projects\2602\monarch_place\docs\0. Structural Combined.pdf,0. Structural Combined.pdf,.pdf,61558717,2026-07-27 11:09:08,2026-02-13 14:20:14,Projects,High,knowledge/sources/projects/
DOC-01265,knowledge_inbox\projects\2602\monarch_place\export\Monarch Place - Mechanical Services 02042026\Monarch Place - Mechanical Services 02042026.xlsX,Monarch Place - Mechanical Services 02042026.xlsX,.xlsx,123374,2026-07-27 11:08:40,2026-04-02 16:07:43,Projects,High,knowledge/sources/projects/
DOC-01266,knowledge_inbox\projects\2602\monarch_place\export\Monarch Place - Mechanical Services 02042026\Monarch Place - Revised Mechanical Services 02042026.exf,Monarch Place - Revised Mechanical Services 02042026.exf,.exf,21919336,2026-07-27 11:08:40,2026-04-02 16:06:34,Projects,High,knowledge/sources/projects/
DOC-01267,knowledge_inbox\projects\2602\monarch_place\export\Monarch Place - Reinforcement 18032026\023690 - Monarch Place - STRUCTURAL BQ01 DRAWING REG.xlsx,023690 - Monarch Place - STRUCTURAL BQ01 DRAWING REG.xlsx,.xlsx,34201,2026-07-27 11:08:41,2026-03-18 13:10:20,Projects,High,knowledge/sources/projects/
DOC-01268,knowledge_inbox\projects\2602\monarch_place\export\Monarch Place - Reinforcement 18032026\Monarch Place - Reinforcements 18032026.exf,Monarch Place - Reinforcements 18032026.exf,.exf,49150640,2026-07-27 11:08:41,2026-03-18 14:44:12,Projects,High,knowledge/sources/projects/
DOC-01269,knowledge_inbox\projects\2602\monarch_place\export\Monarch Place - Reinforcement 18032026\Monarch Place - Reinforcements 18032026.xlsX,Monarch Place - Reinforcements 18032026.xlsX,.xlsx,28431,2026-07-27 11:08:41,2026-03-18 14:44:27,Projects,High,knowledge/sources/projects/
DOC-01270,knowledge_inbox\projects\2602\monarch_place\export\Monarch Place - Reinforcement 20032026\023690 - Monarch Place - STRUCTURAL BQ01 DRAWING REG.xlsx,023690 - Monarch Place - STRUCTURAL BQ01 DRAWING REG.xlsx,.xlsx,34201,2026-07-27 11:08:35,2026-03-18 13:10:20,Projects,High,knowledge/sources/projects/
DOC-01271,knowledge_inbox\projects\2602\monarch_place\export\Monarch Place - Reinforcement 20032026\Monarch Place - Reinforcements 20032026.exf,Monarch Place - Reinforcements 20032026.exf,.exf,51110372,2026-07-27 11:08:35,2026-03-20 17:32:42,Projects,High,knowledge/sources/projects/
DOC-01272,knowledge_inbox\projects\2602\monarch_place\export\Monarch Place - Reinforcement 20032026\Monarch Place - Reinforcements 20032026.xlsX,Monarch Place - Reinforcements 20032026.xlsX,.xlsx,45388,2026-07-27 11:08:36,2026-03-20 17:29:52,Projects,High,knowledge/sources/projects/
DOC-01273,knowledge_inbox\projects\2602\monarch_place\export\Monarch Place - Revised Electrical Services 27032026\Monarch Place- Revised Electrical Service 27032026.xlsX,Monarch Place- Revised Electrical Service 27032026.xlsX,.xlsx,25784,2026-07-27 11:08:36,2026-03-27 19:55:11,Projects,High,knowledge/sources/projects/
DOC-01274,knowledge_inbox\projects\2602\monarch_place\export\Monarch Place - Revised Electrical Services 27032026\Monarch Services 27032026e.exf,Monarch Services 27032026e.exf,.exf,160996703,2026-07-27 11:08:36,2026-03-27 20:02:28,Projects,High,knowledge/sources/projects/
DOC-01275,knowledge_inbox\projects\2602\monarch_place\export\Monarch Place - Services 25032026\023690 - Monarch Place - SERVICES BQ01 DRAWING REG.xlsx,023690 - Monarch Place - SERVICES BQ01 DRAWING REG.xlsx,.xlsx,55024,2026-07-27 11:08:38,2026-03-27 17:50:38,Projects,High,knowledge/sources/projects/
DOC-01276,knowledge_inbox\projects\2602\monarch_place\export\Monarch Place - Services 25032026\Monarch Services - 25032026.xlsX,Monarch Services - 25032026.xlsX,.xlsx,27473,2026-07-27 11:08:38,2026-03-25 16:21:39,Projects,High,knowledge/sources/projects/
DOC-01277,knowledge_inbox\projects\2602\monarch_place\export\Monarch Place - Services 25032026\Monarch Services - 25032026e.xlsX,Monarch Services - 25032026e.xlsX,.xlsx,36880,2026-07-27 11:08:38,2026-03-25 16:19:55,Projects,High,knowledge/sources/projects/
DOC-01278,knowledge_inbox\projects\2602\monarch_place\export\Monarch Place - Services 25032026\Monarch Services 25032026.exf,Monarch Services 25032026.exf,.exf,107550043,2026-07-27 11:08:38,2026-03-25 09:25:54,Projects,High,knowledge/sources/projects/
DOC-01279,knowledge_inbox\projects\2602\monarch_place\export\Monarch Place - Services 25032026\Monarch Services 25032026e.exf,Monarch Services 25032026e.exf,.exf,162072550,2026-07-27 11:08:39,2026-03-25 16:26:59,Projects,High,knowledge/sources/projects/
DOC-01280,knowledge_inbox\projects\2602\monarch_place\setup\Mechanical Specification_B_mechanical-services-specification (2).xlsx,Mechanical Specification_B_mechanical-services-specification (2).xlsx,.xlsx,116142,2026-07-27 11:08:55,2026-04-01 16:54:12,Projects,High,knowledge/sources/projects/
DOC-01281,knowledge_inbox\projects\2602\monarch_place\setup\Monarch Mechanical Services Import Dimension Groups from CSV Template1 - Copy.csv,Monarch Mechanical Services Import Dimension Groups from CSV Template1 - Copy.csv,.csv,7577,2026-07-27 11:08:55,2026-03-31 09:52:29,Projects,High,knowledge/sources/projects/
DOC-01282,knowledge_inbox\projects\2602\monarch_place\setup\Monarch Mechanical Services Import Dimension Groups from CSV Template1.csv,Monarch Mechanical Services Import Dimension Groups from CSV Template1.csv,.csv,11334,2026-07-27 11:08:55,2026-03-30 12:12:13,Projects,High,knowledge/sources/projects/
DOC-01283,knowledge_inbox\projects\2602\monarch_place\setup\Monarch Place Door and Window Set-Up.xlsx,Monarch Place Door and Window Set-Up.xlsx,.xlsx,1388337,2026-07-27 11:08:45,2025-05-29 07:54:50,Projects,High,knowledge/sources/projects/
DOC-01284,knowledge_inbox\projects\2602\monarch_place\setup\Monarch Place Elemental Checklist.xlsx,Monarch Place Elemental Checklist.xlsx,.xlsx,116221,2026-07-27 11:08:45,2025-07-25 08:42:52,Projects,High,knowledge/sources/projects/
DOC-01285,knowledge_inbox\projects\2602\monarch_place\setup\Monarch Place Excel to CostX Workbook.xlsx,Monarch Place Excel to CostX Workbook.xlsx,.xlsx,22648,2026-07-27 11:08:45,2024-11-13 08:31:21,Projects,High,knowledge/sources/projects/
DOC-01286,knowledge_inbox\projects\2602\monarch_place\setup\Monarch Place FFE Description Set Up.xlsx,Monarch Place FFE Description Set Up.xlsx,.xlsx,26619,2026-07-27 11:08:45,2025-03-03 15:18:23,Projects,High,knowledge/sources/projects/
DOC-01287,knowledge_inbox\projects\2602\monarch_place\setup\Monarch Place Items to Check.xlsx,Monarch Place Items to Check.xlsx,.xlsx,15614,2026-07-27 11:08:46,2024-12-05 22:31:14,Projects,High,knowledge/sources/projects/
DOC-01288,knowledge_inbox\projects\2602\monarch_place\setup\Monarch Place Joinery Setup.xlsx,Monarch Place Joinery Setup.xlsx,.xlsx,29359,2026-07-27 11:08:46,2024-08-16 08:12:42,Projects,High,knowledge/sources/projects/
DOC-01289,knowledge_inbox\projects\2602\monarch_place\setup\Structural Steel Program 09012024.xlsx,Structural Steel Program 09012024.xlsx,.xlsx,648473,2026-07-27 11:08:46,2024-08-16 08:06:49,Projects,High,knowledge/sources/projects/
DOC-01290,knowledge_inbox\projects\2602\new_bankstown_hospital\bulkcheck\Copy of New Bankstown Hospital Bulk Check.xlsx,Copy of New Bankstown Hospital Bulk Check.xlsx,.xlsx,174596,2026-07-27 11:09:29,2026-03-11 18:40:50,Projects,High,knowledge/sources/projects/
DOC-01291,knowledge_inbox\projects\2602\new_bankstown_hospital\bulkcheck\New Bankstown Hospital Bulk Check.xlsx,New Bankstown Hospital Bulk Check.xlsx,.xlsx,171594,2026-07-27 11:09:29,2026-02-27 13:38:37,Projects,High,knowledge/sources/projects/
DOC-01292,knowledge_inbox\projects\2602\new_bankstown_hospital\checklist\New Bankstown Hospital Checklist.xlsx,New Bankstown Hospital Checklist.xlsx,.xlsx,1992255,2026-07-27 11:09:26,2026-03-11 23:42:06,Projects,High,knowledge/sources/projects/
DOC-01293,knowledge_inbox\projects\2602\new_bankstown_hospital\docs\0. Architectural Combined - Floor Finishes.pdf,0. Architectural Combined - Floor Finishes.pdf,.pdf,28316704,2026-07-27 11:09:35,2026-02-25 13:20:29,Projects,High,knowledge/sources/projects/
DOC-01294,knowledge_inbox\projects\2602\new_bankstown_hospital\docs\0. Architectural Combined.pdf,0. Architectural Combined.pdf,.pdf,26360165,2026-07-27 11:09:35,2026-02-26 12:15:14,Projects,High,knowledge/sources/projects/
DOC-01295,knowledge_inbox\projects\2602\new_bankstown_hospital\docs\0. Mandatory Options.pdf,0. Mandatory Options.pdf,.pdf,2206286,2026-07-27 11:09:35,2026-02-26 12:16:05,Projects,High,knowledge/sources/projects/
DOC-01296,knowledge_inbox\projects\2602\new_bankstown_hospital\export\New Bankstown Hospital - Ceiling 11032026\NBH - CEILING110326.E0X,NBH - CEILING110326.E0X,.e0x,49508,2026-07-27 11:09:55,2026-03-11 18:38:54,Projects,High,knowledge/sources/projects/
DOC-01297,knowledge_inbox\projects\2602\new_bankstown_hospital\export\New Bankstown Hospital - Ceiling 11032026\New Bankstown Hospital - Ceiling 11032026.exf,New Bankstown Hospital - Ceiling 11032026.exf,.exf,26284084,2026-07-27 11:09:55,2026-03-11 18:35:40,Projects,High,knowledge/sources/projects/
DOC-01298,knowledge_inbox\projects\2602\new_bankstown_hospital\export\New Bankstown Hospital - Ceiling 11032026\New Bankstown Hospital - Ceiling 11032026.xlsX,New Bankstown Hospital - Ceiling 11032026.xlsX,.xlsx,19550,2026-07-27 11:09:55,2026-03-11 18:34:56,Projects,High,knowledge/sources/projects/
DOC-01299,knowledge_inbox\projects\2602\new_bankstown_hospital\export\New Bankstown Hospital - Ceiling 26022026\NBH - CEILING260226.E0X,NBH - CEILING260226.E0X,.e0x,44580,2026-07-27 11:09:55,2026-02-26 17:14:51,Projects,High,knowledge/sources/projects/
DOC-01300,knowledge_inbox\projects\2602\new_bankstown_hospital\export\New Bankstown Hospital - Ceiling 26022026\New Bankstown Hospital - Ceiling 26022026.exf,New Bankstown Hospital - Ceiling 26022026.exf,.exf,25438306,2026-07-27 11:09:55,2026-02-26 16:52:10,Projects,High,knowledge/sources/projects/
DOC-01301,knowledge_inbox\projects\2602\new_bankstown_hospital\export\New Bankstown Hospital - Ceiling 26022026\New Bankstown Hospital - Ceiling 26022026.xlsX,New Bankstown Hospital - Ceiling 26022026.xlsX,.xlsx,14884,2026-07-27 11:09:55,2026-02-26 16:51:44,Projects,High,knowledge/sources/projects/
DOC-01302,knowledge_inbox\projects\2602\new_bankstown_hospital\export\New Bankstown Hospital - Floor Finishes 03032026\NBH - FFWSKIRT030326.E0X,NBH - FFWSKIRT030326.E0X,.e0x,46685,2026-07-27 11:09:54,2026-03-03 16:48:58,Projects,High,knowledge/sources/projects/
DOC-01303,knowledge_inbox\projects\2602\new_bankstown_hospital\export\New Bankstown Hospital - Floor Finishes 03032026\New Bankstown Hospital - Floor Finishes 03032026.CBX,New Bankstown Hospital - Floor Finishes 03032026.CBX,.cbx,67557,2026-07-27 11:09:54,2026-03-03 16:40:33,Projects,High,knowledge/sources/projects/
DOC-01304,knowledge_inbox\projects\2602\new_bankstown_hospital\export\New Bankstown Hospital - Floor Finishes 03032026\New Bankstown Hospital - Floor Finishes 03032026.exf,New Bankstown Hospital - Floor Finishes 03032026.exf,.exf,51368037,2026-07-27 11:09:54,2026-03-03 16:13:40,Projects,High,knowledge/sources/projects/
DOC-01305,knowledge_inbox\projects\2602\new_bankstown_hospital\export\New Bankstown Hospital - Floor Finishes 03032026\New Bankstown Hospital - Floor Finishes 03032026.xlsX,New Bankstown Hospital - Floor Finishes 03032026.xlsX,.xlsx,16700,2026-07-27 11:09:54,2026-03-03 16:11:48,Projects,High,knowledge/sources/projects/
DOC-01306,knowledge_inbox\projects\2602\new_bankstown_hospital\export\New Bankstown Hospital - Floor Finishes 27022026\NBH - FLOOR270226.E0X,NBH - FLOOR270226.E0X,.e0x,42552,2026-07-27 11:09:54,2026-02-27 20:42:42,Projects,High,knowledge/sources/projects/
DOC-01307,knowledge_inbox\projects\2602\new_bankstown_hospital\export\New Bankstown Hospital - Floor Finishes 27022026\New Bankstown Hospital - Floor Finishes 27022026.exf,New Bankstown Hospital - Floor Finishes 27022026.exf,.exf,25538537,2026-07-27 11:09:54,2026-02-27 20:37:13,Projects,High,knowledge/sources/projects/
DOC-01308,knowledge_inbox\projects\2602\new_bankstown_hospital\export\New Bankstown Hospital - Floor Finishes 27022026\New Bankstown Hospital - Floor Finishes 27022026.xlsX,New Bankstown Hospital - Floor Finishes 27022026.xlsX,.xlsx,13062,2026-07-27 11:09:55,2026-02-27 20:36:47,Projects,High,knowledge/sources/projects/
DOC-01309,knowledge_inbox\projects\2602\new_bankstown_hospital\setup\New Bankstown Hospital Door and Window Set-Up.xlsx,New Bankstown Hospital Door and Window Set-Up.xlsx,.xlsx,1388337,2026-07-27 11:09:21,2025-05-29 07:54:50,Projects,High,knowledge/sources/projects/
DOC-01310,knowledge_inbox\projects\2602\new_bankstown_hospital\setup\New Bankstown Hospital Elemental Checklist.xlsx,New Bankstown Hospital Elemental Checklist.xlsx,.xlsx,116286,2026-07-27 11:09:21,2026-02-19 12:14:39,Projects,High,knowledge/sources/projects/
DOC-01311,knowledge_inbox\projects\2602\new_bankstown_hospital\setup\New Bankstown Hospital Excel to CostX Workbook.xlsx,New Bankstown Hospital Excel to CostX Workbook.xlsx,.xlsx,22648,2026-07-27 11:09:21,2024-11-13 08:31:21,Projects,High,knowledge/sources/projects/
DOC-01312,knowledge_inbox\projects\2602\new_bankstown_hospital\setup\New Bankstown Hospital FFE Description Set Up.xlsx,New Bankstown Hospital FFE Description Set Up.xlsx,.xlsx,26619,2026-07-27 11:09:21,2025-03-03 15:18:23,Projects,High,knowledge/sources/projects/
DOC-01313,knowledge_inbox\projects\2602\new_bankstown_hospital\setup\New Bankstown Hospital Items to Check.xlsx,New Bankstown Hospital Items to Check.xlsx,.xlsx,15614,2026-07-27 11:09:21,2024-12-05 22:31:14,Projects,High,knowledge/sources/projects/
DOC-01314,knowledge_inbox\projects\2602\new_bankstown_hospital\setup\New Bankstown Hospital Joinery Setup.xlsx,New Bankstown Hospital Joinery Setup.xlsx,.xlsx,29359,2026-07-27 11:09:21,2024-08-16 08:12:42,Projects,High,knowledge/sources/projects/
DOC-01315,knowledge_inbox\projects\2602\new_bankstown_hospital\setup\Structural Steel Program 09012024.xlsx,Structural Steel Program 09012024.xlsx,.xlsx,648473,2026-07-27 11:09:21,2024-08-16 08:06:49,Projects,High,knowledge/sources/projects/
DOC-01316,knowledge_inbox\projects\2603\berry_lane\bulkcheck\Berry Lane Bulk Check.xlsx,Berry Lane Bulk Check.xlsx,.xlsx,85472,2026-07-27 10:57:12,2024-06-17 21:03:00,Projects,High,knowledge/sources/projects/
DOC-01317,knowledge_inbox\projects\2603\berry_lane\checklist\Berry Lane Checklist.xlsx,Berry Lane Checklist.xlsx,.xlsx,118175,2026-07-27 10:57:14,2026-04-29 15:23:39,Projects,High,knowledge/sources/projects/
DOC-01318,knowledge_inbox\projects\2603\berry_lane\documents\0. Civil Combined.pdf,0. Civil Combined.pdf,.pdf,31533952,2026-07-27 10:57:27,2026-02-25 17:27:05,Projects,High,knowledge/sources/projects/
DOC-01319,knowledge_inbox\projects\2603\berry_lane\documents\0. Sewer and Water Combined.pdf,0. Sewer and Water Combined.pdf,.pdf,9761904,2026-07-27 10:57:27,2026-03-06 14:20:13,Projects,High,knowledge/sources/projects/
DOC-01320,knowledge_inbox\projects\2603\berry_lane\documents\BERRY LANE ST2 INVESTIGATION 251111251112.csv,BERRY LANE ST2 INVESTIGATION 251111251112.csv,.csv,3094,2026-07-27 10:57:59,2026-02-25 17:27:07,Projects,High,knowledge/sources/projects/
DOC-01321,knowledge_inbox\projects\2603\berry_lane\documents\Berry Lane Test Pits 251113.xlsx,Berry Lane Test Pits 251113.xlsx,.xlsx,12598,2026-07-27 10:57:59,2026-02-25 17:27:07,Projects,High,knowledge/sources/projects/
DOC-01322,knowledge_inbox\projects\2603\berry_lane\documents\Berry Lane Test Pits for DA.csv,Berry Lane Test Pits for DA.csv,.csv,3920,2026-07-27 10:57:59,2026-02-25 17:27:07,Projects,High,knowledge/sources/projects/
DOC-01323,knowledge_inbox\projects\2603\berry_lane\documents\Earthworks Treatment Mark up.pdf,Earthworks Treatment Mark up.pdf,.pdf,6058136,2026-07-27 10:57:59,2026-02-25 17:27:07,Projects,High,knowledge/sources/projects/
DOC-01324,knowledge_inbox\projects\2603\berry_lane\documents\WLG2025-0009AI Rev 2.pdf,WLG2025-0009AI Rev 2.pdf,.pdf,93956375,2026-07-27 10:58:00,2026-02-25 17:27:08,Projects,High,knowledge/sources/projects/
DOC-01325,knowledge_inbox\projects\2603\berry_lane\documents\Geotech Investigation\Berry Lane DTMs for DA.xml,Berry Lane DTMs for DA.xml,.xml,5749629,2026-07-27 10:57:50,2026-02-25 17:27:08,Projects,High,knowledge/sources/projects/
DOC-01326,knowledge_inbox\projects\2603\berry_lane\documents\Geotech Investigation\berry lane investigation linework.dxf,berry lane investigation linework.dxf,.dxf,8501901,2026-07-27 10:57:50,2026-02-25 17:27:08,Projects,High,knowledge/sources/projects/
DOC-01327,knowledge_inbox\projects\2603\berry_lane\documents\Geotech Investigation\berry lane investigation linework_LTYPE.shx,berry lane investigation linework_LTYPE.shx,.shx,33,2026-07-27 10:57:50,2026-02-25 17:27:08,Projects,High,knowledge/sources/projects/
DOC-01328,knowledge_inbox\projects\2603\berry_lane\documents\Geotech Investigation\berry lane investigation surface st2.xml,berry lane investigation surface st2.xml,.xml,4709271,2026-07-27 10:57:51,2026-02-25 17:27:09,Projects,High,knowledge/sources/projects/
DOC-01329,knowledge_inbox\projects\2603\berry_lane\documents\Geotech Investigation\berry lane investigation surface st3.xml,berry lane investigation surface st3.xml,.xml,1891841,2026-07-27 10:57:51,2026-02-25 17:27:09,Projects,High,knowledge/sources/projects/
DOC-01330,knowledge_inbox\projects\2603\berry_lane\documents\Geotech Investigation\BERRY LANE ST2 INVESTIGATION 251111251112.csv,BERRY LANE ST2 INVESTIGATION 251111251112.csv,.csv,3094,2026-07-27 10:57:51,2026-02-25 17:27:09,Projects,High,knowledge/sources/projects/
DOC-01331,knowledge_inbox\projects\2603\berry_lane\documents\Geotech Investigation\Berry Lane Test Pits 251113.xlsx,Berry Lane Test Pits 251113.xlsx,.xlsx,12598,2026-07-27 10:57:51,2026-02-25 17:27:09,Projects,High,knowledge/sources/projects/
DOC-01332,knowledge_inbox\projects\2603\berry_lane\documents\Geotech Investigation\Berry Lane Test Pits Colour.pdf,Berry Lane Test Pits Colour.pdf,.pdf,243941,2026-07-27 10:57:51,2026-02-25 17:27:09,Projects,High,knowledge/sources/projects/
DOC-01333,knowledge_inbox\projects\2603\berry_lane\documents\Geotech Investigation\Berry Lane Test Pits for DA.12da,Berry Lane Test Pits for DA.12da,.12da,18824,2026-07-27 10:57:51,2026-02-25 17:27:09,Projects,High,knowledge/sources/projects/
DOC-01334,knowledge_inbox\projects\2603\berry_lane\documents\Geotech Investigation\Berry Lane Test Pits for DA.12dxml,Berry Lane Test Pits for DA.12dxml,.12dxml,11830,2026-07-27 10:57:51,2026-02-25 17:27:09,Projects,High,knowledge/sources/projects/
DOC-01335,knowledge_inbox\projects\2603\berry_lane\documents\Geotech Investigation\Berry Lane Test Pits for DA.csv,Berry Lane Test Pits for DA.csv,.csv,3920,2026-07-27 10:57:51,2026-02-25 17:27:09,Projects,High,knowledge/sources/projects/
DOC-01336,knowledge_inbox\projects\2603\berry_lane\documents\Geotech Investigation\Berry Lane Test Pits for DA.tp3,Berry Lane Test Pits for DA.tp3,.tp3,11554,2026-07-27 10:57:51,2026-02-25 17:27:09,Projects,High,knowledge/sources/projects/
DOC-01337,knowledge_inbox\projects\2603\berry_lane\documents\Geotech Investigation\Berry Lane Test Pits for DA.xml,Berry Lane Test Pits for DA.xml,.xml,11224,2026-07-27 10:57:51,2026-02-25 17:27:09,Projects,High,knowledge/sources/projects/
DOC-01338,knowledge_inbox\projects\2603\berry_lane\documents\Geotech Investigation\Berry Lane Test Pits.mjo,Berry Lane Test Pits.mjo,.mjo,8906485,2026-07-27 10:57:51,2026-02-25 17:27:09,Projects,High,knowledge/sources/projects/
DOC-01339,knowledge_inbox\projects\2603\berry_lane\documents\Geotech Investigation\CCF_000023.pdf,CCF_000023.pdf,.pdf,3435885,2026-07-27 10:57:51,2026-02-25 17:27:09,Projects,High,knowledge/sources/projects/
DOC-01340,knowledge_inbox\projects\2603\berry_lane\documents\Geotech Investigation\AutoSave\Berry Lane Test Pits.mjo,Berry Lane Test Pits.mjo,.mjo,6488994,2026-07-27 10:57:51,2026-02-25 17:27:09,Projects,High,knowledge/sources/projects/
DOC-01341,knowledge_inbox\projects\2603\berry_lane\documents\Geotech Investigation\BACKUP\Berry Lane Test Pits.mjo.bak,Berry Lane Test Pits.mjo.bak,.bak,7328223,2026-07-27 10:57:51,2026-02-25 17:27:09,Projects,High,knowledge/sources/projects/
DOC-01342,knowledge_inbox\projects\2603\berry_lane\documents\Geotech Investigation\Berry Lane Test Pits\mjo caches\1140850688_0_1.dat,1140850688_0_1.dat,.dat,1577896,2026-07-27 10:57:52,2026-02-25 17:27:09,Projects,High,knowledge/sources/projects/
DOC-01343,knowledge_inbox\projects\2603\berry_lane\documents\Geotech Investigation\Berry Lane Test Pits\mjo caches\1140850689_0_1.dat,1140850689_0_1.dat,.dat,429408,2026-07-27 10:57:52,2026-02-25 17:27:09,Projects,High,knowledge/sources/projects/
DOC-01344,knowledge_inbox\projects\2603\berry_lane\documents\Geotech Investigation\Berry Lane Test Pits\mjo caches\1140850692_0_1.dat,1140850692_0_1.dat,.dat,565768,2026-07-27 10:57:52,2026-02-25 17:27:09,Projects,High,knowledge/sources/projects/
DOC-01345,knowledge_inbox\projects\2603\berry_lane\documents\Geotech Investigation\Photos\TP02.jpg,TP02.jpg,.jpg,1597532,2026-07-27 10:57:52,2026-02-25 17:27:10,Projects,High,knowledge/sources/projects/
DOC-01346,knowledge_inbox\projects\2603\berry_lane\documents\Geotech Investigation\Photos\TP03.jpg,TP03.jpg,.jpg,1696643,2026-07-27 10:57:52,2026-02-25 17:27:10,Projects,High,knowledge/sources/projects/
DOC-01347,knowledge_inbox\projects\2603\berry_lane\documents\Geotech Investigation\Photos\TP04.jpg,TP04.jpg,.jpg,1483860,2026-07-27 10:57:52,2026-02-25 17:27:10,Projects,High,knowledge/sources/projects/
DOC-01348,knowledge_inbox\projects\2603\berry_lane\documents\Geotech Investigation\Photos\TP05.jpg,TP05.jpg,.jpg,1652797,2026-07-27 10:57:52,2026-02-25 17:27:10,Projects,High,knowledge/sources/projects/
DOC-01349,knowledge_inbox\projects\2603\berry_lane\documents\Geotech Investigation\Photos\TP06.jpg,TP06.jpg,.jpg,1651975,2026-07-27 10:57:52,2026-02-25 17:27:10,Projects,High,knowledge/sources/projects/
DOC-01350,knowledge_inbox\projects\2603\berry_lane\documents\Geotech Investigation\Photos\TP07.jpg,TP07.jpg,.jpg,1680569,2026-07-27 10:57:52,2026-02-25 17:27:10,Projects,High,knowledge/sources/projects/
DOC-01351,knowledge_inbox\projects\2603\berry_lane\documents\Geotech Investigation\Photos\TP08.jpg,TP08.jpg,.jpg,1610524,2026-07-27 10:57:52,2026-02-25 17:27:10,Projects,High,knowledge/sources/projects/
DOC-01352,knowledge_inbox\projects\2603\berry_lane\documents\Geotech Investigation\Photos\TP09.jpg,TP09.jpg,.jpg,1213101,2026-07-27 10:57:52,2026-02-25 17:27:10,Projects,High,knowledge/sources/projects/
DOC-01353,knowledge_inbox\projects\2603\berry_lane\documents\Geotech Investigation\Photos\TP10.jpg,TP10.jpg,.jpg,1764858,2026-07-27 10:57:52,2026-02-25 17:27:10,Projects,High,knowledge/sources/projects/
DOC-01354,knowledge_inbox\projects\2603\berry_lane\documents\Geotech Investigation\Photos\TP11.jpg,TP11.jpg,.jpg,1629211,2026-07-27 10:57:52,2026-02-25 17:27:10,Projects,High,knowledge/sources/projects/
DOC-01355,knowledge_inbox\projects\2603\berry_lane\documents\Geotech Investigation\Photos\TP12-1.jpg,TP12-1.jpg,.jpg,1487647,2026-07-27 10:57:52,2026-02-25 17:27:10,Projects,High,knowledge/sources/projects/
DOC-01356,knowledge_inbox\projects\2603\berry_lane\documents\Geotech Investigation\Photos\TP12-2.jpg,TP12-2.jpg,.jpg,1551370,2026-07-27 10:57:53,2026-02-25 17:27:10,Projects,High,knowledge/sources/projects/
DOC-01357,knowledge_inbox\projects\2603\berry_lane\documents\Geotech Investigation\Photos\TP13.jpg,TP13.jpg,.jpg,1785330,2026-07-27 10:57:53,2026-02-25 17:27:10,Projects,High,knowledge/sources/projects/
DOC-01358,knowledge_inbox\projects\2603\berry_lane\documents\Geotech Investigation\Photos\TP14.jpg,TP14.jpg,.jpg,1651761,2026-07-27 10:57:53,2026-02-25 17:27:10,Projects,High,knowledge/sources/projects/
DOC-01359,knowledge_inbox\projects\2603\berry_lane\documents\Geotech Investigation\Photos\TP15.jpg,TP15.jpg,.jpg,1763360,2026-07-27 10:57:53,2026-02-25 17:27:10,Projects,High,knowledge/sources/projects/
DOC-01360,knowledge_inbox\projects\2603\berry_lane\documents\Geotech Investigation\Photos\TP16-1.jpg,TP16-1.jpg,.jpg,1676153,2026-07-27 10:57:53,2026-02-25 17:27:10,Projects,High,knowledge/sources/projects/
DOC-01361,knowledge_inbox\projects\2603\berry_lane\documents\Geotech Investigation\Photos\TP16-2.jpg,TP16-2.jpg,.jpg,1666066,2026-07-27 10:57:53,2026-02-25 17:27:10,Projects,High,knowledge/sources/projects/
DOC-01362,knowledge_inbox\projects\2603\berry_lane\documents\Geotech Investigation\Photos\TP17.jpg,TP17.jpg,.jpg,1742182,2026-07-27 10:57:53,2026-02-25 17:27:10,Projects,High,knowledge/sources/projects/
DOC-01363,knowledge_inbox\projects\2603\berry_lane\documents\Geotech Investigation\Photos\TP18.jpg,TP18.jpg,.jpg,1598824,2026-07-27 10:57:53,2026-02-25 17:27:10,Projects,High,knowledge/sources/projects/
DOC-01364,knowledge_inbox\projects\2603\berry_lane\documents\Geotech Investigation\Photos\TP19.jpg,TP19.jpg,.jpg,1630246,2026-07-27 10:57:53,2026-02-25 17:27:10,Projects,High,knowledge/sources/projects/
DOC-01365,knowledge_inbox\projects\2603\berry_lane\documents\Geotech Investigation\Photos\TP20.jpg,TP20.jpg,.jpg,1641986,2026-07-27 10:57:53,2026-02-25 17:27:10,Projects,High,knowledge/sources/projects/
DOC-01366,knowledge_inbox\projects\2603\berry_lane\documents\Geotech Investigation\Photos\TP21.jpg,TP21.jpg,.jpg,1628745,2026-07-27 10:57:53,2026-02-25 17:27:10,Projects,High,knowledge/sources/projects/
DOC-01367,knowledge_inbox\projects\2603\berry_lane\documents\Geotech Investigation\Photos\TP22.jpg,TP22.jpg,.jpg,1413655,2026-07-27 10:57:53,2026-02-25 17:27:10,Projects,High,knowledge/sources/projects/
DOC-01368,knowledge_inbox\projects\2603\berry_lane\documents\Geotech Investigation\Photos\TP23.jpg,TP23.jpg,.jpg,1084442,2026-07-27 10:57:53,2026-02-25 17:27:10,Projects,High,knowledge/sources/projects/
DOC-01369,knowledge_inbox\projects\2603\berry_lane\documents\Geotech Investigation\Photos\TP24.jpg,TP24.jpg,.jpg,1142736,2026-07-27 10:57:54,2026-02-25 17:27:10,Projects,High,knowledge/sources/projects/
DOC-01370,knowledge_inbox\projects\2603\berry_lane\documents\tendering\MKR00923 Stage 2-5 Tender BOQ_Rev. 2.xlsx,MKR00923 Stage 2-5 Tender BOQ_Rev. 2.xlsx,.xlsx,125476,2026-07-27 10:58:19,2026-03-05 21:31:09,Projects,High,knowledge/sources/projects/
DOC-01371,knowledge_inbox\projects\2603\berry_lane\earthworks\1. Existing Elevation.PNG,1. Existing Elevation.PNG,.png,159083,2026-07-27 10:56:51,2026-03-09 23:28:05,Projects,High,knowledge/sources/projects/
DOC-01372,knowledge_inbox\projects\2603\berry_lane\earthworks\2. Stripped Elevation.PNG,2. Stripped Elevation.PNG,.png,179648,2026-07-27 10:56:51,2026-03-09 23:28:32,Projects,High,knowledge/sources/projects/
DOC-01373,knowledge_inbox\projects\2603\berry_lane\earthworks\3. Design Elevation.PNG,3. Design Elevation.PNG,.png,255263,2026-07-27 10:56:51,2026-03-09 23:29:05,Projects,High,knowledge/sources/projects/
DOC-01374,knowledge_inbox\projects\2603\berry_lane\earthworks\4. Subgrade Elevation.PNG,4. Subgrade Elevation.PNG,.png,266114,2026-07-27 10:56:51,2026-03-09 23:29:38,Projects,High,knowledge/sources/projects/
DOC-01375,knowledge_inbox\projects\2603\berry_lane\earthworks\Berry Lane - Earthwork Stage 2-4.BAK,Berry Lane - Earthwork Stage 2-4.BAK,.bak,5853555,2026-07-27 10:56:52,2026-03-09 17:48:04,Projects,High,knowledge/sources/projects/
DOC-01376,knowledge_inbox\projects\2603\berry_lane\earthworks\Berry Lane - Earthwork Stage 2-4.esw,Berry Lane - Earthwork Stage 2-4.esw,.esw,612587,2026-07-27 10:56:52,2026-03-09 23:31:50,Projects,High,knowledge/sources/projects/
DOC-01377,knowledge_inbox\projects\2603\berry_lane\earthworks\Berry Lane - Earthwork Stage 2-4.xlsx,Berry Lane - Earthwork Stage 2-4.xlsx,.xlsx,37646,2026-07-27 10:56:52,2026-03-09 23:32:05,Projects,High,knowledge/sources/projects/
DOC-01378,knowledge_inbox\projects\2603\berry_lane\earthworks\Berry Lane - Earthwork Stage 2.BAK,Berry Lane - Earthwork Stage 2.BAK,.bak,4878618,2026-07-27 10:56:51,2026-03-05 10:19:01,Projects,High,knowledge/sources/projects/
DOC-01379,knowledge_inbox\projects\2603\berry_lane\earthworks\Berry Lane - Earthwork Stage 2.esw,Berry Lane - Earthwork Stage 2.esw,.esw,4878618,2026-07-27 10:56:51,2026-03-05 10:19:23,Projects,High,knowledge/sources/projects/
DOC-01380,knowledge_inbox\projects\2603\berry_lane\earthworks\Berry Lane - Earthwork Stage 3 - Copy.esw,Berry Lane - Earthwork Stage 3 - Copy.esw,.esw,4980279,2026-07-27 10:56:52,2026-03-05 14:31:45,Projects,High,knowledge/sources/projects/
DOC-01381,knowledge_inbox\projects\2603\berry_lane\earthworks\Berry Lane - Earthwork Stage 3.BAK,Berry Lane - Earthwork Stage 3.BAK,.bak,5308333,2026-07-27 10:56:52,2026-03-05 15:58:37,Projects,High,knowledge/sources/projects/
DOC-01382,knowledge_inbox\projects\2603\berry_lane\earthworks\Berry Lane - Earthwork Stage 3.esw,Berry Lane - Earthwork Stage 3.esw,.esw,5308333,2026-07-27 10:56:52,2026-03-05 16:04:39,Projects,High,knowledge/sources/projects/
DOC-01383,knowledge_inbox\projects\2603\berry_lane\earthworks\Berry Lane - Earthwork Stage 4 - Copy.esw,Berry Lane - Earthwork Stage 4 - Copy.esw,.esw,5469207,2026-07-27 10:56:52,2026-03-05 21:07:25,Projects,High,knowledge/sources/projects/
DOC-01384,knowledge_inbox\projects\2603\berry_lane\earthworks\Berry Lane - Earthwork Stage 4.BAK,Berry Lane - Earthwork Stage 4.BAK,.bak,5469207,2026-07-27 10:56:52,2026-03-05 21:07:18,Projects,High,knowledge/sources/projects/
DOC-01385,knowledge_inbox\projects\2603\berry_lane\earthworks\Berry Lane - Earthwork Stage 4.esw,Berry Lane - Earthwork Stage 4.esw,.esw,5469207,2026-07-27 10:56:52,2026-03-05 21:07:25,Projects,High,knowledge/sources/projects/
DOC-01386,knowledge_inbox\projects\2603\berry_lane\earthworks\Berry Lane - Earthwork Stripping.BAK,Berry Lane - Earthwork Stripping.BAK,.bak,5312049,2026-07-27 10:56:52,2026-03-05 10:05:19,Projects,High,knowledge/sources/projects/
DOC-01387,knowledge_inbox\projects\2603\berry_lane\earthworks\Berry Lane - Earthwork Stripping.esw,Berry Lane - Earthwork Stripping.esw,.esw,5312049,2026-07-27 10:56:52,2026-03-05 10:05:30,Projects,High,knowledge/sources/projects/
DOC-01388,knowledge_inbox\projects\2603\berry_lane\earthworks\Berry Lane - Earthwork.BAK,Berry Lane - Earthwork.BAK,.bak,6071568,2026-07-27 10:56:52,2026-03-05 09:36:32,Projects,High,knowledge/sources/projects/
DOC-01389,knowledge_inbox\projects\2603\berry_lane\export\Hitchcocks Lane Berry - Civil Works 09032026.exf,Hitchcocks Lane Berry - Civil Works 09032026.exf,.exf,73911825,2026-07-27 10:57:03,2026-03-09 23:34:21,Projects,High,knowledge/sources/projects/
DOC-01390,knowledge_inbox\projects\2603\berry_lane\export\Hitchcocks Lane Berry - Civil Works 09032026.xlsX,Hitchcocks Lane Berry - Civil Works 09032026.xlsX,.xlsx,39561,2026-07-27 10:57:04,2026-03-09 23:24:02,Projects,High,knowledge/sources/projects/
DOC-01391,knowledge_inbox\projects\2603\berry_lane\queries\Berry Lane Queries 02032026 (SUBMITTED).docx,Berry Lane Queries 02032026 (SUBMITTED).docx,.docx,167998,2026-07-27 10:58:35,2026-03-02 15:46:03,Projects,High,knowledge/sources/projects/
DOC-01392,knowledge_inbox\projects\2603\berry_lane\queries\Berry Lane Queries 03032026 (SUBMITTED).docx,Berry Lane Queries 03032026 (SUBMITTED).docx,.docx,219767,2026-07-27 10:58:35,2026-03-03 10:54:38,Projects,High,knowledge/sources/projects/
DOC-01393,knowledge_inbox\projects\2603\berry_lane\queries\Berry Lane Queries 04032026 (SUBMITTED).docx,Berry Lane Queries 04032026 (SUBMITTED).docx,.docx,168255,2026-07-27 10:58:35,2026-03-04 08:10:16,Projects,High,knowledge/sources/projects/
DOC-01394,knowledge_inbox\projects\2603\berry_lane\queries\Berry Lane Queries 05032026 (SUBMITTED).docx,Berry Lane Queries 05032026 (SUBMITTED).docx,.docx,473329,2026-07-27 10:58:35,2026-03-05 13:21:27,Projects,High,knowledge/sources/projects/
DOC-01395,knowledge_inbox\projects\2603\berry_lane\setup\Berry Lane Door and Window Set-Up.xlsx,Berry Lane Door and Window Set-Up.xlsx,.xlsx,1388337,2026-07-27 10:57:23,2025-05-29 07:54:50,Projects,High,knowledge/sources/projects/
DOC-01396,knowledge_inbox\projects\2603\berry_lane\setup\Berry Lane Elemental Checklist.xlsx,Berry Lane Elemental Checklist.xlsx,.xlsx,116221,2026-07-27 10:57:23,2025-07-25 08:42:52,Projects,High,knowledge/sources/projects/
DOC-01397,knowledge_inbox\projects\2603\berry_lane\setup\Berry Lane Excel to CostX Workbook.xlsx,Berry Lane Excel to CostX Workbook.xlsx,.xlsx,22648,2026-07-27 10:57:23,2024-11-13 08:31:21,Projects,High,knowledge/sources/projects/
DOC-01398,knowledge_inbox\projects\2603\berry_lane\setup\Berry Lane FFE Description Set Up.xlsx,Berry Lane FFE Description Set Up.xlsx,.xlsx,26619,2026-07-27 10:57:23,2025-03-03 15:18:23,Projects,High,knowledge/sources/projects/
DOC-01399,knowledge_inbox\projects\2603\berry_lane\setup\Berry Lane Items to Check.xlsx,Berry Lane Items to Check.xlsx,.xlsx,15614,2026-07-27 10:57:23,2024-12-05 22:31:14,Projects,High,knowledge/sources/projects/
DOC-01400,knowledge_inbox\projects\2603\berry_lane\setup\Berry Lane Joinery Setup.xlsx,Berry Lane Joinery Setup.xlsx,.xlsx,29359,2026-07-27 10:57:23,2024-08-16 08:12:42,Projects,High,knowledge/sources/projects/
DOC-01401,knowledge_inbox\projects\2603\berry_lane\setup\Structural Steel Program 09012024.xlsx,Structural Steel Program 09012024.xlsx,.xlsx,648473,2026-07-27 10:57:23,2024-08-16 08:06:49,Projects,High,knowledge/sources/projects/
DOC-01402,knowledge_inbox\projects\2603\cq_university\bulkcheck\CQ University Bulk Check.xlsx,CQ University Bulk Check.xlsx,.xlsx,151508,2026-07-27 11:00:06,2026-07-20 13:24:54,Projects,High,knowledge/sources/projects/
DOC-01403,knowledge_inbox\projects\2603\cq_university\checklist\CQ University Checklist.xlsx,CQ University Checklist.xlsx,.xlsx,1512428,2026-07-27 11:00:08,2026-04-10 12:06:31,Projects,High,knowledge/sources/projects/
DOC-01404,knowledge_inbox\projects\2603\cq_university\document\0. Civil Combined.pdf,0. Civil Combined.pdf,.pdf,38580333,2026-07-27 11:00:14,2026-03-23 14:31:10,Projects,High,knowledge/sources/projects/
DOC-01405,knowledge_inbox\projects\2603\cq_university\document\0. Exterior Finishes Schedule Combined.pdf,0. Exterior Finishes Schedule Combined.pdf,.pdf,2098738,2026-07-27 11:00:12,2026-03-16 13:56:16,Projects,High,knowledge/sources/projects/
DOC-01406,knowledge_inbox\projects\2603\cq_university\document\0. Interior Finishes Schedule Combined.pdf,0. Interior Finishes Schedule Combined.pdf,.pdf,1302638,2026-07-27 11:00:13,2026-03-27 14:07:16,Projects,High,knowledge/sources/projects/
DOC-01407,knowledge_inbox\projects\2603\cq_university\document\0. Landscape Combined.pdf,0. Landscape Combined.pdf,.pdf,27211014,2026-07-27 11:00:13,2026-03-16 13:55:55,Projects,High,knowledge/sources/projects/
DOC-01408,knowledge_inbox\projects\2603\cq_university\document\0. Structural Combined.pdf,0. Structural Combined.pdf,.pdf,5293173,2026-07-27 11:00:13,2026-03-16 13:55:56,Projects,High,knowledge/sources/projects/
DOC-01409,knowledge_inbox\projects\2603\cq_university\document\Architectural Specification_CQU Tafe.pdf,Architectural Specification_CQU Tafe.pdf,.pdf,2512050,2026-07-27 11:02:25,2026-03-16 13:56:15,Projects,High,knowledge/sources/projects/
DOC-01410,knowledge_inbox\projects\2603\cq_university\document\reports\725-0085-L-00-DR 60% DD Landscape Package.pdf,725-0085-L-00-DR 60% DD Landscape Package.pdf,.pdf,27211014,2026-07-27 11:02:16,2026-03-16 13:56:17,Projects,High,knowledge/sources/projects/
DOC-01411,knowledge_inbox\projects\2603\cq_university\document\reports\Acoustic_PS229518-WSP-BNE-ACO-REP-001 Rev1.pdf,Acoustic_PS229518-WSP-BNE-ACO-REP-001 Rev1.pdf,.pdf,34485820,2026-07-27 11:02:09,2026-03-16 13:56:15,Projects,High,knowledge/sources/projects/
DOC-01412,knowledge_inbox\projects\2603\cq_university\document\ROK021\0. Architectural Combined.pdf,0. Architectural Combined.pdf,.pdf,3235817,2026-07-27 11:00:13,2026-03-18 23:11:21,Projects,High,knowledge/sources/projects/
DOC-01413,knowledge_inbox\projects\2603\cq_university\document\ROK021\Thumbs.db,Thumbs.db,.db,10752,2026-07-27 11:00:13,2026-03-26 14:55:02,Projects,High,knowledge/sources/projects/
DOC-01414,knowledge_inbox\projects\2603\cq_university\document\ROK092\0. Architectural Combined.pdf,0. Architectural Combined.pdf,.pdf,142417367,2026-07-27 11:00:13,2026-03-31 09:49:52,Projects,High,knowledge/sources/projects/
DOC-01415,knowledge_inbox\projects\2603\cq_university\document\ROK092\Thumbs.db,Thumbs.db,.db,14336,2026-07-27 11:00:14,2026-03-26 14:55:00,Projects,High,knowledge/sources/projects/
DOC-01416,knowledge_inbox\projects\2603\cq_university\document\tendering\Appendix_A-Scope_of_Requirements_and_Specifications_(READ_AND_KEEP).pdf,Appendix_A-Scope_of_Requirements_and_Specifications_(READ_AND_KEEP).pdf,.pdf,1703228,2026-07-27 11:01:09,2026-03-09 13:35:24,Specifications,High,knowledge/sources/specifications/
DOC-01417,knowledge_inbox\projects\2603\cq_university\document\tendering\Appendix_H-Schedules_(COMPLETE_AND_RETURN).pdf,Appendix_H-Schedules_(COMPLETE_AND_RETURN).pdf,.pdf,487952,2026-07-27 11:01:04,2026-03-09 13:35:24,Projects,High,knowledge/sources/projects/
DOC-01418,knowledge_inbox\projects\2603\cq_university\document\tendering\Appendix_J-Departures_Table_(COMPLETE_AND_RETURN).docx,Appendix_J-Departures_Table_(COMPLETE_AND_RETURN).docx,.docx,332403,2026-07-27 11:01:04,2026-03-09 13:35:24,Projects,High,knowledge/sources/projects/
DOC-01419,knowledge_inbox\projects\2603\cq_university\document\tendering\Procurement_Invitation_Form_(READ_AND_KEEP).pdf,Procurement_Invitation_Form_(READ_AND_KEEP).pdf,.pdf,359836,2026-07-27 11:00:46,2026-03-09 13:35:24,Projects,High,knowledge/sources/projects/
DOC-01420,knowledge_inbox\projects\2603\cq_university\document\tendering\QS Measure - trade breakup.xlsx,QS Measure - trade breakup.xlsx,.xlsx,22345,2026-07-27 11:00:42,2026-03-09 13:33:39,Projects,High,knowledge/sources/projects/
DOC-01421,knowledge_inbox\projects\2603\cq_university\document\tendering\Appendix I - Pricing Schedules (COMPLETE AND RETURN)\Response Form - Price.docx,Response Form - Price.docx,.docx,120609,2026-07-27 11:01:04,2026-03-09 13:35:24,Projects,High,knowledge/sources/projects/
DOC-01422,knowledge_inbox\projects\2603\cq_university\document\tendering\Appendix I - Pricing Schedules (COMPLETE AND RETURN)\Returnable Pricing Schedule.xlsx,Returnable Pricing Schedule.xlsx,.xlsx,42975,2026-07-27 11:01:04,2026-03-09 13:35:24,Projects,High,knowledge/sources/projects/
DOC-01423,knowledge_inbox\projects\2603\cq_university\earthworks\CQ - Earthworks.BAK,CQ - Earthworks.BAK,.bak,535364,2026-07-27 10:59:43,2026-03-19 11:12:35,Projects,High,knowledge/sources/projects/
DOC-01424,knowledge_inbox\projects\2603\cq_university\earthworks\CQ - Earthworks.esw,CQ - Earthworks.esw,.esw,535364,2026-07-27 10:59:43,2026-03-19 17:06:52,Projects,High,knowledge/sources/projects/
DOC-01425,knowledge_inbox\projects\2603\cq_university\exports\CQ University - Masterfile 01042026.CBX,CQ University - Masterfile 01042026.CBX,.cbx,441446165,2026-07-27 10:59:51,2026-04-01 08:17:29,Projects,High,knowledge/sources/projects/
DOC-01426,knowledge_inbox\projects\2603\cq_university\exports\CQ University - Masterfile 01042026.xlsx,CQ University - Masterfile 01042026.xlsx,.xlsx,296380,2026-07-27 10:59:51,2026-04-01 08:27:04,Projects,High,knowledge/sources/projects/
DOC-01427,knowledge_inbox\projects\2603\cq_university\queries\CQ University Queries 18032026 (SUBMITTED).docx,CQ University Queries 18032026 (SUBMITTED).docx,.docx,250933,2026-07-27 11:00:25,2026-03-18 16:56:07,Projects,High,knowledge/sources/projects/
DOC-01428,knowledge_inbox\projects\2603\cq_university\queries\CQ University Queries 20032026 (SUBMITTED).docx,CQ University Queries 20032026 (SUBMITTED).docx,.docx,667631,2026-07-27 11:00:25,2026-03-20 09:32:10,Projects,High,knowledge/sources/projects/
DOC-01429,knowledge_inbox\projects\2603\cq_university\queries\CQ University Queries 24032026 (SUBMITTED).docx,CQ University Queries 24032026 (SUBMITTED).docx,.docx,490143,2026-07-27 11:00:25,2026-03-24 09:43:13,Projects,High,knowledge/sources/projects/
DOC-01430,knowledge_inbox\projects\2603\cq_university\queries\CQ University Queries 25032026 (SUBMITTED).docx,CQ University Queries 25032026 (SUBMITTED).docx,.docx,894191,2026-07-27 11:00:24,2026-03-25 22:33:08,Projects,High,knowledge/sources/projects/
DOC-01431,knowledge_inbox\projects\2603\cq_university\queries\CQ University Queries 26032026 (SUBMITTED).docx,CQ University Queries 26032026 (SUBMITTED).docx,.docx,428545,2026-07-27 11:00:24,2026-03-26 14:45:54,Projects,High,knowledge/sources/projects/
DOC-01432,knowledge_inbox\projects\2603\cq_university\queries\CQ University Queries 27032026 (SUBMITTED).docx,CQ University Queries 27032026 (SUBMITTED).docx,.docx,268502,2026-07-27 11:00:25,2026-03-27 09:21:04,Projects,High,knowledge/sources/projects/
DOC-01433,knowledge_inbox\projects\2603\cq_university\setup\Copy of CQ University Joinery Setup.xlsx,Copy of CQ University Joinery Setup.xlsx,.xlsx,19444,2026-07-27 11:00:04,2026-03-27 11:00:11,Projects,High,knowledge/sources/projects/
DOC-01434,knowledge_inbox\projects\2603\cq_university\setup\CQ University Door and Window Set-Up.xlsx,CQ University Door and Window Set-Up.xlsx,.xlsx,1410141,2026-07-27 11:00:02,2026-03-27 16:34:33,Projects,High,knowledge/sources/projects/
DOC-01435,knowledge_inbox\projects\2603\cq_university\setup\CQ University Door Set-Up.xlsx,CQ University Door Set-Up.xlsx,.xlsx,1489494,2026-07-27 11:00:02,2026-03-27 00:35:32,Projects,High,knowledge/sources/projects/
DOC-01436,knowledge_inbox\projects\2603\cq_university\setup\CQ University Elemental Checklist.xlsx,CQ University Elemental Checklist.xlsx,.xlsx,116282,2026-07-27 11:00:02,2026-03-09 13:45:54,Projects,High,knowledge/sources/projects/
DOC-01437,knowledge_inbox\projects\2603\cq_university\setup\CQ University Excel to CostX Workbook.xlsx,CQ University Excel to CostX Workbook.xlsx,.xlsx,22648,2026-07-27 11:00:02,2024-11-13 08:31:21,Projects,High,knowledge/sources/projects/
DOC-01438,knowledge_inbox\projects\2603\cq_university\setup\CQ University FFE Description Set Up.xlsx,CQ University FFE Description Set Up.xlsx,.xlsx,26619,2026-07-27 11:00:02,2025-03-03 15:18:23,Projects,High,knowledge/sources/projects/
DOC-01439,knowledge_inbox\projects\2603\cq_university\setup\CQ University Items to Check.xlsx,CQ University Items to Check.xlsx,.xlsx,15614,2026-07-27 11:00:02,2024-12-05 22:31:14,Projects,High,knowledge/sources/projects/
DOC-01440,knowledge_inbox\projects\2603\cq_university\setup\CQ University Joinery Setup.xlsx,CQ University Joinery Setup.xlsx,.xlsx,19412,2026-07-27 11:00:02,2026-03-27 14:56:43,Projects,High,knowledge/sources/projects/
DOC-01441,knowledge_inbox\projects\2603\cq_university\setup\Structural Steel Program 09012024.xlsx,Structural Steel Program 09012024.xlsx,.xlsx,656429,2026-07-27 11:00:02,2026-03-23 13:56:42,Projects,High,knowledge/sources/projects/
DOC-01442,knowledge_inbox\projects\2603\ryde_hospital_redevelopment\bulkcheck\Ryde Hospital Redevelopment Bulk Check.xlsx,Ryde Hospital Redevelopment Bulk Check.xlsx,.xlsx,128638,2026-07-27 11:03:52,2026-05-01 19:55:06,Projects,High,knowledge/sources/projects/
DOC-01443,knowledge_inbox\projects\2603\ryde_hospital_redevelopment\checklist\Ryde Hospital Redevelopment Checklist.xlsx,Ryde Hospital Redevelopment Checklist.xlsx,.xlsx,3841882,2026-07-27 11:03:50,2026-05-04 15:09:31,Projects,High,knowledge/sources/projects/
DOC-01444,knowledge_inbox\projects\2603\ryde_hospital_redevelopment\document\0. Architectural Combined Updated.pdf,0. Architectural Combined Updated.pdf,.pdf,296466730,2026-07-27 11:04:00,2026-04-30 14:29:23,Projects,High,knowledge/sources/projects/
DOC-01445,knowledge_inbox\projects\2603\ryde_hospital_redevelopment\document\0. Partition Setout Plan Combined (Updated).pdf,0. Partition Setout Plan Combined (Updated).pdf,.pdf,88763665,2026-07-27 11:03:59,2026-04-16 14:08:06,Projects,High,knowledge/sources/projects/
DOC-01446,knowledge_inbox\projects\2603\ryde_hospital_redevelopment\document\0. Queries Response Combined.pdf,0. Queries Response Combined.pdf,.pdf,6215314,2026-07-27 11:04:00,2026-05-01 13:16:24,Projects,High,knowledge/sources/projects/
DOC-01447,knowledge_inbox\projects\2603\ryde_hospital_redevelopment\export\RHR- Partitions and Ceilings 01052026 by Milestone.xlsX,RHR- Partitions and Ceilings 01052026 by Milestone.xlsX,.xlsx,5193,2026-07-27 11:04:23,2026-05-01 22:31:15,Projects,High,knowledge/sources/projects/
DOC-01448,knowledge_inbox\projects\2603\ryde_hospital_redevelopment\export\RHR- Partitions and Ceilings 01052026.exf,RHR- Partitions and Ceilings 01052026.exf,.exf,101212231,2026-07-27 11:04:23,2026-05-01 22:32:37,Projects,High,knowledge/sources/projects/
DOC-01449,knowledge_inbox\projects\2603\ryde_hospital_redevelopment\export\RHR- Partitions and Ceilings 01052026.xlsX,RHR- Partitions and Ceilings 01052026.xlsX,.xlsx,156055,2026-07-27 11:04:24,2026-05-01 22:31:06,Projects,High,knowledge/sources/projects/
DOC-01450,knowledge_inbox\projects\2603\ryde_hospital_redevelopment\export\Ryde Hospital - Masterfile 23052023.exf,Ryde Hospital - Masterfile 23052023.exf,.exf,749349170,2026-07-27 11:04:29,2026-03-30 08:40:35,Projects,High,knowledge/sources/projects/
DOC-01451,knowledge_inbox\projects\2603\ryde_hospital_redevelopment\setup\Ryde Hospital Redevelopment Door and Window Set-Up.xlsx,Ryde Hospital Redevelopment Door and Window Set-Up.xlsx,.xlsx,1388337,2026-07-27 11:03:47,2025-05-29 07:54:50,Projects,High,knowledge/sources/projects/
DOC-01452,knowledge_inbox\projects\2603\ryde_hospital_redevelopment\setup\Ryde Hospital Redevelopment Elemental Checklist.xlsx,Ryde Hospital Redevelopment Elemental Checklist.xlsx,.xlsx,116316,2026-07-27 11:03:47,2026-03-17 07:16:27,Projects,High,knowledge/sources/projects/
DOC-01453,knowledge_inbox\projects\2603\ryde_hospital_redevelopment\setup\Ryde Hospital Redevelopment Excel to CostX Workbook.xlsx,Ryde Hospital Redevelopment Excel to CostX Workbook.xlsx,.xlsx,22648,2026-07-27 11:03:47,2024-11-13 08:31:21,Projects,High,knowledge/sources/projects/
DOC-01454,knowledge_inbox\projects\2603\ryde_hospital_redevelopment\setup\Ryde Hospital Redevelopment FFE Description Set Up.xlsx,Ryde Hospital Redevelopment FFE Description Set Up.xlsx,.xlsx,26619,2026-07-27 11:03:47,2025-03-03 15:18:23,Projects,High,knowledge/sources/projects/
DOC-01455,knowledge_inbox\projects\2603\ryde_hospital_redevelopment\setup\Ryde Hospital Redevelopment Items to Check.xlsx,Ryde Hospital Redevelopment Items to Check.xlsx,.xlsx,15614,2026-07-27 11:03:47,2024-12-05 22:31:14,Projects,High,knowledge/sources/projects/
DOC-01456,knowledge_inbox\projects\2603\ryde_hospital_redevelopment\setup\Ryde Hospital Redevelopment Joinery Setup.xlsx,Ryde Hospital Redevelopment Joinery Setup.xlsx,.xlsx,29359,2026-07-27 11:03:47,2024-08-16 08:12:42,Projects,High,knowledge/sources/projects/
DOC-01457,knowledge_inbox\projects\2603\ryde_hospital_redevelopment\setup\Structural Steel Program 09012024.xlsx,Structural Steel Program 09012024.xlsx,.xlsx,648473,2026-07-27 11:03:47,2024-08-16 08:06:49,Projects,High,knowledge/sources/projects/
DOC-01458,knowledge_inbox\projects\2604\st_aloysius_catholic_college\bulkcheck\St Aloysius Catholic College Bulk Check.xlsx,St Aloysius Catholic College Bulk Check.xlsx,.xlsx,91083,2026-07-27 10:55:23,2026-04-16 08:30:56,Projects,High,knowledge/sources/projects/
DOC-01459,knowledge_inbox\projects\2604\st_aloysius_catholic_college\checklist\St Aloysius Catholic College Addendum 5 & 6 Checklist.xlsx,St Aloysius Catholic College Addendum 5 & 6 Checklist.xlsx,.xlsx,2198793,2026-07-27 10:55:20,2026-06-02 14:52:47,Projects,High,knowledge/sources/projects/
DOC-01460,knowledge_inbox\projects\2604\st_aloysius_catholic_college\checklist\St Aloysius Catholic College Addendum Checklist.xlsx,St Aloysius Catholic College Addendum Checklist.xlsx,.xlsx,2198713,2026-07-27 10:55:20,2026-05-07 14:52:10,Projects,High,knowledge/sources/projects/
DOC-01461,knowledge_inbox\projects\2604\st_aloysius_catholic_college\checklist\St Aloysius Catholic College Checklist.xlsx,St Aloysius Catholic College Checklist.xlsx,.xlsx,2199004,2026-07-27 10:55:20,2026-05-05 14:52:37,Projects,High,knowledge/sources/projects/
DOC-01462,knowledge_inbox\projects\2604\st_aloysius_catholic_college\documents\0. Architectural Combined.pdf,0. Architectural Combined.pdf,.pdf,160772143,2026-07-27 10:55:06,2026-03-31 14:06:34,Projects,High,knowledge/sources/projects/
DOC-01463,knowledge_inbox\projects\2604\st_aloysius_catholic_college\documents\0. Civil Works Combined.pdf,0. Civil Works Combined.pdf,.pdf,65040362,2026-07-27 10:55:07,2026-04-07 09:06:14,Projects,High,knowledge/sources/projects/
DOC-01464,knowledge_inbox\projects\2604\st_aloysius_catholic_college\documents\0. Landscape Combined.pdf,0. Landscape Combined.pdf,.pdf,56661396,2026-07-27 10:55:08,2026-03-31 14:06:32,Projects,High,knowledge/sources/projects/
DOC-01465,knowledge_inbox\projects\2604\st_aloysius_catholic_college\documents\0. Schedules - Architectural Block A Tender.pdf,0. Schedules - Architectural Block A Tender.pdf,.pdf,20158276,2026-07-27 10:55:08,2026-03-31 14:06:35,Projects,High,knowledge/sources/projects/
DOC-01466,knowledge_inbox\projects\2604\st_aloysius_catholic_college\documents\0. Structural Combined.pdf,0. Structural Combined.pdf,.pdf,6666807,2026-07-27 10:55:09,2026-03-31 14:06:33,Projects,High,knowledge/sources/projects/
DOC-01467,knowledge_inbox\projects\2604\st_aloysius_catholic_college\documents\Addendum (Shoring Details) 01062026\0. Attachment 1B Combined.pdf,0. Attachment 1B Combined.pdf,.pdf,1706267,2026-07-27 10:55:03,2026-06-03 13:20:07,Projects,High,knowledge/sources/projects/
DOC-01468,knowledge_inbox\projects\2604\st_aloysius_catholic_college\documents\Addendum (Shoring Details) 01062026\0. Attachment 1C - BPA Submission Structural Drawings (Oct 2024).pdf,0. Attachment 1C - BPA Submission Structural Drawings (Oct 2024).pdf,.pdf,9148012,2026-07-27 10:55:03,2026-06-01 07:41:54,Projects,High,knowledge/sources/projects/
DOC-01469,knowledge_inbox\projects\2604\st_aloysius_catholic_college\documents\Addendum 03 & 04\26-04Apr24 SACC - Ph2 Tender Addendum 3.pdf,26-04Apr24 SACC - Ph2 Tender Addendum 3.pdf,.pdf,264048,2026-07-27 10:55:03,2026-04-28 09:46:27,Projects,High,knowledge/sources/projects/
DOC-01470,knowledge_inbox\projects\2604\st_aloysius_catholic_college\documents\Addendum 03 & 04\26-04Apr30 SACC - Ph2 Tender Addendum 4.pdf,26-04Apr30 SACC - Ph2 Tender Addendum 4.pdf,.pdf,270334,2026-07-27 10:55:03,2026-05-04 07:44:24,Projects,High,knowledge/sources/projects/
DOC-01471,knowledge_inbox\projects\2604\st_aloysius_catholic_college\documents\Addendum 03 & 04\Attachment 3.05 - Structural Sketches.pdf,Attachment 3.05 - Structural Sketches.pdf,.pdf,277908,2026-07-27 10:55:03,2026-05-07 14:10:19,Projects,High,knowledge/sources/projects/
DOC-01472,knowledge_inbox\projects\2604\st_aloysius_catholic_college\documents\Addendum 03 & 04\Attachment 4.01 - Head Contractor RFIs.pdf,Attachment 4.01 - Head Contractor RFIs.pdf,.pdf,1147737,2026-07-27 10:55:04,2026-05-27 17:06:53,Projects,High,knowledge/sources/projects/
DOC-01473,knowledge_inbox\projects\2604\st_aloysius_catholic_college\documents\Addendum 03 & 04\Attachment 4.08 - Public Domain Tree Survey Data G.1.pdf,Attachment 4.08 - Public Domain Tree Survey Data G.1.pdf,.pdf,317987,2026-07-27 10:55:04,2026-05-04 07:44:25,Projects,High,knowledge/sources/projects/
DOC-01474,knowledge_inbox\projects\2604\st_aloysius_catholic_college\documents\Addendum 03 & 04\Attachment 4.09 - Tree Key Plan G.1.pdf,Attachment 4.09 - Tree Key Plan G.1.pdf,.pdf,4893070,2026-07-27 10:55:04,2026-05-04 07:44:25,Projects,High,knowledge/sources/projects/
DOC-01475,knowledge_inbox\projects\2604\st_aloysius_catholic_college\documents\Addendum 03 & 04\Addendum 01\0. Addendum 01 Combined.pdf,0. Addendum 01 Combined.pdf,.pdf,20405911,2026-07-27 10:55:04,2026-04-15 20:37:23,Projects,High,knowledge/sources/projects/
DOC-01476,knowledge_inbox\projects\2604\st_aloysius_catholic_college\documents\Addendum 03 & 04\Addendum 01\0. Response to St Aloysius Query 16042026.pdf,0. Response to St Aloysius Query 16042026.pdf,.pdf,194378,2026-07-27 10:55:04,2026-04-16 15:22:01,Projects,High,knowledge/sources/projects/
DOC-01477,knowledge_inbox\projects\2604\st_aloysius_catholic_college\documents\Addendum 03 & 04\Addendum 01\0. Responses to St Aloysius Queries 02042026-10042026.pdf,0. Responses to St Aloysius Queries 02042026-10042026.pdf,.pdf,245190,2026-07-27 10:55:04,2026-04-15 17:33:38,Projects,High,knowledge/sources/projects/
DOC-01478,knowledge_inbox\projects\2604\st_aloysius_catholic_college\documents\Addendum 03 & 04\Addendum 01\Attachment 2.1 - Ph2 - HC RFIs.pdf,Attachment 2.1 - Ph2 - HC RFIs.pdf,.pdf,567959,2026-07-27 10:55:04,2026-04-16 16:08:35,Projects,High,knowledge/sources/projects/
DOC-01479,knowledge_inbox\projects\2604\st_aloysius_catholic_college\documents\Addendum 05 & 06\Attachment 5.04 - Updated Library - Staff Concept.pdf,Attachment 5.04 - Updated Library - Staff Concept.pdf,.pdf,62777476,2026-07-27 10:55:05,2026-05-27 17:06:46,Projects,High,knowledge/sources/projects/
DOC-01480,knowledge_inbox\projects\2604\st_aloysius_catholic_college\documents\Addendum 05 & 06\Attachment 5.06 - SAC-AD-ST-10-A-10_T2 Structural Plan.pdf,Attachment 5.06 - SAC-AD-ST-10-A-10_T2 Structural Plan.pdf,.pdf,357790,2026-07-27 10:55:06,2026-05-27 17:06:50,Projects,High,knowledge/sources/projects/
DOC-01481,knowledge_inbox\projects\2604\st_aloysius_catholic_college\documents\Addendum 05 & 06\Attachment 6.01 - HC RFIs.pdf,Attachment 6.01 - HC RFIs.pdf,.pdf,1299610,2026-07-27 10:55:06,2026-05-25 08:20:40,Projects,High,knowledge/sources/projects/
DOC-01482,knowledge_inbox\projects\2604\st_aloysius_catholic_college\earthworks\1. SAC Block A Existing.PNG,1. SAC Block A Existing.PNG,.png,76628,2026-07-27 10:52:39,2026-04-17 17:58:08,Projects,High,knowledge/sources/projects/
DOC-01483,knowledge_inbox\projects\2604\st_aloysius_catholic_college\earthworks\1. SAC Carpark Existing.PNG,1. SAC Carpark Existing.PNG,.png,47908,2026-07-27 10:52:39,2026-04-17 18:00:38,Projects,High,knowledge/sources/projects/
DOC-01484,knowledge_inbox\projects\2604\st_aloysius_catholic_college\earthworks\2. SAC Block A Stripped.PNG,2. SAC Block A Stripped.PNG,.png,83754,2026-07-27 10:52:39,2026-04-17 17:58:29,Projects,High,knowledge/sources/projects/
DOC-01485,knowledge_inbox\projects\2604\st_aloysius_catholic_college\earthworks\2. SAC Carpark Stripped.PNG,2. SAC Carpark Stripped.PNG,.png,59253,2026-07-27 10:52:39,2026-04-17 18:01:04,Projects,High,knowledge/sources/projects/
DOC-01486,knowledge_inbox\projects\2604\st_aloysius_catholic_college\earthworks\3. SAC Block A Design.PNG,3. SAC Block A Design.PNG,.png,70103,2026-07-27 10:52:39,2026-04-17 17:59:27,Projects,High,knowledge/sources/projects/
DOC-01487,knowledge_inbox\projects\2604\st_aloysius_catholic_college\earthworks\3. SAC Carpark Design.PNG,3. SAC Carpark Design.PNG,.png,77452,2026-07-27 10:52:39,2026-04-17 18:01:55,Projects,High,knowledge/sources/projects/
DOC-01488,knowledge_inbox\projects\2604\st_aloysius_catholic_college\earthworks\4. SAC Block A Subgrade.PNG,4. SAC Block A Subgrade.PNG,.png,74294,2026-07-27 10:52:39,2026-04-17 17:59:54,Projects,High,knowledge/sources/projects/
DOC-01489,knowledge_inbox\projects\2604\st_aloysius_catholic_college\earthworks\4. SAC Carpark Subgrade.PNG,4. SAC Carpark Subgrade.PNG,.png,80842,2026-07-27 10:52:39,2026-04-17 18:02:44,Projects,High,knowledge/sources/projects/
DOC-01490,knowledge_inbox\projects\2604\st_aloysius_catholic_college\earthworks\SAC - Earthwork BLDG A.BAK,SAC - Earthwork BLDG A.BAK,.bak,438539,2026-07-27 10:52:39,2026-04-16 18:03:45,Projects,High,knowledge/sources/projects/
DOC-01491,knowledge_inbox\projects\2604\st_aloysius_catholic_college\earthworks\SAC - Earthwork BLDG A.esw,SAC - Earthwork BLDG A.esw,.esw,573519,2026-07-27 10:52:39,2026-04-17 17:59:59,Projects,High,knowledge/sources/projects/
DOC-01492,knowledge_inbox\projects\2604\st_aloysius_catholic_college\earthworks\SAC - Earthwork BLDG A.xlsx,SAC - Earthwork BLDG A.xlsx,.xlsx,15911,2026-07-27 10:52:39,2026-04-16 16:53:20,Projects,High,knowledge/sources/projects/
DOC-01493,knowledge_inbox\projects\2604\st_aloysius_catholic_college\earthworks\SAC - Earthwork Public Domain.esw,SAC - Earthwork Public Domain.esw,.esw,18210,2026-07-27 10:52:39,2026-04-16 11:48:12,Projects,High,knowledge/sources/projects/
DOC-01494,knowledge_inbox\projects\2604\st_aloysius_catholic_college\earthworks\SAC - Earthworks.BAK,SAC - Earthworks.BAK,.bak,156400,2026-07-27 10:52:39,2026-04-16 09:52:46,Projects,High,knowledge/sources/projects/
DOC-01495,knowledge_inbox\projects\2604\st_aloysius_catholic_college\earthworks\SAC - Earthworks.esw,SAC - Earthworks.esw,.esw,159039,2026-07-27 10:52:39,2026-04-16 10:51:06,Projects,High,knowledge/sources/projects/
DOC-01496,knowledge_inbox\projects\2604\st_aloysius_catholic_college\earthworks\SAC - Earthworks.xlsx,SAC - Earthworks.xlsx,.xlsx,11089,2026-07-27 10:52:39,2026-04-16 18:04:02,Projects,High,knowledge/sources/projects/
DOC-01497,knowledge_inbox\projects\2604\st_aloysius_catholic_college\export\St. Aloysius Catholic College - Addendum 03062026.CBX,St. Aloysius Catholic College - Addendum 03062026.CBX,.cbx,488087902,2026-07-27 10:54:02,2026-06-04 00:34:43,Projects,High,knowledge/sources/projects/
DOC-01498,knowledge_inbox\projects\2604\st_aloysius_catholic_college\export\St. Aloysius Catholic College - Addendum 03062026.xlsx,St. Aloysius Catholic College - Addendum 03062026.xlsx,.xlsx,6522,2026-07-27 10:54:07,2026-06-04 00:26:59,Projects,High,knowledge/sources/projects/
DOC-01499,knowledge_inbox\projects\2604\st_aloysius_catholic_college\export\St. Aloysius Catholic College - Addendum 3 %26 4 07052026.CBX,St. Aloysius Catholic College - Addendum 3 %26 4 07052026.CBX,.cbx,604902662,2026-07-27 10:53:48,2026-05-07 17:02:29,Projects,High,knowledge/sources/projects/
DOC-01500,knowledge_inbox\projects\2604\st_aloysius_catholic_college\export\St. Aloysius Catholic College - Addendum 3 & 4 07052026.xlsx,St. Aloysius Catholic College - Addendum 3 & 4 07052026.xlsx,.xlsx,16462,2026-07-27 10:53:54,2026-05-07 16:54:01,Projects,High,knowledge/sources/projects/
DOC-01501,knowledge_inbox\projects\2604\st_aloysius_catholic_college\export\St. Aloysius Catholic College - Addendum 5 %26 6 27052026.CBX,St. Aloysius Catholic College - Addendum 5 %26 6 27052026.CBX,.cbx,325010534,2026-07-27 10:53:43,2026-05-27 17:51:23,Projects,High,knowledge/sources/projects/
DOC-01502,knowledge_inbox\projects\2604\st_aloysius_catholic_college\export\St. Aloysius Catholic College - Addendum 5 & 6 27052026.xlsx,St. Aloysius Catholic College - Addendum 5 & 6 27052026.xlsx,.xlsx,41229,2026-07-27 10:53:46,2026-05-27 17:48:43,Projects,High,knowledge/sources/projects/
DOC-01503,knowledge_inbox\projects\2604\st_aloysius_catholic_college\export\St. Aloysius Catholic College - Masterfile 17042026.CBX,St. Aloysius Catholic College - Masterfile 17042026.CBX,.cbx,1138197535,2026-07-27 10:53:03,2026-04-17 18:23:27,Projects,High,knowledge/sources/projects/
DOC-01504,knowledge_inbox\projects\2604\st_aloysius_catholic_college\export\St. Aloysius Catholic College - Masterfile 17042026.xlsx,St. Aloysius Catholic College - Masterfile 17042026.xlsx,.xlsx,323187,2026-07-27 10:53:13,2026-04-17 18:21:07,Projects,High,knowledge/sources/projects/
DOC-01505,knowledge_inbox\projects\2604\st_aloysius_catholic_college\queries\St. Aloysius Queries 02042026 (SUBMITTED).docx,St. Aloysius Queries 02042026 (SUBMITTED).docx,.docx,167686,2026-07-27 10:54:53,2026-04-02 16:18:20,Projects,High,knowledge/sources/projects/
DOC-01506,knowledge_inbox\projects\2604\st_aloysius_catholic_college\queries\St. Aloysius Queries 06042026 (SUBMITTED).docx,St. Aloysius Queries 06042026 (SUBMITTED).docx,.docx,567199,2026-07-27 10:54:53,2026-04-06 17:55:07,Projects,High,knowledge/sources/projects/
DOC-01507,knowledge_inbox\projects\2604\st_aloysius_catholic_college\queries\St. Aloysius Queries 07042026 (SUBMITTED).docx,St. Aloysius Queries 07042026 (SUBMITTED).docx,.docx,705025,2026-07-27 10:54:53,2026-04-07 14:56:04,Projects,High,knowledge/sources/projects/
DOC-01508,knowledge_inbox\projects\2604\st_aloysius_catholic_college\queries\St. Aloysius Queries 08042026 (SUBMITTED) - Copy.docx,St. Aloysius Queries 08042026 (SUBMITTED) - Copy.docx,.docx,387449,2026-07-27 10:54:53,2026-04-08 16:06:22,Projects,High,knowledge/sources/projects/
DOC-01509,knowledge_inbox\projects\2604\st_aloysius_catholic_college\queries\St. Aloysius Queries 09042026 (SUBMITTED).docx,St. Aloysius Queries 09042026 (SUBMITTED).docx,.docx,1978845,2026-07-27 10:54:53,2026-04-09 16:21:09,Projects,High,knowledge/sources/projects/
DOC-01510,knowledge_inbox\projects\2604\st_aloysius_catholic_college\queries\St. Aloysius Queries 10042026 (SUBMITTED).docx,St. Aloysius Queries 10042026 (SUBMITTED).docx,.docx,952169,2026-07-27 10:54:53,2026-04-10 08:54:03,Projects,High,knowledge/sources/projects/
DOC-01511,knowledge_inbox\projects\2604\st_aloysius_catholic_college\queries\St. Aloysius Queries 13042026 (SUBMITTED).docx,St. Aloysius Queries 13042026 (SUBMITTED).docx,.docx,445098,2026-07-27 10:54:53,2026-04-13 10:21:51,Projects,High,knowledge/sources/projects/
DOC-01512,knowledge_inbox\projects\2604\st_aloysius_catholic_college\queries\St. Aloysius Queries 14042026 (SUBMITTED) - Copy.docx,St. Aloysius Queries 14042026 (SUBMITTED) - Copy.docx,.docx,590242,2026-07-27 10:54:53,2026-04-14 13:35:50,Projects,High,knowledge/sources/projects/
DOC-01513,knowledge_inbox\projects\2604\st_aloysius_catholic_college\queries\St. Aloysius Queries 14042026 (SUBMITTED).docx,St. Aloysius Queries 14042026 (SUBMITTED).docx,.docx,590242,2026-07-27 10:54:53,2026-04-14 13:35:50,Projects,High,knowledge/sources/projects/
DOC-01514,knowledge_inbox\projects\2604\st_aloysius_catholic_college\setup\St Aloysius Catholic College Door and Window Set-Up.xlsx,St Aloysius Catholic College Door and Window Set-Up.xlsx,.xlsx,1414536,2026-07-27 10:55:14,2026-04-08 17:01:51,Projects,High,knowledge/sources/projects/
DOC-01515,knowledge_inbox\projects\2604\st_aloysius_catholic_college\setup\St Aloysius Catholic College Door Set-Up.xlsx,St Aloysius Catholic College Door Set-Up.xlsx,.xlsx,1424252,2026-07-27 10:55:14,2026-05-27 17:09:45,Projects,High,knowledge/sources/projects/
DOC-01516,knowledge_inbox\projects\2604\st_aloysius_catholic_college\setup\St Aloysius Catholic College Elemental Checklist.xlsx,St Aloysius Catholic College Elemental Checklist.xlsx,.xlsx,116344,2026-07-27 10:55:15,2026-03-31 14:11:11,Projects,High,knowledge/sources/projects/
DOC-01517,knowledge_inbox\projects\2604\st_aloysius_catholic_college\setup\St Aloysius Catholic College Excel to CostX Workbook.xlsx,St Aloysius Catholic College Excel to CostX Workbook.xlsx,.xlsx,22648,2026-07-27 10:55:15,2024-11-13 08:31:21,Projects,High,knowledge/sources/projects/
DOC-01518,knowledge_inbox\projects\2604\st_aloysius_catholic_college\setup\St Aloysius Catholic College FFE Description Set Up.xlsx,St Aloysius Catholic College FFE Description Set Up.xlsx,.xlsx,26619,2026-07-27 10:55:15,2025-03-03 15:18:23,Projects,High,knowledge/sources/projects/
DOC-01519,knowledge_inbox\projects\2604\st_aloysius_catholic_college\setup\St Aloysius Catholic College Items to Check.xlsx,St Aloysius Catholic College Items to Check.xlsx,.xlsx,15614,2026-07-27 10:55:15,2024-12-05 22:31:14,Projects,High,knowledge/sources/projects/
DOC-01520,knowledge_inbox\projects\2604\st_aloysius_catholic_college\setup\St Aloysius Catholic College Joinery Setup.xlsx,St Aloysius Catholic College Joinery Setup.xlsx,.xlsx,37928,2026-07-27 10:55:15,2026-05-25 15:49:16,Projects,High,knowledge/sources/projects/
DOC-01521,knowledge_inbox\projects\2604\st_aloysius_catholic_college\setup\St Aloysius Catholic College Window Set-Up.csv,St Aloysius Catholic College Window Set-Up.csv,.csv,45820,2026-07-27 10:55:15,2026-04-09 20:56:42,Projects,High,knowledge/sources/projects/
DOC-01522,knowledge_inbox\projects\2604\st_aloysius_catholic_college\setup\St Aloysius Catholic College Window Set-Up.xlsx,St Aloysius Catholic College Window Set-Up.xlsx,.xlsx,1414880,2026-07-27 10:55:15,2026-04-10 12:36:09,Projects,High,knowledge/sources/projects/
DOC-01523,knowledge_inbox\projects\2604\st_aloysius_catholic_college\setup\Structural Steel Program 09012024.xlsx,Structural Steel Program 09012024.xlsx,.xlsx,651900,2026-07-27 10:55:15,2026-05-25 13:09:46,Projects,High,knowledge/sources/projects/
DOC-01524,knowledge_inbox\projects\2604\syd_88mw\bulkcheck\SYD1 88MW Upgrade Bulk Check.xlsx,SYD1 88MW Upgrade Bulk Check.xlsx,.xlsx,85472,2026-07-27 10:51:16,2024-06-17 21:03:00,Projects,High,knowledge/sources/projects/
DOC-01525,knowledge_inbox\projects\2604\syd_88mw\checklist\SYD1 88MW Upgrade Checklist.xlsx,SYD1 88MW Upgrade Checklist.xlsx,.xlsx,1876758,2026-07-27 10:51:18,2026-05-05 18:35:34,Projects,High,knowledge/sources/projects/
DOC-01526,knowledge_inbox\projects\2604\syd_88mw\documents\0. Structural Combined.pdf,0. Structural Combined.pdf,.pdf,111848905,2026-07-27 10:51:25,2026-04-29 13:08:38,Projects,High,knowledge/sources/projects/
DOC-01527,knowledge_inbox\projects\2604\syd_88mw\documents\260313_-_Draft_70%_Roof_Structure.pdf,260313_-_Draft_70%_Roof_Structure.pdf,.pdf,61477532,2026-07-27 10:51:24,2026-04-17 07:40:52,Projects,High,knowledge/sources/projects/
DOC-01528,knowledge_inbox\projects\2604\syd_88mw\documents\Structural Steel Measure - Comments from Estimator on status of additional drawings.pdf,Structural Steel Measure - Comments from Estimator on status of additional drawings.pdf,.pdf,224912,2026-07-27 10:51:25,2026-05-05 14:54:39,Projects,High,knowledge/sources/projects/
DOC-01529,knowledge_inbox\projects\2604\syd_88mw\export\Structural Steel Program 09012024.xlsx,Structural Steel Program 09012024.xlsx,.xlsx,654783,2026-07-27 10:51:09,2026-05-04 16:41:13,Projects,High,knowledge/sources/projects/
DOC-01530,knowledge_inbox\projects\2604\syd_88mw\export\SYD1 88MW Upgrade Door and Window Set-Up.xlsx,SYD1 88MW Upgrade Door and Window Set-Up.xlsx,.xlsx,1388337,2026-07-27 10:51:09,2025-05-29 07:54:50,Projects,High,knowledge/sources/projects/
DOC-01531,knowledge_inbox\projects\2604\syd_88mw\export\SYD1 88MW Upgrade Elemental Checklist.xlsx,SYD1 88MW Upgrade Elemental Checklist.xlsx,.xlsx,116322,2026-07-27 10:51:09,2026-04-17 07:43:32,Projects,High,knowledge/sources/projects/
DOC-01532,knowledge_inbox\projects\2604\syd_88mw\export\SYD1 88MW Upgrade Excel to CostX Workbook.xlsx,SYD1 88MW Upgrade Excel to CostX Workbook.xlsx,.xlsx,22648,2026-07-27 10:51:09,2024-11-13 08:31:21,Projects,High,knowledge/sources/projects/
DOC-01533,knowledge_inbox\projects\2604\syd_88mw\export\SYD1 88MW Upgrade FFE Description Set Up.xlsx,SYD1 88MW Upgrade FFE Description Set Up.xlsx,.xlsx,26619,2026-07-27 10:51:09,2025-03-03 15:18:23,Projects,High,knowledge/sources/projects/
DOC-01534,knowledge_inbox\projects\2604\syd_88mw\export\SYD1 88MW Upgrade Items to Check.xlsx,SYD1 88MW Upgrade Items to Check.xlsx,.xlsx,15614,2026-07-27 10:51:09,2024-12-05 22:31:14,Projects,High,knowledge/sources/projects/
DOC-01535,knowledge_inbox\projects\2604\syd_88mw\export\SYD1 88MW Upgrade Joinery Setup.xlsx,SYD1 88MW Upgrade Joinery Setup.xlsx,.xlsx,29359,2026-07-27 10:51:09,2024-08-16 08:12:42,Projects,High,knowledge/sources/projects/
DOC-01536,knowledge_inbox\projects\2604\syd_88mw\export\Sydney 88 - Structural Steel 29042026 By Stage.exf,Sydney 88 - Structural Steel 29042026 By Stage.exf,.exf,59821487,2026-07-27 10:51:37,2026-04-29 11:30:47,Projects,High,knowledge/sources/projects/
DOC-01537,knowledge_inbox\projects\2604\syd_88mw\export\Sydney 88 - Structural Steel 29042026 By Stage.xlsX,Sydney 88 - Structural Steel 29042026 By Stage.xlsX,.xlsx,68192,2026-07-27 10:51:37,2026-04-29 11:28:58,Projects,High,knowledge/sources/projects/
DOC-01538,knowledge_inbox\projects\2605\255_pitt_street_level_16_and_level_17\bulkcheck\255 Pitt Street L16&17 Bulk Check.xlsx,255 Pitt Street L16&17 Bulk Check.xlsx,.xlsx,87785,2026-07-27 10:42:41,2026-05-19 06:31:32,Projects,High,knowledge/sources/projects/
DOC-01539,knowledge_inbox\projects\2605\255_pitt_street_level_16_and_level_17\checklist\255 Pitt Street L16&17 Checklist.xlsx,255 Pitt Street L16&17 Checklist.xlsx,.xlsx,430920,2026-07-27 10:42:39,2026-05-19 23:46:59,Projects,High,knowledge/sources/projects/
DOC-01540,knowledge_inbox\projects\2605\255_pitt_street_level_16_and_level_17\documents\0. Architectural Combined.pdf,0. Architectural Combined.pdf,.pdf,25294738,2026-07-27 10:42:50,2026-05-14 08:15:33,Projects,High,knowledge/sources/projects/
DOC-01541,knowledge_inbox\projects\2605\255_pitt_street_level_16_and_level_17\documents\0. Schedule Combined.pdf,0. Schedule Combined.pdf,.pdf,1734179,2026-07-27 10:42:50,2026-05-14 08:14:39,Projects,High,knowledge/sources/projects/
DOC-01542,knowledge_inbox\projects\2605\255_pitt_street_level_16_and_level_17\documents\1. Sydney High Level Requirements V2.0_Approved 10 Nov 25.pdf,1. Sydney High Level Requirements V2.0_Approved 10 Nov 25.pdf,.pdf,359879,2026-07-27 10:49:18,2026-05-12 12:23:46,Projects,High,knowledge/sources/projects/
DOC-01543,"knowledge_inbox\projects\2605\255_pitt_street_level_16_and_level_17\documents\255 Pitt St, Sydney Building Rules.pdf","255 Pitt St, Sydney Building Rules.pdf",.pdf,154917,2026-07-27 10:49:28,2026-05-12 12:23:46,Projects,High,knowledge/sources/projects/
DOC-01544,"knowledge_inbox\projects\2605\255_pitt_street_level_16_and_level_17\documents\Annexure 3 - Asbestos and Hazardous Materials Survey 255 Pitt Street, Sydney.pdf","Annexure 3 - Asbestos and Hazardous Materials Survey 255 Pitt Street, Sydney.pdf",.pdf,1775183,2026-07-27 10:49:28,2026-05-12 12:23:46,Projects,High,knowledge/sources/projects/
DOC-01545,"knowledge_inbox\projects\2605\255_pitt_street_level_16_and_level_17\documents\Annexure 3 - Asbestos Management Plan  255 Pitt Street, Sydney.pdf","Annexure 3 - Asbestos Management Plan  255 Pitt Street, Sydney.pdf",.pdf,557723,2026-07-27 10:49:28,2026-05-12 12:23:46,Projects,High,knowledge/sources/projects/
DOC-01546,knowledge_inbox\projects\2605\255_pitt_street_level_16_and_level_17\documents\Annexure 3 - Combustible Cladding 1.11 200912-02 CL Completion R1.pdf,Annexure 3 - Combustible Cladding 1.11 200912-02 CL Completion R1.pdf,.pdf,335512,2026-07-27 10:49:28,2026-05-12 12:23:46,Projects,High,knowledge/sources/projects/
DOC-01547,knowledge_inbox\projects\2605\255_pitt_street_level_16_and_level_17\documents\Annexure 3 - Combustible Cladding 1.14 259A Pitt Street Sydney - Completion of Fire Safety Order Letter.pdf,Annexure 3 - Combustible Cladding 1.14 259A Pitt Street Sydney - Completion of Fire Safety Order Letter.pdf,.pdf,176421,2026-07-27 10:49:28,2026-05-12 12:23:46,Projects,High,knowledge/sources/projects/
DOC-01548,knowledge_inbox\projects\2605\255_pitt_street_level_16_and_level_17\documents\NA253371-H00-0000[C].pdf,NA253371-H00-0000[C].pdf,.pdf,303224,2026-07-27 10:49:03,2026-05-12 12:23:51,Projects,High,knowledge/sources/projects/
DOC-01549,knowledge_inbox\projects\2605\255_pitt_street_level_16_and_level_17\documents\NA253371-H00-0001[A].pdf,NA253371-H00-0001[A].pdf,.pdf,346310,2026-07-27 10:49:03,2026-05-12 12:23:51,Projects,High,knowledge/sources/projects/
DOC-01550,knowledge_inbox\projects\2605\255_pitt_street_level_16_and_level_17\documents\NA253371-H30-1600[C].pdf,NA253371-H30-1600[C].pdf,.pdf,1064692,2026-07-27 10:49:03,2026-05-12 12:23:51,Projects,High,knowledge/sources/projects/
DOC-01551,knowledge_inbox\projects\2605\255_pitt_street_level_16_and_level_17\documents\NA253371-H30-1700[C].pdf,NA253371-H30-1700[C].pdf,.pdf,1745513,2026-07-27 10:49:03,2026-05-12 12:23:51,Projects,High,knowledge/sources/projects/
DOC-01552,knowledge_inbox\projects\2605\255_pitt_street_level_16_and_level_17\documents\NA253371-H90-0000[A].pdf,NA253371-H90-0000[A].pdf,.pdf,286805,2026-07-27 10:49:03,2026-05-12 12:23:51,Projects,High,knowledge/sources/projects/
DOC-01553,knowledge_inbox\projects\2605\255_pitt_street_level_16_and_level_17\documents\NA253371_FWO Pitt Street - Services ECI Contractor Scope Deliniation.pdf,NA253371_FWO Pitt Street - Services ECI Contractor Scope Deliniation.pdf,.pdf,201984,2026-07-27 10:49:37,2026-05-12 12:23:53,Projects,High,knowledge/sources/projects/
DOC-01554,knowledge_inbox\projects\2605\255_pitt_street_level_16_and_level_17\documents\reports\c62bd9d26b4cc395a4b43804bc9a1b8b6edc52f9d33bc6be58eb4ec54e10.pdf,c62bd9d26b4cc395a4b43804bc9a1b8b6edc52f9d33bc6be58eb4ec54e10.pdf,.pdf,6887903,2026-07-27 10:49:45,2026-05-12 12:23:53,Projects,High,knowledge/sources/projects/
DOC-01555,knowledge_inbox\projects\2605\255_pitt_street_level_16_and_level_17\documents\reports\MS-R3-ACOUSTIC MARKUP 260424.pdf,MS-R3-ACOUSTIC MARKUP 260424.pdf,.pdf,10182895,2026-07-27 10:48:53,2026-05-12 12:23:52,Projects,High,knowledge/sources/projects/
DOC-01556,knowledge_inbox\projects\2605\255_pitt_street_level_16_and_level_17\documents\tendering\Attachment B – Head Contractor Pricing.xlsx,Attachment B – Head Contractor Pricing.xlsx,.xlsx,298927,2026-07-27 10:43:09,2026-05-12 12:23:45,Projects,High,knowledge/sources/projects/
DOC-01557,knowledge_inbox\projects\2605\255_pitt_street_level_16_and_level_17\export\255 Pitt Street L16 %26 L17 - Masterfile 19052026.CBX,255 Pitt Street L16 %26 L17 - Masterfile 19052026.CBX,.cbx,31815252,2026-07-27 10:42:25,2026-05-19 17:54:04,Projects,High,knowledge/sources/projects/
DOC-01558,knowledge_inbox\projects\2605\255_pitt_street_level_16_and_level_17\export\255 Pitt Street L16 & L17 - Masterfile 19052026.xlsx,255 Pitt Street L16 & L17 - Masterfile 19052026.xlsx,.xlsx,84465,2026-07-27 10:42:26,2026-05-19 17:53:00,Projects,High,knowledge/sources/projects/
DOC-01559,knowledge_inbox\projects\2605\255_pitt_street_level_16_and_level_17\setup\255 Pitt Street L16&17 Door and Window Set-Up.xlsx,255 Pitt Street L16&17 Door and Window Set-Up.xlsx,.xlsx,1401262,2026-07-27 10:42:43,2026-05-18 19:06:12,Projects,High,knowledge/sources/projects/
DOC-01560,knowledge_inbox\projects\2605\255_pitt_street_level_16_and_level_17\setup\255 Pitt Street L16&17 Elemental Checklist.xlsx,255 Pitt Street L16&17 Elemental Checklist.xlsx,.xlsx,116221,2026-07-27 10:42:43,2025-07-25 08:42:52,Projects,High,knowledge/sources/projects/
DOC-01561,knowledge_inbox\projects\2605\255_pitt_street_level_16_and_level_17\setup\255 Pitt Street L16&17 Excel to CostX Workbook.xlsx,255 Pitt Street L16&17 Excel to CostX Workbook.xlsx,.xlsx,22648,2026-07-27 10:42:43,2024-11-13 08:31:21,Projects,High,knowledge/sources/projects/
DOC-01562,knowledge_inbox\projects\2605\255_pitt_street_level_16_and_level_17\setup\255 Pitt Street L16&17 FFE Description Set Up.xlsx,255 Pitt Street L16&17 FFE Description Set Up.xlsx,.xlsx,35644,2026-07-27 10:42:43,2026-05-15 14:36:07,Projects,High,knowledge/sources/projects/
DOC-01563,knowledge_inbox\projects\2605\255_pitt_street_level_16_and_level_17\setup\255 Pitt Street L16&17 Items to Check.xlsx,255 Pitt Street L16&17 Items to Check.xlsx,.xlsx,15614,2026-07-27 10:42:44,2024-12-05 22:31:14,Projects,High,knowledge/sources/projects/
DOC-01564,knowledge_inbox\projects\2605\255_pitt_street_level_16_and_level_17\setup\255 Pitt Street L16&17 Joinery Setup.xlsx,255 Pitt Street L16&17 Joinery Setup.xlsx,.xlsx,20434,2026-07-27 10:42:44,2026-05-19 12:11:25,Projects,High,knowledge/sources/projects/
DOC-01565,knowledge_inbox\projects\2605\255_pitt_street_level_16_and_level_17\setup\Structural Concrete - Reinforcement by Measure 170426.xlsx,Structural Concrete - Reinforcement by Measure 170426.xlsx,.xlsx,559995,2026-07-27 10:42:44,2026-04-17 12:11:11,Projects,High,knowledge/sources/projects/
DOC-01566,knowledge_inbox\projects\2605\255_pitt_street_level_16_and_level_17\setup\Structural Steel Program 09012024.xlsx,Structural Steel Program 09012024.xlsx,.xlsx,648473,2026-07-27 10:42:44,2024-08-16 08:06:49,Projects,High,knowledge/sources/projects/
DOC-01567,knowledge_inbox\projects\2605\albion_hotel\bulkcheck\Albion Hotel Bulk Check.xlsx,Albion Hotel Bulk Check.xlsx,.xlsx,104923,2026-07-27 10:38:06,2026-06-01 19:14:13,Projects,High,knowledge/sources/projects/
DOC-01568,knowledge_inbox\projects\2605\albion_hotel\checklist\Albion Hotel Checklist.xlsx,Albion Hotel Checklist.xlsx,.xlsx,1351586,2026-07-27 10:38:03,2026-06-04 05:49:55,Projects,High,knowledge/sources/projects/
DOC-01569,"knowledge_inbox\projects\2605\albion_hotel\documents\0. Architectural, Addendum, Appendix 2 and Appendix 3 Combined.pdf","0. Architectural, Addendum, Appendix 2 and Appendix 3 Combined.pdf",.pdf,225307320,2026-07-27 10:37:55,2026-05-25 08:54:00,Projects,High,knowledge/sources/projects/
DOC-01570,knowledge_inbox\projects\2605\albion_hotel\documents\0. Landscape Combined.pdf,0. Landscape Combined.pdf,.pdf,5868008,2026-07-27 10:37:58,2026-05-28 15:45:02,Projects,High,knowledge/sources/projects/
DOC-01571,knowledge_inbox\projects\2605\albion_hotel\documents\0. Schedule Combined.pdf,0. Schedule Combined.pdf,.pdf,63190768,2026-07-27 10:37:58,2026-05-25 06:24:26,Projects,High,knowledge/sources/projects/
DOC-01572,knowledge_inbox\projects\2605\albion_hotel\documents\0. Specification Combined.pdf,0. Specification Combined.pdf,.pdf,417822,2026-07-27 10:37:59,2026-05-25 06:25:19,Projects,High,knowledge/sources/projects/
DOC-01573,knowledge_inbox\projects\2605\albion_hotel\documents\0. Structural Combined.pdf,0. Structural Combined.pdf,.pdf,14625423,2026-07-27 10:37:59,2026-05-21 16:45:02,Projects,High,knowledge/sources/projects/
DOC-01574,knowledge_inbox\projects\2605\albion_hotel\documents\0. Updated Architectural + Addendum Combined 05262026.pdf,0. Updated Architectural + Addendum Combined 05262026.pdf,.pdf,101111023,2026-07-27 10:38:00,2026-05-26 11:03:45,Projects,High,knowledge/sources/projects/
DOC-01575,knowledge_inbox\projects\2605\albion_hotel\documents\20 Smith St Tender RFI Schedule_260525.pdf,20 Smith St Tender RFI Schedule_260525.pdf,.pdf,182380,2026-07-27 10:37:55,2026-06-02 17:50:37,Projects,High,knowledge/sources/projects/
DOC-01576,knowledge_inbox\projects\2605\albion_hotel\documents\260518 20 Smith St - TENDER PACKAGE - DRAFT.pdf,260518 20 Smith St - TENDER PACKAGE - DRAFT.pdf,.pdf,19903197,2026-07-27 10:37:55,2026-05-19 06:43:36,Projects,High,knowledge/sources/projects/
DOC-01577,knowledge_inbox\projects\2605\albion_hotel\documents\reports\1. 025-224492_20SmithSt_Parramatta_BCA Report_R01_Draft.pdf,1. 025-224492_20SmithSt_Parramatta_BCA Report_R01_Draft.pdf,.pdf,2000920,2026-07-27 10:39:56,2026-05-19 06:43:35,Projects,High,knowledge/sources/projects/
DOC-01578,knowledge_inbox\projects\2605\albion_hotel\documents\reports\20 Smith Street Parramatta_CDWMP_20241212_Fe_FINAL ISSUE.pdf,20 Smith Street Parramatta_CDWMP_20241212_Fe_FINAL ISSUE.pdf,.pdf,483249,2026-07-27 10:40:37,2026-05-19 06:43:39,Projects,High,knowledge/sources/projects/
DOC-01579,knowledge_inbox\projects\2605\albion_hotel\documents\reports\20 Smith Street Parramatta_OWMP_20241212_FINAL ISSUE.pdf,20 Smith Street Parramatta_OWMP_20241212_FINAL ISSUE.pdf,.pdf,1831089,2026-07-27 10:40:37,2026-05-19 06:43:39,Projects,High,knowledge/sources/projects/
DOC-01580,knowledge_inbox\projects\2605\albion_hotel\documents\reports\241204_let_5755_20_smith_st_tis_final.pdf,241204_let_5755_20_smith_st_tis_final.pdf,.pdf,1252971,2026-07-27 10:40:40,2026-05-19 06:43:39,Projects,High,knowledge/sources/projects/
DOC-01581,knowledge_inbox\projects\2605\albion_hotel\documents\reports\2503123-SUR05-001-A.pdf,2503123-SUR05-001-A.pdf,.pdf,3941595,2026-07-27 10:40:27,2026-05-19 06:43:39,Projects,High,knowledge/sources/projects/
DOC-01582,knowledge_inbox\projects\2605\albion_hotel\documents\reports\260225 20 Smith Street parramatta Investigation Report.pdf,260225 20 Smith Street parramatta Investigation Report.pdf,.pdf,6442292,2026-07-27 10:41:17,2026-05-19 06:43:43,Projects,High,knowledge/sources/projects/
DOC-01583,knowledge_inbox\projects\2605\albion_hotel\documents\reports\260317 20 Smith Street parramatta Investigation Report (COMBINED).pdf,260317 20 Smith Street parramatta Investigation Report (COMBINED).pdf,.pdf,9911242,2026-07-27 10:41:17,2026-05-19 06:43:43,Projects,High,knowledge/sources/projects/
DOC-01584,knowledge_inbox\projects\2605\albion_hotel\documents\reports\260317 20 Smith Street parramatta Investigation Report.pdf,260317 20 Smith Street parramatta Investigation Report.pdf,.pdf,6190168,2026-07-27 10:41:17,2026-05-19 06:43:43,Projects,High,knowledge/sources/projects/
DOC-01585,knowledge_inbox\projects\2605\albion_hotel\documents\reports\260326 20 Smith St L1.pdf,260326 20 Smith St L1.pdf,.pdf,2131337,2026-07-27 10:41:17,2026-05-19 06:43:43,Projects,High,knowledge/sources/projects/
DOC-01586,knowledge_inbox\projects\2605\albion_hotel\documents\reports\260411 20 Smith St L1.pdf,260411 20 Smith St L1.pdf,.pdf,2125178,2026-07-27 10:41:17,2026-05-19 06:43:43,Projects,High,knowledge/sources/projects/
DOC-01587,knowledge_inbox\projects\2605\albion_hotel\documents\reports\260420 20 Smith St S03 P1.pdf,260420 20 Smith St S03 P1.pdf,.pdf,1180210,2026-07-27 10:41:17,2026-05-19 06:43:43,Projects,High,knowledge/sources/projects/
DOC-01588,knowledge_inbox\projects\2605\albion_hotel\documents\reports\260512_NCC 2022 Section J J1V3 Report_20 Smith St.pdf,260512_NCC 2022 Section J J1V3 Report_20 Smith St.pdf,.pdf,12285658,2026-07-27 10:40:04,2026-05-19 06:43:36,Projects,High,knowledge/sources/projects/
DOC-01589,knowledge_inbox\projects\2605\albion_hotel\documents\reports\8151_Ex. STW Tank Survey_HPA Review - 26.02.12.pdf,8151_Ex. STW Tank Survey_HPA Review - 26.02.12.pdf,.pdf,4063517,2026-07-27 10:40:27,2026-05-19 06:43:39,Projects,High,knowledge/sources/projects/
DOC-01590,knowledge_inbox\projects\2605\albion_hotel\documents\reports\Appendix 5 - Amended Acoustic Report.pdf,Appendix 5 - Amended Acoustic Report.pdf,.pdf,2609117,2026-07-27 10:39:40,2026-05-19 06:43:26,Projects,High,knowledge/sources/projects/
DOC-01591,knowledge_inbox\projects\2605\albion_hotel\documents\reports\arch combined.pdf,arch combined.pdf,.pdf,26971848,2026-07-27 10:41:17,2026-05-19 06:43:43,Projects,High,knowledge/sources/projects/
DOC-01592,knowledge_inbox\projects\2605\albion_hotel\documents\reports\CGC0044 - AIA - 20 Smith Street Parramatta.pdf,CGC0044 - AIA - 20 Smith Street Parramatta.pdf,.pdf,5365622,2026-07-27 10:39:51,2026-05-19 06:43:27,Projects,High,knowledge/sources/projects/
DOC-01593,knowledge_inbox\projects\2605\albion_hotel\documents\reports\ltr_5755_260313_20_smith_st_rev_a.pdf,ltr_5755_260313_20_smith_st_rev_a.pdf,.pdf,887541,2026-07-27 10:40:41,2026-05-19 06:43:39,Projects,High,knowledge/sources/projects/
DOC-01594,knowledge_inbox\projects\2605\albion_hotel\documents\reports\Pages from 260317 20 Smith Street parramatta Investigation Report_TTW Comments.pdf,Pages from 260317 20 Smith Street parramatta Investigation Report_TTW Comments.pdf,.pdf,2410217,2026-07-27 10:41:17,2026-05-19 06:43:43,Projects,High,knowledge/sources/projects/
DOC-01595,knowledge_inbox\projects\2605\albion_hotel\documents\reports\struct combined.pdf,struct combined.pdf,.pdf,12890485,2026-07-27 10:41:17,2026-05-19 06:43:43,Projects,High,knowledge/sources/projects/
DOC-01596,knowledge_inbox\projects\2605\albion_hotel\documents\Tendering\20 Smith St & Albion Hotel Tender Brief 260518.docx,20 Smith St & Albion Hotel Tender Brief 260518.docx,.docx,163201,2026-07-27 10:39:20,2026-05-19 06:43:26,Projects,High,knowledge/sources/projects/
DOC-01597,knowledge_inbox\projects\2605\albion_hotel\documents\Tendering\Albion Hotel Returnable Schedules.xlsx,Albion Hotel Returnable Schedules.xlsx,.xlsx,29626,2026-07-27 10:39:20,2026-05-19 06:43:26,Projects,High,knowledge/sources/projects/
DOC-01598,knowledge_inbox\projects\2605\albion_hotel\exports\Albion Hotel - Masterfile 05062026.CBX,Albion Hotel - Masterfile 05062026.CBX,.cbx,115453288,2026-07-27 10:36:43,2026-06-05 12:04:22,Projects,High,knowledge/sources/projects/
DOC-01599,knowledge_inbox\projects\2605\albion_hotel\exports\Albion Hotel - Masterfile 05062026.xlsx,Albion Hotel - Masterfile 05062026.xlsx,.xlsx,257563,2026-07-27 10:36:44,2026-06-05 11:59:53,Projects,High,knowledge/sources/projects/
DOC-01600,knowledge_inbox\projects\2605\albion_hotel\queries\Albion Hotel Queries 25052026 (SUBMITTED).docx,Albion Hotel Queries 25052026 (SUBMITTED).docx,.docx,168560,2026-07-27 10:38:23,2026-05-25 08:14:59,Projects,High,knowledge/sources/projects/
DOC-01601,knowledge_inbox\projects\2605\albion_hotel\queries\Albion Hotel Queries 27052026 (SUBMITTED).docx,Albion Hotel Queries 27052026 (SUBMITTED).docx,.docx,440846,2026-07-27 10:38:23,2026-05-28 00:50:30,Projects,High,knowledge/sources/projects/
DOC-01602,knowledge_inbox\projects\2605\albion_hotel\queries\Albion Hotel Queries 28052026 (SUBMITTED).docx,Albion Hotel Queries 28052026 (SUBMITTED).docx,.docx,485041,2026-07-27 10:38:23,2026-05-28 18:24:27,Projects,High,knowledge/sources/projects/
DOC-01603,knowledge_inbox\projects\2605\albion_hotel\setup\Albion Hotel Door and Window Set-Up.xlsx,Albion Hotel Door and Window Set-Up.xlsx,.xlsx,1404629,2026-07-27 10:38:11,2026-06-01 16:29:00,Projects,High,knowledge/sources/projects/
DOC-01604,knowledge_inbox\projects\2605\albion_hotel\setup\Albion Hotel Door Set-Up.csv,Albion Hotel Door Set-Up.csv,.csv,48316,2026-07-27 10:38:11,2026-05-29 16:54:30,Projects,High,knowledge/sources/projects/
DOC-01605,knowledge_inbox\projects\2605\albion_hotel\setup\Albion Hotel Elemental Checklist.xlsx,Albion Hotel Elemental Checklist.xlsx,.xlsx,116288,2026-07-27 10:38:11,2026-05-19 06:48:52,Projects,High,knowledge/sources/projects/
DOC-01606,knowledge_inbox\projects\2605\albion_hotel\setup\Albion Hotel Excel to CostX Workbook.xlsx,Albion Hotel Excel to CostX Workbook.xlsx,.xlsx,22648,2026-07-27 10:38:11,2024-11-13 08:31:21,Projects,High,knowledge/sources/projects/
DOC-01607,knowledge_inbox\projects\2605\albion_hotel\setup\Albion Hotel FFE Description Set Up.xlsx,Albion Hotel FFE Description Set Up.xlsx,.xlsx,35633,2026-07-27 10:38:11,2026-05-25 23:19:34,Projects,High,knowledge/sources/projects/
DOC-01608,knowledge_inbox\projects\2605\albion_hotel\setup\Albion Hotel Items to Check.xlsx,Albion Hotel Items to Check.xlsx,.xlsx,15614,2026-07-27 10:38:11,2024-12-05 22:31:14,Projects,High,knowledge/sources/projects/
DOC-01609,knowledge_inbox\projects\2605\albion_hotel\setup\Albion Hotel Joinery Setup.xlsx,Albion Hotel Joinery Setup.xlsx,.xlsx,29359,2026-07-27 10:38:11,2024-08-16 08:12:42,Projects,High,knowledge/sources/projects/
DOC-01610,knowledge_inbox\projects\2605\albion_hotel\setup\Albion Hotel Window Set-Up.csv,Albion Hotel Window Set-Up.csv,.csv,45794,2026-07-27 10:38:11,2026-05-29 16:59:27,Projects,High,knowledge/sources/projects/
DOC-01611,knowledge_inbox\projects\2605\albion_hotel\setup\Structural Concrete - Reinforcement by Measure 170426.xlsx,Structural Concrete - Reinforcement by Measure 170426.xlsx,.xlsx,559995,2026-07-27 10:38:11,2026-04-17 12:11:11,Projects,High,knowledge/sources/projects/
DOC-01612,knowledge_inbox\projects\2605\albion_hotel\setup\Structural Steel Program 09012024.xlsx,Structural Steel Program 09012024.xlsx,.xlsx,650125,2026-07-27 10:38:12,2026-05-28 23:12:59,Projects,High,knowledge/sources/projects/
DOC-01613,knowledge_inbox\projects\2605\forestway_shopping_centre_expansion\bulkcheck\Forestway Shopping Centre Expansion Bulk Check.xlsx,Forestway Shopping Centre Expansion Bulk Check.xlsx,.xlsx,117034,2026-07-27 10:27:56,2026-05-22 22:48:02,Projects,High,knowledge/sources/projects/
DOC-01614,knowledge_inbox\projects\2605\forestway_shopping_centre_expansion\checklist\Forestway Shopping Centre Expansion Checklist Addendum 2.xlsx,Forestway Shopping Centre Expansion Checklist Addendum 2.xlsx,.xlsx,2706817,2026-07-27 10:27:51,2026-06-04 17:02:58,Projects,High,knowledge/sources/projects/
DOC-01615,knowledge_inbox\projects\2605\forestway_shopping_centre_expansion\checklist\Forestway Shopping Centre Expansion Checklist.xlsx,Forestway Shopping Centre Expansion Checklist.xlsx,.xlsx,2707421,2026-07-27 10:27:54,2026-06-03 14:54:22,Projects,High,knowledge/sources/projects/
DOC-01616,knowledge_inbox\projects\2605\forestway_shopping_centre_expansion\documents\0. Architectural Addendum 2 Combined.pdf,0. Architectural Addendum 2 Combined.pdf,.pdf,84017848,2026-07-27 10:28:12,2026-05-28 19:55:13,Projects,High,knowledge/sources/projects/
DOC-01617,knowledge_inbox\projects\2605\forestway_shopping_centre_expansion\documents\0. Architectural Combined.pdf,0. Architectural Combined.pdf,.pdf,294313412,2026-07-27 10:28:13,2026-04-24 17:47:28,Projects,High,knowledge/sources/projects/
DOC-01618,knowledge_inbox\projects\2605\forestway_shopping_centre_expansion\documents\0. Door Schedule Combined.pdf,0. Door Schedule Combined.pdf,.pdf,542889,2026-07-27 10:28:16,2026-05-12 15:23:26,Projects,High,knowledge/sources/projects/
DOC-01619,knowledge_inbox\projects\2605\forestway_shopping_centre_expansion\documents\0. Landscape Combined - Addendum.pdf,0. Landscape Combined - Addendum.pdf,.pdf,12180059,2026-07-27 10:28:16,2026-05-22 10:16:21,Projects,High,knowledge/sources/projects/
DOC-01620,knowledge_inbox\projects\2605\forestway_shopping_centre_expansion\documents\0. Queries Response.pdf,0. Queries Response.pdf,.pdf,163089,2026-07-27 10:28:16,2026-05-21 15:17:45,Projects,High,knowledge/sources/projects/
DOC-01621,knowledge_inbox\projects\2605\forestway_shopping_centre_expansion\documents\0. Schedule Addendum 2 Combined.pdf,0. Schedule Addendum 2 Combined.pdf,.pdf,10051221,2026-07-27 10:28:09,2026-05-29 13:05:09,Projects,High,knowledge/sources/projects/
DOC-01622,knowledge_inbox\projects\2605\forestway_shopping_centre_expansion\documents\0. Schedule Combined.pdf,0. Schedule Combined.pdf,.pdf,7850466,2026-07-27 10:28:09,2026-05-07 21:25:18,Projects,High,knowledge/sources/projects/
DOC-01623,knowledge_inbox\projects\2605\forestway_shopping_centre_expansion\documents\0. Signage Combined.pdf,0. Signage Combined.pdf,.pdf,15752153,2026-07-27 10:28:09,2026-05-18 13:59:28,Projects,High,knowledge/sources/projects/
DOC-01624,knowledge_inbox\projects\2605\forestway_shopping_centre_expansion\documents\0. Structural Combined.pdf,0. Structural Combined.pdf,.pdf,79511611,2026-07-27 10:28:10,2026-05-23 01:33:29,Projects,High,knowledge/sources/projects/
DOC-01625,knowledge_inbox\projects\2605\forestway_shopping_centre_expansion\documents\Forestway - RFI Register - 002.pdf,Forestway - RFI Register - 002.pdf,.pdf,61046,2026-07-27 10:28:10,2026-05-27 09:13:19,Projects,High,knowledge/sources/projects/
DOC-01626,knowledge_inbox\projects\2605\forestway_shopping_centre_expansion\documents\Forestway Shopping Centre Expansion Client Queries 28052026.pdf,Forestway Shopping Centre Expansion Client Queries 28052026.pdf,.pdf,918183,2026-07-27 10:28:10,2026-05-29 14:18:34,Projects,High,knowledge/sources/projects/
DOC-01627,knowledge_inbox\projects\2605\forestway_shopping_centre_expansion\documents\Civil\0. Civil Addendum Combined.pdf,0. Civil Addendum Combined.pdf,.pdf,7210465,2026-07-27 10:28:10,2026-05-20 14:48:36,Projects,High,knowledge/sources/projects/
DOC-01628,knowledge_inbox\projects\2605\forestway_shopping_centre_expansion\documents\Civil\0. Civil External Forestway Combined.pdf,0. Civil External Forestway Combined.pdf,.pdf,30653414,2026-07-27 10:28:11,2026-04-24 17:49:23,Projects,High,knowledge/sources/projects/
DOC-01629,knowledge_inbox\projects\2605\forestway_shopping_centre_expansion\documents\Civil\0. Civil External Russel & Grace Avenue.pdf,0. Civil External Russel & Grace Avenue.pdf,.pdf,16186775,2026-07-27 10:28:11,2026-04-24 17:49:31,Projects,High,knowledge/sources/projects/
DOC-01630,knowledge_inbox\projects\2605\forestway_shopping_centre_expansion\documents\Civil\0. Civil Internal and Addendum Combined.pdf,0. Civil Internal and Addendum Combined.pdf,.pdf,29745000,2026-07-27 10:28:11,2026-05-22 17:00:14,Projects,High,knowledge/sources/projects/
DOC-01631,knowledge_inbox\projects\2605\forestway_shopping_centre_expansion\documents\Civil\Thumbs.db,Thumbs.db,.db,39424,2026-07-27 10:28:11,2026-05-22 14:55:09,Projects,High,knowledge/sources/projects/
DOC-01632,knowledge_inbox\projects\2605\forestway_shopping_centre_expansion\documents\reports\20260423AWA_R1_Tender_Acoustic_Specification.pdf,20260423AWA_R1_Tender_Acoustic_Specification.pdf,.pdf,1648197,2026-07-27 10:31:07,2026-04-24 17:54:07,Projects,High,knowledge/sources/projects/
DOC-01633,knowledge_inbox\projects\2605\forestway_shopping_centre_expansion\documents\reports\25536_NCC Upgrade Register.xlsx,25536_NCC Upgrade Register.xlsx,.xlsx,413220,2026-07-27 10:31:23,2026-04-24 17:54:06,Projects,High,knowledge/sources/projects/
DOC-01634,knowledge_inbox\projects\2605\forestway_shopping_centre_expansion\documents\reports\260023.0.1 - Document Transmittal - 22 April 2026.pdf,260023.0.1 - Document Transmittal - 22 April 2026.pdf,.pdf,189103,2026-07-27 10:31:18,2026-04-24 17:54:08,Projects,High,knowledge/sources/projects/
DOC-01635,knowledge_inbox\projects\2605\forestway_shopping_centre_expansion\documents\reports\260023.01FA - Construction Traffic Management Plan - 22 April 2026.pdf,260023.01FA - Construction Traffic Management Plan - 22 April 2026.pdf,.pdf,5063535,2026-07-27 10:31:18,2026-04-24 17:54:09,Projects,High,knowledge/sources/projects/
DOC-01636,knowledge_inbox\projects\2605\forestway_shopping_centre_expansion\documents\reports\BCA Assessment Report - Forestway Shopping Centre (r2).pdf,BCA Assessment Report - Forestway Shopping Centre (r2).pdf,.pdf,2245746,2026-07-27 10:31:23,2026-04-24 17:54:07,Projects,High,knowledge/sources/projects/
DOC-01637,"knowledge_inbox\projects\2605\forestway_shopping_centre_expansion\documents\reports\Environmental Site Assessment Review - 22 Forest Way, Frenches Forest.pdf","Environmental Site Assessment Review - 22 Forest Way, Frenches Forest.pdf",.pdf,23219305,2026-07-27 10:31:29,2026-04-24 17:54:04,Projects,High,knowledge/sources/projects/
DOC-01638,knowledge_inbox\projects\2605\forestway_shopping_centre_expansion\documents\reports\Notice_of_Determination.pdf,Notice_of_Determination.pdf,.pdf,940054,2026-07-27 10:31:41,2026-04-24 17:54:21,Projects,High,knowledge/sources/projects/
DOC-01639,knowledge_inbox\projects\2605\forestway_shopping_centre_expansion\documents\reports\PPSSNH-453 Determination and Statement of Reasons.pdf,PPSSNH-453 Determination and Statement of Reasons.pdf,.pdf,283741,2026-07-27 10:31:41,2026-04-24 17:54:22,Projects,High,knowledge/sources/projects/
DOC-01640,knowledge_inbox\projects\2605\forestway_shopping_centre_expansion\documents\reports\Report - Geotechnical Cover Letter.pdf,Report - Geotechnical Cover Letter.pdf,.pdf,164734,2026-07-27 10:31:33,2026-04-24 17:54:01,Projects,High,knowledge/sources/projects/
DOC-01641,"knowledge_inbox\projects\2605\forestway_shopping_centre_expansion\documents\reports\Report - Geotechnical Investigation Report - 22 Forest Way, Frenchs Forest.pdf","Report - Geotechnical Investigation Report - 22 Forest Way, Frenchs Forest.pdf",.pdf,8958351,2026-07-27 10:31:33,2026-04-24 17:54:02,Projects,High,knowledge/sources/projects/
DOC-01642,"knowledge_inbox\projects\2605\forestway_shopping_centre_expansion\documents\reports\Report - Preliminary Site Investigation - 22 Forest Way, Frenchs Forest.pdf","Report - Preliminary Site Investigation - 22 Forest Way, Frenchs Forest.pdf",.pdf,29613232,2026-07-27 10:31:29,2026-04-24 17:54:05,Projects,High,knowledge/sources/projects/
DOC-01643,knowledge_inbox\projects\2605\forestway_shopping_centre_expansion\documents\reports\Stamped_Plans.pdf,Stamped_Plans.pdf,.pdf,69576691,2026-07-27 10:31:42,2026-04-24 17:54:25,Projects,High,knowledge/sources/projects/
DOC-01644,knowledge_inbox\projects\2605\forestway_shopping_centre_expansion\documents\reports\Swept Path Testing - Grace Ave & Fitzpatrick Ave W Roundabout Concept (1).pdf,Swept Path Testing - Grace Ave & Fitzpatrick Ave W Roundabout Concept (1).pdf,.pdf,2333752,2026-07-27 10:31:18,2026-04-24 17:54:10,Projects,High,knowledge/sources/projects/
DOC-01645,knowledge_inbox\projects\2605\forestway_shopping_centre_expansion\documents\RFI\Forestway - RFI Register 001.pdf,Forestway - RFI Register 001.pdf,.pdf,37377,2026-07-27 10:29:55,2026-05-11 10:02:18,Projects,High,knowledge/sources/projects/
DOC-01646,knowledge_inbox\projects\2605\forestway_shopping_centre_expansion\documents\RFI\Queries Response.pdf,Queries Response.pdf,.pdf,163089,2026-07-27 10:30:21,2026-05-21 15:17:45,Projects,High,knowledge/sources/projects/
DOC-01647,knowledge_inbox\projects\2605\forestway_shopping_centre_expansion\documents\survey\89800 - Frenchs Forest - Service Location - ISSUE.pdf,89800 - Frenchs Forest - Service Location - ISSUE.pdf,.pdf,233692,2026-07-27 10:30:52,2026-04-24 17:53:11,Projects,High,knowledge/sources/projects/
DOC-01648,"knowledge_inbox\projects\2605\forestway_shopping_centre_expansion\documents\survey\Boundary Identification Survey - 22 Forest way, Fenchs Forest.pdf","Boundary Identification Survey - 22 Forest way, Fenchs Forest.pdf",.pdf,2205422,2026-07-27 10:30:53,2026-04-24 17:53:13,Projects,High,knowledge/sources/projects/
DOC-01649,knowledge_inbox\projects\2605\forestway_shopping_centre_expansion\documents\survey\HYD- E - SERVICES AND SURVEY-compressed.pdf,HYD- E - SERVICES AND SURVEY-compressed.pdf,.pdf,1753606,2026-07-27 10:30:53,2026-04-24 17:53:13,Projects,High,knowledge/sources/projects/
DOC-01650,knowledge_inbox\projects\2605\forestway_shopping_centre_expansion\documents\tendering\1. Forestway  - Tender Schedule 3.xlsx,1. Forestway  - Tender Schedule 3.xlsx,.xlsx,66556,2026-07-27 10:32:02,2026-04-24 17:47:16,Projects,High,knowledge/sources/projects/
DOC-01651,knowledge_inbox\projects\2605\forestway_shopping_centre_expansion\documents\tendering\20 Forestway - Principals Project Requirements -23.04.26.pdf,20 Forestway - Principals Project Requirements -23.04.26.pdf,.pdf,1596725,2026-07-27 10:32:07,2026-04-24 17:47:17,Projects,High,knowledge/sources/projects/
DOC-01652,knowledge_inbox\projects\2605\forestway_shopping_centre_expansion\documents\tendering\Forestway Tenancy Services Schedule (All Services).pdf,Forestway Tenancy Services Schedule (All Services).pdf,.pdf,242082,2026-07-27 10:32:17,2026-04-24 17:47:18,Projects,High,knowledge/sources/projects/
DOC-01653,knowledge_inbox\projects\2605\forestway_shopping_centre_expansion\documents\tendering\Revelop Design Guideline.pdf,Revelop Design Guideline.pdf,.pdf,288708,2026-07-27 10:32:11,2026-04-24 17:47:19,Projects,High,knowledge/sources/projects/
DOC-01654,knowledge_inbox\projects\2605\forestway_shopping_centre_expansion\earhworks\Forrestway Earthwork.bak,Forrestway Earthwork.bak,.bak,175799,2026-07-27 10:28:43,2026-05-21 10:37:34,Projects,High,knowledge/sources/projects/
DOC-01655,knowledge_inbox\projects\2605\forestway_shopping_centre_expansion\earhworks\Forrestway Earthwork.esw,Forrestway Earthwork.esw,.esw,590419,2026-07-27 10:28:43,2026-05-18 21:56:01,Projects,High,knowledge/sources/projects/
DOC-01656,knowledge_inbox\projects\2605\forestway_shopping_centre_expansion\earhworks\Forrestway Earthwork.esx,Forrestway Earthwork.esx,.esx,176848,2026-07-27 10:28:43,2026-05-21 17:36:02,Projects,High,knowledge/sources/projects/
DOC-01657,knowledge_inbox\projects\2605\forestway_shopping_centre_expansion\earhworks\FSCE - Doors and Windows.CBX,FSCE - Doors and Windows.CBX,.cbx,15605741,2026-07-27 10:28:43,2026-05-21 19:37:25,Projects,High,knowledge/sources/projects/
DOC-01658,knowledge_inbox\projects\2605\forestway_shopping_centre_expansion\earhworks\FSCE - Structural Concrete.CBX,FSCE - Structural Concrete.CBX,.cbx,51067727,2026-07-27 10:28:44,2026-05-21 19:58:00,Projects,High,knowledge/sources/projects/
DOC-01659,knowledge_inbox\projects\2605\forestway_shopping_centre_expansion\earhworks\FSCE - Wall Types.CBX,FSCE - Wall Types.CBX,.cbx,29584261,2026-07-27 10:28:44,2026-05-19 14:59:16,Projects,High,knowledge/sources/projects/
DOC-01660,knowledge_inbox\projects\2605\forestway_shopping_centre_expansion\exports\Forestway Shopping Centre Expansion - Addendum 2 03062026.CBX,Forestway Shopping Centre Expansion - Addendum 2 03062026.CBX,.cbx,414299044,2026-07-27 10:29:20,2026-06-04 00:47:30,Projects,High,knowledge/sources/projects/
DOC-01661,knowledge_inbox\projects\2605\forestway_shopping_centre_expansion\exports\Forestway Shopping Centre Expansion - Addendum 2 03062026.xlsx,Forestway Shopping Centre Expansion - Addendum 2 03062026.xlsx,.xlsx,41783,2026-07-27 10:29:24,2026-06-04 00:44:48,Projects,High,knowledge/sources/projects/
DOC-01662,knowledge_inbox\projects\2605\forestway_shopping_centre_expansion\exports\Forestway Shopping Centre Expansion - Masterfile 25052026.CBX,Forestway Shopping Centre Expansion - Masterfile 25052026.CBX,.cbx,389109252,2026-07-27 10:29:10,2026-05-25 10:06:48,Projects,High,knowledge/sources/projects/
DOC-01663,knowledge_inbox\projects\2605\forestway_shopping_centre_expansion\exports\Forestway Shopping Centre Expansion - Masterfile 25052026.xlsx,Forestway Shopping Centre Expansion - Masterfile 25052026.xlsx,.xlsx,327473,2026-07-27 10:29:06,2026-05-25 09:58:43,Projects,High,knowledge/sources/projects/
DOC-01664,knowledge_inbox\projects\2605\forestway_shopping_centre_expansion\exports\Forestway Shopping Centre Expansion - Masterfile 25052026PM.CBX,Forestway Shopping Centre Expansion - Masterfile 25052026PM.CBX,.cbx,389116694,2026-07-27 10:29:07,2026-05-25 17:24:08,Projects,High,knowledge/sources/projects/
DOC-01665,knowledge_inbox\projects\2605\forestway_shopping_centre_expansion\exports\Forestway Shopping Centre Expansion - Masterfile 25052026PM.xlsx,Forestway Shopping Centre Expansion - Masterfile 25052026PM.xlsx,.xlsx,328330,2026-07-27 10:29:10,2026-05-25 17:22:53,Projects,High,knowledge/sources/projects/
DOC-01666,knowledge_inbox\projects\2605\forestway_shopping_centre_expansion\queries\Forestway Shopping Centre Expansion Queries 06052026 (SUBMITTED).docx,Forestway Shopping Centre Expansion Queries 06052026 (SUBMITTED).docx,.docx,210785,2026-07-27 10:27:18,2026-05-06 15:41:38,Projects,High,knowledge/sources/projects/
DOC-01667,knowledge_inbox\projects\2605\forestway_shopping_centre_expansion\queries\Forestway Shopping Centre Expansion Queries 12052026 (SUBMITTED).docx,Forestway Shopping Centre Expansion Queries 12052026 (SUBMITTED).docx,.docx,224114,2026-07-27 10:27:18,2026-05-12 23:56:26,Projects,High,knowledge/sources/projects/
DOC-01668,knowledge_inbox\projects\2605\forestway_shopping_centre_expansion\queries\Forestway Shopping Centre Expansion Queries 18052026 (SUBMITTED).docx,Forestway Shopping Centre Expansion Queries 18052026 (SUBMITTED).docx,.docx,313259,2026-07-27 10:27:18,2026-05-18 14:22:09,Projects,High,knowledge/sources/projects/
DOC-01669,knowledge_inbox\projects\2605\forestway_shopping_centre_expansion\queries\Forestway Shopping Centre Expansion Queries 19052026 (SUBMITTED).docx,Forestway Shopping Centre Expansion Queries 19052026 (SUBMITTED).docx,.docx,963316,2026-07-27 10:27:18,2026-05-19 21:44:14,Projects,High,knowledge/sources/projects/
DOC-01670,knowledge_inbox\projects\2605\forestway_shopping_centre_expansion\queries\Forestway Shopping Centre Expansion Queries 20052026 (SUBMITTED).docx,Forestway Shopping Centre Expansion Queries 20052026 (SUBMITTED).docx,.docx,465684,2026-07-27 10:27:18,2026-05-20 14:03:38,Projects,High,knowledge/sources/projects/
DOC-01671,knowledge_inbox\projects\2605\forestway_shopping_centre_expansion\queries\Forestway Shopping Centre Expansion Queries 21052026 (SUBMITTED).docx,Forestway Shopping Centre Expansion Queries 21052026 (SUBMITTED).docx,.docx,1251052,2026-07-27 10:27:18,2026-05-21 23:11:51,Projects,High,knowledge/sources/projects/
DOC-01672,knowledge_inbox\projects\2605\forestway_shopping_centre_expansion\setup\Forestway Shopping Centre Expansion Door and Window Set-Up 1.xlsx,Forestway Shopping Centre Expansion Door and Window Set-Up 1.xlsx,.xlsx,1436441,2026-07-27 10:27:48,2026-05-20 17:04:22,Projects,High,knowledge/sources/projects/
DOC-01673,knowledge_inbox\projects\2605\forestway_shopping_centre_expansion\setup\Forestway Shopping Centre Expansion Door and Window Set-Up.xlsx,Forestway Shopping Centre Expansion Door and Window Set-Up.xlsx,.xlsx,1384420,2026-07-27 10:27:48,2026-05-08 23:01:22,Projects,High,knowledge/sources/projects/
DOC-01674,knowledge_inbox\projects\2605\forestway_shopping_centre_expansion\setup\Forestway Shopping Centre Expansion Elemental Checklist.xlsx,Forestway Shopping Centre Expansion Elemental Checklist.xlsx,.xlsx,116221,2026-07-27 10:27:48,2025-07-25 08:42:52,Projects,High,knowledge/sources/projects/
DOC-01675,knowledge_inbox\projects\2605\forestway_shopping_centre_expansion\setup\Forestway Shopping Centre Expansion Excel to CostX Workbook.xlsx,Forestway Shopping Centre Expansion Excel to CostX Workbook.xlsx,.xlsx,22648,2026-07-27 10:27:48,2024-11-13 08:31:21,Projects,High,knowledge/sources/projects/
DOC-01676,knowledge_inbox\projects\2605\forestway_shopping_centre_expansion\setup\Forestway Shopping Centre Expansion FFE Description Set Up.xlsx,Forestway Shopping Centre Expansion FFE Description Set Up.xlsx,.xlsx,32181,2026-07-27 10:27:48,2026-06-03 12:44:16,Projects,High,knowledge/sources/projects/
DOC-01677,knowledge_inbox\projects\2605\forestway_shopping_centre_expansion\setup\Forestway Shopping Centre Expansion Items to Check Template.xlsx,Forestway Shopping Centre Expansion Items to Check Template.xlsx,.xlsx,15614,2026-07-27 10:27:48,2024-12-05 22:31:14,Projects,High,knowledge/sources/projects/
DOC-01678,knowledge_inbox\projects\2605\forestway_shopping_centre_expansion\setup\Forestway Shopping Centre Expansion Joinery Setup.xlsx,Forestway Shopping Centre Expansion Joinery Setup.xlsx,.xlsx,29359,2026-07-27 10:27:48,2024-08-16 08:12:42,Projects,High,knowledge/sources/projects/
DOC-01679,knowledge_inbox\projects\2605\forestway_shopping_centre_expansion\setup\Structural Steel Program 09012024.xlsx,Structural Steel Program 09012024.xlsx,.xlsx,657370,2026-07-27 10:27:48,2026-05-19 19:51:48,Projects,High,knowledge/sources/projects/
DOC-01680,knowledge_inbox\projects\2605\st_maroun_college\bulkcheck\St Maroun College Bulk Check.xlsx,St Maroun College Bulk Check.xlsx,.xlsx,86740,2026-07-27 10:23:39,2026-05-06 14:43:42,Projects,High,knowledge/sources/projects/
DOC-01681,knowledge_inbox\projects\2605\st_maroun_college\checklist\St Maroun College Checklist.xlsx,St Maroun College Checklist.xlsx,.xlsx,1700051,2026-07-27 10:23:42,2026-05-06 14:35:42,Projects,High,knowledge/sources/projects/
DOC-01682,knowledge_inbox\projects\2605\st_maroun_college\documents\0. Architectural Combined.pdf,0. Architectural Combined.pdf,.pdf,22800216,2026-07-27 10:23:17,2026-05-05 10:25:11,Projects,High,knowledge/sources/projects/
DOC-01683,knowledge_inbox\projects\2605\st_maroun_college\documents\0. Door Schedule.pdf,0. Door Schedule.pdf,.pdf,962453,2026-07-27 10:23:17,2026-04-24 17:38:34,Projects,High,knowledge/sources/projects/
DOC-01684,knowledge_inbox\projects\2605\st_maroun_college\documents\0. FFE Schedule.pdf,0. FFE Schedule.pdf,.pdf,1212602,2026-07-27 10:23:17,2026-04-24 17:38:34,Projects,High,knowledge/sources/projects/
DOC-01685,knowledge_inbox\projects\2605\st_maroun_college\documents\0. Finishes Schedule.pdf,0. Finishes Schedule.pdf,.pdf,1188420,2026-07-27 10:23:17,2026-04-24 17:38:34,Projects,High,knowledge/sources/projects/
DOC-01686,knowledge_inbox\projects\2605\st_maroun_college\documents\A - Tender Conditions.pdf,A - Tender Conditions.pdf,.pdf,306601,2026-07-27 10:24:08,2026-04-24 17:38:33,Projects,High,knowledge/sources/projects/
DOC-01687,knowledge_inbox\projects\2605\st_maroun_college\documents\B - Tender Schedules.docx,B - Tender Schedules.docx,.docx,728642,2026-07-27 10:24:08,2026-04-24 17:38:33,Projects,High,knowledge/sources/projects/
DOC-01688,knowledge_inbox\projects\2605\st_maroun_college\documents\checklist\CC Checklist.docx,CC Checklist.docx,.docx,611337,2026-07-27 10:25:23,2026-04-24 17:38:39,Projects,High,knowledge/sources/projects/
DOC-01689,knowledge_inbox\projects\2605\st_maroun_college\documents\checklist\OC Checklist.docx,OC Checklist.docx,.docx,306558,2026-07-27 10:25:23,2026-04-24 17:38:39,Projects,High,knowledge/sources/projects/
DOC-01690,"knowledge_inbox\projects\2605\st_maroun_college\documents\geotech\2025-12-16 - Front of School, 11 Piles - AVBP.pdf","2025-12-16 - Front of School, 11 Piles - AVBP.pdf",.pdf,1598940,2026-07-27 10:24:47,2026-04-24 17:38:41,Projects,High,knowledge/sources/projects/
DOC-01691,knowledge_inbox\projects\2605\st_maroun_college\documents\geotech\2025-12-16 - Front of SchoolPad 1 & 2 - AVBP.pdf,2025-12-16 - Front of SchoolPad 1 & 2 - AVBP.pdf,.pdf,1656336,2026-07-27 10:24:47,2026-04-24 17:38:41,Projects,High,knowledge/sources/projects/
DOC-01692,knowledge_inbox\projects\2605\st_maroun_college\documents\geotech\2026.01.06 - Walkway Piles - Bearing Capacity Test.pdf,2026.01.06 - Walkway Piles - Bearing Capacity Test.pdf,.pdf,282718,2026-07-27 10:24:47,2026-04-24 17:38:41,Projects,High,knowledge/sources/projects/
DOC-01693,knowledge_inbox\projects\2605\st_maroun_college\documents\geotech\2026.01.06 - Wall 2 - Bearing Capacity Test.pdf,2026.01.06 - Wall 2 - Bearing Capacity Test.pdf,.pdf,265562,2026-07-27 10:24:47,2026-04-24 17:38:41,Projects,High,knowledge/sources/projects/
DOC-01694,knowledge_inbox\projects\2605\st_maroun_college\documents\geotech\34587PErpt Rev1 Marrickville.pdf,34587PErpt Rev1 Marrickville.pdf,.pdf,4699534,2026-07-27 10:24:47,2026-04-24 17:38:42,Projects,High,knowledge/sources/projects/
DOC-01695,knowledge_inbox\projects\2605\st_maroun_college\documents\geotech\GF2811-A Geotechnical Investigation.pdf,GF2811-A Geotechnical Investigation.pdf,.pdf,11920533,2026-07-27 10:24:47,2026-04-24 17:38:42,Projects,High,knowledge/sources/projects/
DOC-01696,knowledge_inbox\projects\2605\st_maroun_college\documents\reports\194 Wardell Rd Marrickville Report.pdf,194 Wardell Rd Marrickville Report.pdf,.pdf,231762,2026-07-27 10:25:46,2026-04-24 17:38:42,Projects,High,knowledge/sources/projects/
DOC-01697,knowledge_inbox\projects\2605\st_maroun_college\documents\reports\202203-Leaf Arch-St Maroun's-AIA-02670v3.pdf,202203-Leaf Arch-St Maroun's-AIA-02670v3.pdf,.pdf,3207998,2026-07-27 10:25:50,2026-04-24 17:38:39,Projects,High,knowledge/sources/projects/
DOC-01698,knowledge_inbox\projects\2605\st_maroun_college\documents\reports\20251217-251801 BCAR R1.0 Draft.pdf,20251217-251801 BCAR R1.0 Draft.pdf,.pdf,2870404,2026-07-27 10:26:33,2026-04-24 17:38:34,Projects,High,knowledge/sources/projects/
DOC-01699,knowledge_inbox\projects\2605\st_maroun_college\documents\reports\24530 - Sect J- St Marouns Hall Marrickville.pdf,24530 - Sect J- St Marouns Hall Marrickville.pdf,.pdf,5593000,2026-07-27 10:26:06,2026-04-24 17:38:37,Projects,High,knowledge/sources/projects/
DOC-01700,knowledge_inbox\projects\2605\st_maroun_college\documents\reports\BCA Report.pdf,BCA Report.pdf,.pdf,2060597,2026-07-27 10:25:40,2026-04-24 17:38:38,Projects,High,knowledge/sources/projects/
DOC-01701,knowledge_inbox\projects\2605\st_maroun_college\documents\reports\Biodiversity Impact Assessment.pdf,Biodiversity Impact Assessment.pdf,.pdf,42532021,2026-07-27 10:25:40,2026-04-24 17:38:38,Projects,High,knowledge/sources/projects/
DOC-01702,knowledge_inbox\projects\2605\st_maroun_college\documents\reports\Construction NoiseVibration.pdf,Construction NoiseVibration.pdf,.pdf,6229427,2026-07-27 10:25:35,2026-04-24 17:38:39,Projects,High,knowledge/sources/projects/
DOC-01703,knowledge_inbox\projects\2605\st_maroun_college\documents\reports\Disability Access Report.pdf,Disability Access Report.pdf,.pdf,1525818,2026-07-27 10:25:35,2026-04-24 17:38:39,Projects,High,knowledge/sources/projects/
DOC-01704,knowledge_inbox\projects\2605\st_maroun_college\documents\reports\For Information - Transmittal.pdf,For Information - Transmittal.pdf,.pdf,97917,2026-07-27 10:25:35,2026-04-24 17:38:39,Projects,High,knowledge/sources/projects/
DOC-01705,knowledge_inbox\projects\2605\st_maroun_college\documents\reports\Hazardous Building Materials Plan.pdf,Hazardous Building Materials Plan.pdf,.pdf,438112,2026-07-27 10:25:35,2026-04-24 17:38:39,Projects,High,knowledge/sources/projects/
DOC-01706,knowledge_inbox\projects\2605\st_maroun_college\documents\reports\Hazardous Building Materials Register.pdf,Hazardous Building Materials Register.pdf,.pdf,5090910,2026-07-27 10:25:35,2026-04-24 17:38:39,Projects,High,knowledge/sources/projects/
DOC-01707,knowledge_inbox\projects\2605\st_maroun_college\documents\reports\Heritage Impact Statement.pdf,Heritage Impact Statement.pdf,.pdf,2486876,2026-07-27 10:25:35,2026-04-24 17:38:39,Projects,High,knowledge/sources/projects/
DOC-01708,knowledge_inbox\projects\2605\st_maroun_college\documents\reports\Noise Impact Assessment.pdf,Noise Impact Assessment.pdf,.pdf,8174611,2026-07-27 10:25:35,2026-04-24 17:38:39,Projects,High,knowledge/sources/projects/
DOC-01709,knowledge_inbox\projects\2605\st_maroun_college\documents\survey\120057-1.pdf,120057-1.pdf,.pdf,549249,2026-07-27 10:24:59,2026-04-24 17:38:43,Projects,High,knowledge/sources/projects/
DOC-01710,knowledge_inbox\projects\2605\st_maroun_college\documents\survey\120057-2.pdf,120057-2.pdf,.pdf,363086,2026-07-27 10:24:59,2026-04-24 17:38:43,Projects,High,knowledge/sources/projects/
DOC-01711,knowledge_inbox\projects\2605\st_maroun_college\documents\survey\120057-3.pdf,120057-3.pdf,.pdf,346095,2026-07-27 10:24:59,2026-04-24 17:38:43,Projects,High,knowledge/sources/projects/
DOC-01712,knowledge_inbox\projects\2605\st_maroun_college\documents\survey\120257-2.dwg,120257-2.dwg,.dwg,2048640,2026-07-27 10:24:59,2026-04-24 17:38:43,Projects,High,knowledge/sources/projects/
DOC-01713,knowledge_inbox\projects\2605\st_maroun_college\documents\survey\20251128SUI PR - 194 Wardell Road Marrickville.pdf,20251128SUI PR - 194 Wardell Road Marrickville.pdf,.pdf,3736848,2026-07-27 10:24:59,2026-04-24 17:38:43,Projects,High,knowledge/sources/projects/
DOC-01714,knowledge_inbox\projects\2605\st_maroun_college\documents\survey\21413002-03.pdf,21413002-03.pdf,.pdf,1358035,2026-07-27 10:24:59,2026-04-24 17:38:43,Projects,High,knowledge/sources/projects/
DOC-01715,knowledge_inbox\projects\2605\st_maroun_college\documents\survey\21413007-04.dwg,21413007-04.dwg,.dwg,3417636,2026-07-27 10:24:59,2026-04-24 17:38:43,Projects,High,knowledge/sources/projects/
DOC-01716,knowledge_inbox\projects\2605\st_maroun_college\documents\survey\21413007-04.pdf,21413007-04.pdf,.pdf,5549010,2026-07-27 10:24:59,2026-04-24 17:38:43,Projects,High,knowledge/sources/projects/
DOC-01717,knowledge_inbox\projects\2605\st_maroun_college\documents\survey\ASP250576-LR-260825-DT.pdf,ASP250576-LR-260825-DT.pdf,.pdf,15518101,2026-07-27 10:24:59,2026-04-24 17:38:43,Projects,High,knowledge/sources/projects/
DOC-01718,knowledge_inbox\projects\2605\st_maroun_college\documents\survey\DA Survey.pdf,DA Survey.pdf,.pdf,2842752,2026-07-27 10:24:59,2026-04-24 17:38:43,Projects,High,knowledge/sources/projects/
DOC-01719,knowledge_inbox\projects\2605\st_maroun_college\documents\survey\Survey.pdf,Survey.pdf,.pdf,5688794,2026-07-27 10:24:59,2026-04-24 17:38:44,Projects,High,knowledge/sources/projects/
DOC-01720,knowledge_inbox\projects\2605\st_maroun_college\documents\tendering\2026-04-07 Amended AS4902-2000.docx,2026-04-07 Amended AS4902-2000.docx,.docx,2304288,2026-07-27 10:24:27,2026-04-24 17:38:33,Projects,High,knowledge/sources/projects/
DOC-01721,knowledge_inbox\projects\2605\st_maroun_college\documents\tendering\A - Tender Conditions.pdf,A - Tender Conditions.pdf,.pdf,306601,2026-07-27 10:24:19,2026-04-24 17:38:33,Projects,High,knowledge/sources/projects/
DOC-01722,knowledge_inbox\projects\2605\st_maroun_college\documents\tendering\B - Tender Schedules.docx,B - Tender Schedules.docx,.docx,728642,2026-07-27 10:24:19,2026-04-24 17:38:33,Projects,High,knowledge/sources/projects/
DOC-01723,knowledge_inbox\projects\2605\st_maroun_college\documents\tendering\Preliminaries.pdf,Preliminaries.pdf,.pdf,387409,2026-07-27 10:24:27,2026-04-24 17:38:33,Projects,High,knowledge/sources/projects/
DOC-01724,knowledge_inbox\projects\2605\st_maroun_college\documents\tendering\Principal's Project Requirements.pdf,Principal's Project Requirements.pdf,.pdf,1256555,2026-07-27 10:24:27,2026-04-24 17:38:33,Projects,High,knowledge/sources/projects/
DOC-01725,knowledge_inbox\projects\2605\st_maroun_college\documents\tendering\St Marouns CC & OC Responsibility Matrix.xlsx,St Marouns CC & OC Responsibility Matrix.xlsx,.xlsx,476804,2026-07-27 10:24:00,2026-04-24 17:38:33,Projects,High,knowledge/sources/projects/
DOC-01726,knowledge_inbox\projects\2605\st_maroun_college\setup\St Maroun College Door and Window Set-Up.xlsx,St Maroun College Door and Window Set-Up.xlsx,.xlsx,1388337,2026-07-27 10:23:45,2025-05-29 07:54:50,Projects,High,knowledge/sources/projects/
DOC-01727,knowledge_inbox\projects\2605\st_maroun_college\setup\St Maroun College Elemental Checklist.xlsx,St Maroun College Elemental Checklist.xlsx,.xlsx,116221,2026-07-27 10:23:45,2025-07-25 08:42:52,Projects,High,knowledge/sources/projects/
DOC-01728,knowledge_inbox\projects\2605\st_maroun_college\setup\St Maroun College Excel to CostX Workbook.xlsx,St Maroun College Excel to CostX Workbook.xlsx,.xlsx,22648,2026-07-27 10:23:45,2024-11-13 08:31:21,Projects,High,knowledge/sources/projects/
DOC-01729,knowledge_inbox\projects\2605\st_maroun_college\setup\St Maroun College FFE Description Set Up.xlsx,St Maroun College FFE Description Set Up.xlsx,.xlsx,26619,2026-07-27 10:23:45,2025-03-03 15:18:23,Projects,High,knowledge/sources/projects/
DOC-01730,knowledge_inbox\projects\2605\st_maroun_college\setup\St Maroun College Items to Check Template.xlsx,St Maroun College Items to Check Template.xlsx,.xlsx,15614,2026-07-27 10:23:45,2024-12-05 22:31:14,Projects,High,knowledge/sources/projects/
DOC-01731,knowledge_inbox\projects\2605\st_maroun_college\setup\St Maroun College Joinery Setup.xlsx,St Maroun College Joinery Setup.xlsx,.xlsx,29359,2026-07-27 10:23:45,2024-08-16 08:12:42,Projects,High,knowledge/sources/projects/
DOC-01732,knowledge_inbox\projects\2605\st_maroun_college\setup\Structural Concrete - Reinforcement by Measure 170426.xlsx,Structural Concrete - Reinforcement by Measure 170426.xlsx,.xlsx,559995,2026-07-27 10:23:46,2026-04-17 12:11:11,Projects,High,knowledge/sources/projects/
DOC-01733,knowledge_inbox\projects\2605\st_maroun_college\setup\Structural Steel Program 09012024.xlsx,Structural Steel Program 09012024.xlsx,.xlsx,649652,2026-07-27 10:23:46,2026-05-06 14:09:10,Projects,High,knowledge/sources/projects/
DOC-01734,knowledge_inbox\projects\2605\unsw_g25\bulkcheck\UNSW G25 Bulk Check.xlsx,UNSW G25 Bulk Check.xlsx,.xlsx,85472,2026-07-27 10:21:46,2024-06-17 21:03:00,Projects,High,knowledge/sources/projects/
DOC-01735,knowledge_inbox\projects\2605\unsw_g25\checklist\UNSW G25 Checklist.xlsx,UNSW G25 Checklist.xlsx,.xlsx,1156584,2026-07-27 10:21:35,2026-05-15 00:02:36,Projects,High,knowledge/sources/projects/
DOC-01736,knowledge_inbox\projects\2605\unsw_g25\documents\0. Architectural Drawing Changes by issue date.pdf,0. Architectural Drawing Changes by issue date.pdf,.pdf,163293,2026-07-27 10:21:27,2026-05-11 16:07:47,Projects,High,knowledge/sources/projects/
DOC-01737,knowledge_inbox\projects\2605\unsw_g25\documents\0. Revised Documents Architectural Combined.pdf,0. Revised Documents Architectural Combined.pdf,.pdf,359427691,2026-07-27 10:21:22,2026-05-06 19:33:16,Projects,High,knowledge/sources/projects/
DOC-01738,knowledge_inbox\projects\2605\unsw_g25\documents\0. Structural Combined New.pdf,0. Structural Combined New.pdf,.pdf,74773897,2026-07-27 10:21:25,2026-05-07 09:00:34,Projects,High,knowledge/sources/projects/
DOC-01739,knowledge_inbox\projects\2605\unsw_g25\documents\0. Structural Combined Original.pdf,0. Structural Combined Original.pdf,.pdf,69112471,2026-07-27 10:21:26,2026-05-07 08:32:15,Projects,High,knowledge/sources/projects/
DOC-01740,knowledge_inbox\projects\2605\unsw_g25\documents\Architectural Drawing Changes by issue date.xlsx,Architectural Drawing Changes by issue date.xlsx,.xlsx,43128,2026-07-27 10:20:26,2026-05-05 12:35:20,Projects,High,knowledge/sources/projects/
DOC-01741,knowledge_inbox\projects\2605\unsw_g25\exports\A - G25 UNSW Main Works.exf,A - G25 UNSW Main Works.exf,.exf,369382430,2026-07-27 10:18:22,2026-05-05 12:34:06,Projects,High,knowledge/sources/projects/
DOC-01742,knowledge_inbox\projects\2605\unsw_g25\exports\A - UNSW G25 - Masterfile 14052026.exf,A - UNSW G25 - Masterfile 14052026.exf,.exf,222542224,2026-07-27 10:20:07,2026-07-27 10:20:07,Projects,High,knowledge/sources/projects/
DOC-01743,knowledge_inbox\projects\2605\unsw_g25\exports\A - UNSW G25 Masterfile 14052026.xlsX,A - UNSW G25 Masterfile 14052026.xlsX,.xlsx,44051,2026-07-27 10:20:53,2026-07-27 10:20:53,Projects,High,knowledge/sources/projects/
DOC-01744,knowledge_inbox\projects\2605\unsw_g25\setup\Structural Concrete - Reinforcement by Measure 170426.xlsx,Structural Concrete - Reinforcement by Measure 170426.xlsx,.xlsx,559995,2026-07-27 10:22:01,2026-04-17 12:11:11,Projects,High,knowledge/sources/projects/
DOC-01745,knowledge_inbox\projects\2605\unsw_g25\setup\Structural Steel Program 09012024.xlsx,Structural Steel Program 09012024.xlsx,.xlsx,650376,2026-07-27 10:22:01,2026-05-13 22:57:30,Projects,High,knowledge/sources/projects/
DOC-01746,knowledge_inbox\projects\2605\unsw_g25\setup\UNSW G25 Door and Window Set-Up.xlsx,UNSW G25 Door and Window Set-Up.xlsx,.xlsx,1388337,2026-07-27 10:22:01,2025-05-29 07:54:50,Projects,High,knowledge/sources/projects/
DOC-01747,knowledge_inbox\projects\2605\unsw_g25\setup\UNSW G25 Elemental Checklist.xlsx,UNSW G25 Elemental Checklist.xlsx,.xlsx,116282,2026-07-27 10:22:01,2026-05-05 13:01:54,Projects,High,knowledge/sources/projects/
DOC-01748,knowledge_inbox\projects\2605\unsw_g25\setup\UNSW G25 Excel to CostX Workbook.xlsx,UNSW G25 Excel to CostX Workbook.xlsx,.xlsx,22648,2026-07-27 10:22:01,2024-11-13 08:31:21,Projects,High,knowledge/sources/projects/
DOC-01749,knowledge_inbox\projects\2605\unsw_g25\setup\UNSW G25 FFE Description Set Up.xlsx,UNSW G25 FFE Description Set Up.xlsx,.xlsx,26619,2026-07-27 10:22:01,2025-03-03 15:18:23,Projects,High,knowledge/sources/projects/
DOC-01750,knowledge_inbox\projects\2605\unsw_g25\setup\UNSW G25 Items to Check.xlsx,UNSW G25 Items to Check.xlsx,.xlsx,15614,2026-07-27 10:22:01,2024-12-05 22:31:14,Projects,High,knowledge/sources/projects/
DOC-01751,knowledge_inbox\projects\2605\unsw_g25\setup\UNSW G25 Joinery Setup.xlsx,UNSW G25 Joinery Setup.xlsx,.xlsx,29359,2026-07-27 10:22:01,2024-08-16 08:12:42,Projects,High,knowledge/sources/projects/
DOC-01752,knowledge_inbox\projects\2606\levande_bulimba_stage_01\bulkcheck\Levande Bulimba Stage 01 Bulk Check.xlsx,Levande Bulimba Stage 01 Bulk Check.xlsx,.xlsx,128597,2026-07-27 10:11:07,2026-07-22 16:02:10,Projects,High,knowledge/sources/projects/
DOC-01753,knowledge_inbox\projects\2606\levande_bulimba_stage_01\checklist\Levande Bulimba Stage 01 Checklist.xlsx,Levande Bulimba Stage 01 Checklist.xlsx,.xlsx,1564597,2026-07-27 10:11:10,2026-07-27 06:06:07,Projects,High,knowledge/sources/projects/
DOC-01754,knowledge_inbox\projects\2606\levande_bulimba_stage_01\documents\0. Architectural Combined - Dhanrick.pdf,0. Architectural Combined - Dhanrick.pdf,.pdf,104721037,2026-06-24 09:11:51,2026-07-07 08:41:26,Projects,High,knowledge/sources/projects/
DOC-01755,knowledge_inbox\projects\2606\levande_bulimba_stage_01\documents\0. Landscape Combined - Dhanrick.pdf,0. Landscape Combined - Dhanrick.pdf,.pdf,22232819,2026-06-30 11:11:20,2026-07-07 14:33:26,Projects,High,knowledge/sources/projects/
DOC-01756,knowledge_inbox\projects\2606\levande_bulimba_stage_01\documents\0. Mechanical Combined.pdf,0. Mechanical Combined.pdf,.pdf,47567777,2026-07-27 10:10:01,2026-06-19 09:03:29,Projects,High,knowledge/sources/projects/
DOC-01757,knowledge_inbox\projects\2606\levande_bulimba_stage_01\documents\0. Structural Combined - Dhanrick.pdf,0. Structural Combined - Dhanrick.pdf,.pdf,7977181,2026-06-24 09:11:51,2026-07-24 12:36:40,Projects,High,knowledge/sources/projects/
DOC-01758,knowledge_inbox\projects\2606\levande_bulimba_stage_01\documents\00 Arch Combo 70% - Dhanrick.pdf,00 Arch Combo 70% - Dhanrick.pdf,.pdf,105474301,2026-06-19 08:38:26,2026-06-25 10:27:08,Projects,High,knowledge/sources/projects/
DOC-01759,knowledge_inbox\projects\2606\levande_bulimba_stage_01\documents\00 Interior Combo.pdf,00 Interior Combo.pdf,.pdf,27708567,2026-07-27 10:10:27,2026-07-07 14:24:04,Projects,High,knowledge/sources/projects/
DOC-01760,knowledge_inbox\projects\2606\levande_bulimba_stage_01\documents\260605_Levande_Bulimba_Landscape_70%_Draft_Tender.pdf,260605_Levande_Bulimba_Landscape_70%_Draft_Tender.pdf,.pdf,22216805,2026-07-27 10:09:50,2026-06-29 09:08:51,Projects,High,knowledge/sources/projects/
DOC-01761,knowledge_inbox\projects\2606\levande_bulimba_stage_01\documents\BE250564-91_LYTTON_ROAD-_B2-STR-70-WIP - Dhanrick.pdf,BE250564-91_LYTTON_ROAD-_B2-STR-70-WIP - Dhanrick.pdf,.pdf,2165758,2026-06-19 08:38:46,2026-06-25 10:27:14,Projects,High,knowledge/sources/projects/
DOC-01762,knowledge_inbox\projects\2606\levande_bulimba_stage_01\documents\BE250564-91_LYTTON_ROAD-_C2-STR-70-WIP - Dhanrick.pdf,BE250564-91_LYTTON_ROAD-_C2-STR-70-WIP - Dhanrick.pdf,.pdf,1974250,2026-06-19 08:39:35,2026-06-25 10:27:17,Projects,High,knowledge/sources/projects/
DOC-01763,knowledge_inbox\projects\2606\levande_bulimba_stage_01\documents\BE250564-91_LYTTON_ROAD-_D2-70-WIP - Dhanrick.pdf,BE250564-91_LYTTON_ROAD-_D2-70-WIP - Dhanrick.pdf,.pdf,2467033,2026-06-19 08:39:35,2026-06-17 13:46:39,Projects,High,knowledge/sources/projects/
DOC-01764,knowledge_inbox\projects\2606\levande_bulimba_stage_01\documents\BE250564-STD_NOTES_&_DETAILS-STR-70-WIP - Dhanrick.pdf,BE250564-STD_NOTES_&_DETAILS-STR-70-WIP - Dhanrick.pdf,.pdf,1041932,2026-06-19 08:39:35,2026-06-17 13:46:39,Projects,High,knowledge/sources/projects/
DOC-01765,knowledge_inbox\projects\2606\levande_bulimba_stage_01\documents\Civil Combined - Dhanrick.pdf,Civil Combined - Dhanrick.pdf,.pdf,11783112,2026-07-03 09:33:15,2026-07-06 14:33:18,Projects,High,knowledge/sources/projects/
DOC-01766,knowledge_inbox\projects\2606\levande_bulimba_stage_01\documents\LB - Structural Concrete.exf,LB - Structural Concrete.exf,.exf,19759620,2026-07-07 07:49:00,2026-07-07 07:49:00,Projects,High,knowledge/sources/projects/
DOC-01767,knowledge_inbox\projects\2606\levande_bulimba_stage_01\documents\Levande Bulimba Stage 01 details.txt,Levande Bulimba Stage 01 details.txt,.txt,532,2026-06-19 08:44:55,2026-06-19 09:23:53,Projects,High,knowledge/sources/projects/
DOC-01768,knowledge_inbox\projects\2606\levande_bulimba_stage_01\documents\Reinforcement_Indicative_Rates-70-WIP - Dhanrick.pdf,Reinforcement_Indicative_Rates-70-WIP - Dhanrick.pdf,.pdf,33182,2026-06-19 08:39:35,2026-06-17 13:46:39,Projects,High,knowledge/sources/projects/
DOC-01769,knowledge_inbox\projects\2606\levande_bulimba_stage_01\exports\Levande Bulimba Stage 01 - Masterfile 22072026.exf,Levande Bulimba Stage 01 - Masterfile 22072026.exf,.exf,179380793,2026-07-27 10:14:59,2026-07-27 10:14:59,Projects,High,knowledge/sources/projects/
DOC-01770,knowledge_inbox\projects\2606\levande_bulimba_stage_01\exports\Levande Bulimba Stage 01 - Masterfile 22072026.xlsX,Levande Bulimba Stage 01 - Masterfile 22072026.xlsX,.xlsx,269503,2026-07-27 10:15:38,2026-07-27 10:15:38,Projects,High,knowledge/sources/projects/
DOC-01771,knowledge_inbox\projects\2606\levande_bulimba_stage_01\geotech\1099332.1000-ENG-RPT-001v1.1_Optimized.pdf,1099332.1000-ENG-RPT-001v1.1_Optimized.pdf,.pdf,11252372,2026-07-27 10:09:33,2026-06-17 13:46:53,Projects,High,knowledge/sources/projects/
DOC-01772,knowledge_inbox\projects\2606\levande_bulimba_stage_01\geotech\1099332.1000-ENG-RPT-001v1.2_Optimized.pdf,1099332.1000-ENG-RPT-001v1.2_Optimized.pdf,.pdf,9899591,2026-07-27 10:09:33,2026-06-17 13:46:53,Projects,High,knowledge/sources/projects/
DOC-01773,knowledge_inbox\projects\2606\levande_bulimba_stage_01\revit\2025073-JT-STAGE_01-SHT-AR-24.rvt,2025073-JT-STAGE_01-SHT-AR-24.rvt,.rvt,574930944,2026-07-27 10:10:33,2026-06-17 13:46:43,Projects,High,knowledge/sources/projects/
DOC-01774,knowledge_inbox\projects\2606\levande_bulimba_stage_01\setup\Levande Bulimba Stage 01 Door and Window Set-Up.xlsx,Levande Bulimba Stage 01 Door and Window Set-Up.xlsx,.xlsx,171962,2026-07-27 10:11:39,2026-07-01 19:37:53,Projects,High,knowledge/sources/projects/
DOC-01775,knowledge_inbox\projects\2606\levande_bulimba_stage_01\setup\Levande Bulimba Stage 01 Elemental Checklist.xlsx,Levande Bulimba Stage 01 Elemental Checklist.xlsx,.xlsx,116355,2026-07-27 10:11:39,2026-06-17 13:50:16,Projects,High,knowledge/sources/projects/
DOC-01776,knowledge_inbox\projects\2606\levande_bulimba_stage_01\setup\Levande Bulimba Stage 01 Excel to CostX Workbook.xlsx,Levande Bulimba Stage 01 Excel to CostX Workbook.xlsx,.xlsx,22648,2026-07-27 10:11:39,2024-11-13 08:31:21,Projects,High,knowledge/sources/projects/
DOC-01777,knowledge_inbox\projects\2606\levande_bulimba_stage_01\setup\Levande Bulimba Stage 01 FFE Description Set Up.xlsx,Levande Bulimba Stage 01 FFE Description Set Up.xlsx,.xlsx,26619,2026-07-27 10:11:39,2025-03-03 15:18:23,Projects,High,knowledge/sources/projects/
DOC-01778,knowledge_inbox\projects\2606\levande_bulimba_stage_01\setup\Levande Bulimba Stage 01 Items to Check.xlsx,Levande Bulimba Stage 01 Items to Check.xlsx,.xlsx,15614,2026-07-27 10:11:39,2024-12-05 22:31:14,Projects,High,knowledge/sources/projects/
DOC-01779,knowledge_inbox\projects\2606\levande_bulimba_stage_01\setup\Levande Bulimba Stage 01 Joinery Setup.xlsx,Levande Bulimba Stage 01 Joinery Setup.xlsx,.xlsx,77976,2026-07-27 10:11:39,2026-07-16 21:13:38,Projects,High,knowledge/sources/projects/
DOC-01780,knowledge_inbox\projects\2606\levande_bulimba_stage_01\setup\Structural Concrete - Reinforcement by Measure 170426.xlsx,Structural Concrete - Reinforcement by Measure 170426.xlsx,.xlsx,559995,2026-07-27 10:11:39,2026-04-17 12:11:11,Projects,High,knowledge/sources/projects/
DOC-01781,knowledge_inbox\projects\2606\levande_bulimba_stage_01\setup\Structural Steel Program 09012024.xlsx,Structural Steel Program 09012024.xlsx,.xlsx,648473,2026-07-27 10:11:39,2024-08-16 08:06:49,Projects,High,knowledge/sources/projects/
DOC-01782,knowledge_inbox\projects\2607\bansktown_warehouse\bulkcheck\Bankstown Warehouse Bulk Check.xlsx,Bankstown Warehouse Bulk Check.xlsx,.xlsx,65183,2026-07-27 10:04:19,2026-07-24 13:55:07,Projects,High,knowledge/sources/projects/
DOC-01783,knowledge_inbox\projects\2607\bansktown_warehouse\checklist\Bankstown Warehouse Checklist.xlsx,Bankstown Warehouse Checklist.xlsx,.xlsx,3150556,2026-07-27 10:04:04,2026-07-24 14:45:31,Projects,High,knowledge/sources/projects/
DOC-01784,knowledge_inbox\projects\2607\bansktown_warehouse\documents\0. Architectural Combined - Dhanrick.pdf,0. Architectural Combined - Dhanrick.pdf,.pdf,37105169,2026-07-27 10:03:24,2026-07-16 10:46:03,Projects,High,knowledge/sources/projects/
DOC-01785,knowledge_inbox\projects\2607\bansktown_warehouse\documents\0. Civil Combine - Dhanrick.pdf,0. Civil Combine - Dhanrick.pdf,.pdf,10374706,2026-07-27 10:03:24,2026-07-16 10:46:03,Projects,High,knowledge/sources/projects/
DOC-01786,knowledge_inbox\projects\2607\bansktown_warehouse\documents\0. Contamination - Report.pdf,0. Contamination - Report.pdf,.pdf,20596782,2026-07-27 10:04:33,2026-07-24 00:14:00,Projects,High,knowledge/sources/projects/
DOC-01787,knowledge_inbox\projects\2607\bansktown_warehouse\documents\0. Geotech Report - Dhanrick.pdf,0. Geotech Report - Dhanrick.pdf,.pdf,16453360,2026-07-27 10:03:24,2026-07-16 10:46:04,Projects,High,knowledge/sources/projects/
DOC-01788,knowledge_inbox\projects\2607\bansktown_warehouse\documents\0. Structural Combined - Dhanrick.pdf,0. Structural Combined - Dhanrick.pdf,.pdf,11800949,2026-07-27 10:03:24,2026-07-24 12:37:47,Projects,High,knowledge/sources/projects/
DOC-01789,knowledge_inbox\projects\2607\bansktown_warehouse\documents\0. Survey Report - Dhanrick.pdf,0. Survey Report - Dhanrick.pdf,.pdf,730541,2026-07-27 10:03:24,2026-07-16 10:46:05,Projects,High,knowledge/sources/projects/
DOC-01790,knowledge_inbox\projects\2607\bansktown_warehouse\documents\Airport - Airport Impact Assessment - B24289AL002Rev1.pdf,Airport - Airport Impact Assessment - B24289AL002Rev1.pdf,.pdf,21133745,2026-07-27 10:05:41,2026-07-24 00:14:00,Projects,High,knowledge/sources/projects/
DOC-01791,"knowledge_inbox\projects\2607\bansktown_warehouse\documents\Hydraulic - BNMA0228_Proposed Industrial Development, Bankstown - Hydraulic Drawings [2].pdf","Hydraulic - BNMA0228_Proposed Industrial Development, Bankstown - Hydraulic Drawings [2].pdf",.pdf,12613736,2026-07-27 10:05:35,2026-07-24 00:15:00,Projects,High,knowledge/sources/projects/
DOC-01792,"knowledge_inbox\projects\2607\bansktown_warehouse\documents\Hydraulic - BNMA0228_Proposed Industrial Development, Bankstown - Hydraulic Specification [1].pdf","Hydraulic - BNMA0228_Proposed Industrial Development, Bankstown - Hydraulic Specification [1].pdf",.pdf,883341,2026-07-27 10:05:35,2026-07-24 00:15:00,Projects,High,knowledge/sources/projects/
DOC-01793,knowledge_inbox\projects\2607\bansktown_warehouse\documents\tendering\10NELD - Appendix 2 Form of Tender.pdf,10NELD - Appendix 2 Form of Tender.pdf,.pdf,342984,2026-07-27 10:06:07,2026-07-24 00:14:00,Projects,High,knowledge/sources/projects/
DOC-01794,knowledge_inbox\projects\2607\bansktown_warehouse\documents\tendering\10NELD - Appendix 3 Draft Contract.pdf,10NELD - Appendix 3 Draft Contract.pdf,.pdf,1236562,2026-07-27 10:06:07,2026-07-24 00:14:00,Projects,High,knowledge/sources/projects/
DOC-01795,knowledge_inbox\projects\2607\bansktown_warehouse\documents\tendering\10NELD - Appendix 4 Tender PPR.pdf,10NELD - Appendix 4 Tender PPR.pdf,.pdf,1718833,2026-07-27 10:06:07,2026-07-24 00:14:00,Projects,High,knowledge/sources/projects/
DOC-01796,knowledge_inbox\projects\2607\bansktown_warehouse\documents\tendering\10NELD - Terms of Tendering - 260715.pdf,10NELD - Terms of Tendering - 260715.pdf,.pdf,255072,2026-07-27 10:06:07,2026-07-24 00:14:00,Projects,High,knowledge/sources/projects/
DOC-01797,knowledge_inbox\projects\2607\bansktown_warehouse\earhworks\1. Existing Elevation.PNG,1. Existing Elevation.PNG,.png,133555,2026-07-27 10:07:47,2026-07-17 14:27:48,Projects,High,knowledge/sources/projects/
DOC-01798,knowledge_inbox\projects\2607\bansktown_warehouse\earhworks\2. Design Elevation.PNG,2. Design Elevation.PNG,.png,172993,2026-07-27 10:07:47,2026-07-17 14:28:09,Projects,High,knowledge/sources/projects/
DOC-01799,knowledge_inbox\projects\2607\bansktown_warehouse\earhworks\3. Subgrade Elevation.PNG,3. Subgrade Elevation.PNG,.png,178801,2026-07-27 10:07:47,2026-07-17 14:28:37,Projects,High,knowledge/sources/projects/
DOC-01800,knowledge_inbox\projects\2607\bansktown_warehouse\earhworks\Bankstown Warehouse Earthworks.bak,Bankstown Warehouse Earthworks.bak,.bak,200356,2026-07-27 10:07:47,2026-07-17 14:35:10,Projects,High,knowledge/sources/projects/
DOC-01801,knowledge_inbox\projects\2607\bansktown_warehouse\earhworks\Bankstown Warehouse Earthworks.esx,Bankstown Warehouse Earthworks.esx,.esx,200356,2026-07-27 10:07:47,2026-07-17 14:47:50,Projects,High,knowledge/sources/projects/
DOC-01802,knowledge_inbox\projects\2607\bansktown_warehouse\earhworks\Bankstown Warehouse Earthworks.xlsx,Bankstown Warehouse Earthworks.xlsx,.xlsx,10600,2026-07-27 10:07:47,2026-07-17 14:30:24,Projects,High,knowledge/sources/projects/
DOC-01803,knowledge_inbox\projects\2607\bansktown_warehouse\queries\Bankstown Warehouse Queries 17072026 (SUBMITTED).docx,Bankstown Warehouse Queries 17072026 (SUBMITTED).docx,.docx,476152,2026-07-27 10:03:48,2026-07-20 08:50:39,Projects,High,knowledge/sources/projects/
DOC-01804,knowledge_inbox\projects\2607\bansktown_warehouse\queries\Bankstown Warehouse Queries 24072026.docx,Bankstown Warehouse Queries 24072026.docx,.docx,251794,2026-07-27 10:03:48,2026-07-24 09:41:07,Projects,High,knowledge/sources/projects/
DOC-01805,knowledge_inbox\projects\2607\bansktown_warehouse\queries\Bankstown Warehouse Queries 27072026.docx,Bankstown Warehouse Queries 27072026.docx,.docx,331143,2026-07-27 10:03:48,2026-07-27 09:41:41,Projects,High,knowledge/sources/projects/
DOC-01806,knowledge_inbox\projects\2607\bansktown_warehouse\setup\Bankstown Warehouse Door and Window Set-Up.xlsx,Bankstown Warehouse Door and Window Set-Up.xlsx,.xlsx,1334564,2026-07-27 10:12:05,2026-07-21 22:56:33,Projects,High,knowledge/sources/projects/
DOC-01807,knowledge_inbox\projects\2607\bansktown_warehouse\setup\Bankstown Warehouse Elemental Checklist.xlsx,Bankstown Warehouse Elemental Checklist.xlsx,.xlsx,92275,2026-07-27 10:12:05,2026-07-16 14:37:41,Projects,High,knowledge/sources/projects/
DOC-01808,knowledge_inbox\projects\2607\bansktown_warehouse\setup\Bankstown Warehouse Excel to CostX Workbook.xlsx,Bankstown Warehouse Excel to CostX Workbook.xlsx,.xlsx,22648,2026-07-27 10:12:05,2024-11-13 08:31:21,Projects,High,knowledge/sources/projects/
DOC-01809,knowledge_inbox\projects\2607\bansktown_warehouse\setup\Bankstown Warehouse FFE Description Set Up.xlsx,Bankstown Warehouse FFE Description Set Up.xlsx,.xlsx,36768,2026-07-27 10:12:05,2026-07-17 14:43:46,Projects,High,knowledge/sources/projects/
DOC-01810,knowledge_inbox\projects\2607\bansktown_warehouse\setup\Bankstown Warehouse Items to Check.xlsx,Bankstown Warehouse Items to Check.xlsx,.xlsx,15614,2026-07-27 10:12:05,2024-12-05 22:31:14,Projects,High,knowledge/sources/projects/
DOC-01811,knowledge_inbox\projects\2607\bansktown_warehouse\setup\Bankstown Warehouse Joinery Setup.xlsx,Bankstown Warehouse Joinery Setup.xlsx,.xlsx,42448,2026-07-27 10:12:05,2026-07-21 14:44:25,Projects,High,knowledge/sources/projects/
DOC-01812,knowledge_inbox\projects\2607\bansktown_warehouse\setup\Structural Concrete - Reinforcement by Measure 170426.xlsx,Structural Concrete - Reinforcement by Measure 170426.xlsx,.xlsx,559995,2026-07-27 10:12:05,2026-04-17 12:11:11,Projects,High,knowledge/sources/projects/
DOC-01813,knowledge_inbox\projects\2607\bansktown_warehouse\setup\Structural Steel Program 09012024 (WH1).xlsx,Structural Steel Program 09012024 (WH1).xlsx,.xlsx,655475,2026-07-27 10:12:05,2026-07-21 11:29:15,Projects,High,knowledge/sources/projects/
DOC-01814,knowledge_inbox\projects\2607\bansktown_warehouse\setup\Structural Steel Program 09012024.xlsx,Structural Steel Program 09012024.xlsx,.xlsx,616828,2026-07-27 10:12:05,2026-07-20 08:48:09,Projects,High,knowledge/sources/projects/
DOC-01815,knowledge_inbox\specifications\CCC_Civil_Works_Specification_-2-_Construction_2020-07-10.pdf,CCC_Civil_Works_Specification_-2-_Construction_2020-07-10.pdf,.pdf,2083199,2026-07-27 19:10:09,2026-07-27 19:10:12,Specifications,High,knowledge/sources/specifications/
DOC-01816,knowledge_inbox\specifications\civil-works-specification.pdf,civil-works-specification.pdf,.pdf,1846522,2026-07-27 19:05:13,2026-07-27 19:05:17,Specifications,High,knowledge/sources/specifications/
DOC-01817,knowledge_inbox\specifications\cover_page_index_-_specifications_for_civil_works.pdf,cover_page_index_-_specifications_for_civil_works.pdf,.pdf,39685,2026-07-27 19:05:00,2026-07-27 19:05:03,Specifications,High,knowledge/sources/specifications/
DOC-01818,knowledge_inbox\specifications\List_of_Standard_Drawings.pdf,List_of_Standard_Drawings.pdf,.pdf,45481,2026-07-27 19:05:25,2026-07-27 19:05:30,Specifications,High,knowledge/sources/specifications/
DOC-01819,knowledge_inbox\specifications\SD0100-soil-and-water-management-series.pdf,SD0100-soil-and-water-management-series.pdf,.pdf,14616515,2026-07-27 19:09:57,2026-07-27 19:10:01,Specifications,High,knowledge/sources/specifications/
DOC-01820,knowledge_inbox\specifications\SD0200-earthworks-series.pdf,SD0200-earthworks-series.pdf,.pdf,10107076,2026-07-27 19:09:27,2026-07-27 19:09:30,Specifications,High,knowledge/sources/specifications/
DOC-01821,knowledge_inbox\specifications\SD0300-pavement-series.pdf,SD0300-pavement-series.pdf,.pdf,2775283,2026-07-27 19:09:16,2026-07-27 19:09:22,Specifications,High,knowledge/sources/specifications/
DOC-01822,knowledge_inbox\specifications\SD0400-stormwater-drainage-series.pdf,SD0400-stormwater-drainage-series.pdf,.pdf,20865873,2026-07-27 19:08:52,2026-07-27 19:09:00,Specifications,High,knowledge/sources/specifications/
DOC-01823,knowledge_inbox\specifications\SD0500-kerb-and-channel-series.pdf,SD0500-kerb-and-channel-series.pdf,.pdf,22670493,2026-07-27 19:08:03,2026-07-27 19:08:06,Specifications,High,knowledge/sources/specifications/
DOC-01824,knowledge_inbox\specifications\SD0600-pedestrian-and-cyclist-series.pdf,SD0600-pedestrian-and-cyclist-series.pdf,.pdf,26391885,2026-07-27 19:07:51,2026-07-27 19:07:56,Specifications,High,knowledge/sources/specifications/
DOC-01825,knowledge_inbox\specifications\SD0700-fence-series.pdf,SD0700-fence-series.pdf,.pdf,6493798,2026-07-27 19:07:40,2026-07-27 19:07:44,Specifications,High,knowledge/sources/specifications/
DOC-01826,knowledge_inbox\specifications\SD0800-pavement-restoration-series.pdf,SD0800-pavement-restoration-series.pdf,.pdf,3614687,2026-07-27 19:07:28,2026-07-27 19:07:33,Specifications,High,knowledge/sources/specifications/
DOC-01827,knowledge_inbox\specifications\SD0900-traffic-management-series.pdf,SD0900-traffic-management-series.pdf,.pdf,27191161,2026-07-27 19:07:05,2026-07-27 19:07:21,Specifications,High,knowledge/sources/specifications/
DOC-01828,knowledge_inbox\specifications\SD1000-landscape-series.pdf,SD1000-landscape-series.pdf,.pdf,25351642,2026-07-27 19:05:39,2026-07-27 19:05:53,Specifications,High,knowledge/sources/specifications/
DOC-01829,knowledge_inbox\specifications\section_10_-_road_pavement_construction.pdf,section_10_-_road_pavement_construction.pdf,.pdf,139276,2026-07-27 19:01:28,2026-07-27 19:01:31,Specifications,High,knowledge/sources/specifications/
DOC-01830,knowledge_inbox\specifications\section_11_-_hot_asphalt_surfacing.pdf,section_11_-_hot_asphalt_surfacing.pdf,.pdf,170326,2026-07-27 19:01:17,2026-07-27 19:01:22,Specifications,High,knowledge/sources/specifications/
DOC-01831,knowledge_inbox\specifications\section_12_-_sprayed_bituminous_surfacing.pdf,section_12_-_sprayed_bituminous_surfacing.pdf,.pdf,148515,2026-07-27 19:00:04,2026-07-27 19:00:06,Specifications,High,knowledge/sources/specifications/
DOC-01832,knowledge_inbox\specifications\section_13_-_signs_furniture_fencing_guide_posts_and_guardrails.pdf,section_13_-_signs_furniture_fencing_guide_posts_and_guardrails.pdf,.pdf,190130,2026-07-27 18:59:50,2026-07-27 18:59:54,Specifications,High,knowledge/sources/specifications/
DOC-01833,knowledge_inbox\specifications\section_14_-_irrigation_design_and_construction.pdf,section_14_-_irrigation_design_and_construction.pdf,.pdf,60972,2026-07-27 18:59:29,2026-07-27 18:59:32,Specifications,High,knowledge/sources/specifications/
DOC-01834,knowledge_inbox\specifications\section_15_-_landscape_works.pdf,section_15_-_landscape_works.pdf,.pdf,223440,2026-07-27 18:59:16,2026-07-27 18:59:19,Specifications,High,knowledge/sources/specifications/
DOC-01835,knowledge_inbox\specifications\section_16_-_in-situ_stabilisation_of_existing_pavement_materials.pdf,section_16_-_in-situ_stabilisation_of_existing_pavement_materials.pdf,.pdf,129000,2026-07-27 18:59:02,2026-07-27 18:59:04,Specifications,High,knowledge/sources/specifications/
DOC-01836,knowledge_inbox\specifications\section_17_-_in-situ_stabilisation_of_sub-grade.pdf,section_17_-_in-situ_stabilisation_of_sub-grade.pdf,.pdf,115234,2026-07-27 18:58:49,2026-07-27 18:58:51,Specifications,High,knowledge/sources/specifications/
DOC-01837,knowledge_inbox\specifications\section_18_-_bituminous_slurry_sealing.pdf,section_18_-_bituminous_slurry_sealing.pdf,.pdf,76251,2026-07-27 18:58:31,2026-07-27 18:58:36,Specifications,High,knowledge/sources/specifications/
DOC-01838,knowledge_inbox\specifications\section_1_-_contract_specific_clauses_and_schedules.pdf,section_1_-_contract_specific_clauses_and_schedules.pdf,.pdf,32813,2026-07-27 19:04:49,2026-07-27 19:04:51,Specifications,High,knowledge/sources/specifications/
DOC-01839,knowledge_inbox\specifications\section_2_-_general_clauses.pdf,section_2_-_general_clauses.pdf,.pdf,283303,2026-07-27 19:04:39,2026-07-27 19:04:42,Specifications,High,knowledge/sources/specifications/
DOC-01840,knowledge_inbox\specifications\section_3_-_clearing_and_grubbing.pdf,section_3_-_clearing_and_grubbing.pdf,.pdf,38173,2026-07-27 19:04:24,2026-07-27 19:04:35,Specifications,High,knowledge/sources/specifications/
DOC-01841,knowledge_inbox\specifications\section_4_-_earthworks.pdf,section_4_-_earthworks.pdf,.pdf,109145,2026-07-27 19:04:05,2026-07-27 19:04:14,Specifications,High,knowledge/sources/specifications/
DOC-01842,knowledge_inbox\specifications\section_5_-_stormwater_drains_and_pits.pdf,section_5_-_stormwater_drains_and_pits.pdf,.pdf,138131,2026-07-27 19:03:46,2026-07-27 19:03:50,Specifications,High,knowledge/sources/specifications/
DOC-01843,knowledge_inbox\specifications\section_6_-_concrete.pdf,section_6_-_concrete.pdf,.pdf,63752,2026-07-27 19:03:31,2026-07-27 19:03:37,Specifications,High,knowledge/sources/specifications/
DOC-01844,knowledge_inbox\specifications\section_7_-_concrete_kerb_and_channel.pdf,section_7_-_concrete_kerb_and_channel.pdf,.pdf,39887,2026-07-27 19:02:06,2026-07-27 19:02:10,Specifications,High,knowledge/sources/specifications/
DOC-01845,knowledge_inbox\specifications\section_8_-_footpath_pavement_construction.pdf,section_8_-_footpath_pavement_construction.pdf,.pdf,87958,2026-07-27 19:01:46,2026-07-27 19:01:49,Specifications,High,knowledge/sources/specifications/
DOC-01846,knowledge_inbox\specifications\section_9_-_linemarking.pdf,section_9_-_linemarking.pdf,.pdf,60511,2026-07-27 19:01:39,2026-07-27 19:01:42,Specifications,High,knowledge/sources/specifications/
DOC-01847,knowledge_inbox\standards\20103___code_of_coduct_for_queensland_councillors.pdf,20103___code_of_coduct_for_queensland_councillors.pdf,.pdf,469103,2026-07-27 19:12:14,2026-07-27 19:12:16,Standards,High,knowledge/sources/standards/
DOC-01848,knowledge_inbox\standards\brisbane-city-council-standard-drawings-bsd-series-5000-pedestrian-and-cyclist-facilities-complete-set.pdf,brisbane-city-council-standard-drawings-bsd-series-5000-pedestrian-and-cyclist-facilities-complete-set.pdf,.pdf,10116524,2026-07-27 19:10:20,2026-07-27 19:10:24,Standards,High,knowledge/sources/standards/
DOC-01849,knowledge_inbox\standards\brisbane-city-council-standard-drawings_bsd-series_3000 Traffic Management (Complete Set).pdf,brisbane-city-council-standard-drawings_bsd-series_3000 Traffic Management (Complete Set).pdf,.pdf,8332539,2026-07-27 19:10:34,2026-07-27 19:10:37,Standards,High,knowledge/sources/standards/
DOC-01850,knowledge_inbox\standards\Frequently Asked Questions Stormwater Design for Developments.pdf,Frequently Asked Questions Stormwater Design for Developments.pdf,.pdf,167846,2026-07-27 19:11:52,2026-07-27 19:11:55,Standards,High,knowledge/sources/standards/
DOC-01851,knowledge_inbox\standards\IDM_STANDARD_DRGS_SET_2020-03-24.pdf,IDM_STANDARD_DRGS_SET_2020-03-24.pdf,.pdf,3252978,2026-07-27 19:12:06,2026-07-27 19:12:08,Standards,High,knowledge/sources/standards/
DOC-01852,knowledge_inbox\standards\NCC 2025 Housing Provisions.pdf,NCC 2025 Housing Provisions.pdf,.pdf,62739557,2026-07-27 19:13:01,2026-07-27 19:13:13,Standards,High,knowledge/sources/standards/
DOC-01853,knowledge_inbox\standards\NCC 2025 Volume One.pdf,NCC 2025 Volume One.pdf,.pdf,61402817,2026-07-27 19:13:42,2026-07-27 19:13:48,Standards,High,knowledge/sources/standards/
DOC-01854,knowledge_inbox\standards\NCC 2025 Volume Three.pdf,NCC 2025 Volume Three.pdf,.pdf,29926155,2026-07-27 19:13:14,2026-07-27 19:13:19,Standards,High,knowledge/sources/standards/
DOC-01855,knowledge_inbox\standards\NCC 2025 Volume Two.pdf,NCC 2025 Volume Two.pdf,.pdf,28882620,2026-07-27 19:13:26,2026-07-27 19:13:29,Standards,High,knowledge/sources/standards/
DOC-01856,knowledge_inbox\standards\quality-assurance-of-design-2013-feb-2020.pdf,quality-assurance-of-design-2013-feb-2020.pdf,.pdf,108925,2026-07-27 19:11:20,2026-07-27 19:11:23,Standards,High,knowledge/sources/standards/
